
-- insert class_location
insert into class_location(id, name) values(uuid(),'HCM');
insert into class_location(id, name) values(uuid(),'HN');
insert into class_location(id, name) values(uuid(),'DN');

-- insert attendee_level
insert into attendee_level(id, name) values(uuid(), 'FRF');
insert into attendee_level(id, name) values(uuid(), 'FR');
insert into attendee_level(id, name) values(uuid(), 'CPL');
insert into attendee_level(id, name) values(uuid(), 'PFR');
insert into attendee_level(id, name) values(uuid(), 'CPLU');

-- insert format_type
insert into format_type(id, name) values(uuid(), 'Offline');
insert into format_type(id, name) values(uuid(), 'Online');
insert into format_type(id, name) values(uuid(), 'OJT');
insert into format_type(id, name) values(uuid(), 'Virtual Training');
insert into format_type(id, name) values(uuid(), 'Blended');

-- insert technical_group
insert into technical_group(id, name) values(uuid(), 'Java');
insert into technical_group(id, name) values(uuid(), '.NET');
insert into technical_group(id, name) values(uuid(), 'FE');
insert into technical_group(id, name) values(uuid(), 'Android');
insert into technical_group(id, name) values(uuid(), 'Angular');
insert into technical_group(id, name) values(uuid(), 'React');
insert into technical_group(id, name) values(uuid(), 'Embedded');
insert into technical_group(id, name) values(uuid(), 'Out System');
insert into technical_group(id, name) values(uuid(), 'Sharepoint');
insert into technical_group(id, name) values(uuid(), 'IOS');


-- insert program_content
insert into program_content(id, name) values(uuid(), 'JAVA');
insert into program_content(id, name) values(uuid(), 'NET');
insert into program_content(id, name) values(uuid(), 'FE');
insert into program_content(id, name) values(uuid(), 'Android');
insert into program_content(id, name) values(uuid(), 'Angular');
insert into program_content(id, name) values(uuid(), 'REACT');
insert into program_content(id, name) values(uuid(), 'PRN');
insert into program_content(id, name) values(uuid(), 'EMB');
insert into program_content(id, name) values(uuid(), 'OST');
insert into program_content(id, name) values(uuid(), 'SP');


-- insert class_status
insert into class_status(id, name) values(uuid(), 'Planning');
insert into class_status(id, name) values(uuid(), 'Closed');
insert into class_status(id, name) values(uuid(), 'Opening');
insert into class_status(id, name) values(uuid(), 'Ended');


insert into fsu(id, name) values(uuid(), 'FU');
insert into fsu(id, name) values(uuid(), 'FHM');
insert into fsu(id, name) values(uuid(), 'GAM');



INSERT INTO `authority`
VALUES ('1bfd2c0c-5042-11ed-bdc3-0242ac120002', 'NO_ACCESS', 'SYLLABUS')
     , ('2815056e-5042-11ed-bdc3-0242ac120002', 'NO_ACCESS', 'LEARNING_MATERIAL')
     , ('2a9b6440-5042-11ed-bdc3-0242ac120002', 'NO_ACCESS', 'CLASS')
     , ('30051fac-5042-11ed-bdc3-0242ac120002', 'NO_ACCESS', 'USER')
     , ('4f0b4f08-4dee-11ed-bdc3-0242ac120002', 'FULL_ACCESS', 'SYLLABUS')
     , ('59c30ff8-4dee-11ed-bdc3-0242ac120002', 'MODIFY', 'SYLLABUS')
     , ('61c642c4-4dee-11ed-bdc3-0242ac120002', 'CREATE', 'SYLLABUS')
     , ('67f0f02c-4dee-11ed-bdc3-0242ac120002', 'VIEW', 'SYLLABUS')
     , ('6d81e5e6-4dee-11ed-bdc3-0242ac120002', 'FULL_ACCESS', 'TRAINING_PROGRAM')
     , ('72213048-4dee-11ed-bdc3-0242ac120002', 'MODIFY', 'TRAINING_PROGRAM')
     , ('7948057c-4dee-11ed-bdc3-0242ac120002', 'CREATE', 'TRAINING_PROGRAM')
     , ('7e6b83e8-5042-11ed-bdc3-0242ac120002', 'NO_ACCESS', 'TRAINING_PROGRAM')
     , ('7e7076a6-4dee-11ed-bdc3-0242ac120002', 'VIEW', 'TRAINING_PROGRAM')
     , ('82feadd2-4dee-11ed-bdc3-0242ac120002', 'FULL_ACCESS', 'LEARNING_MATERIAL')
     , ('8948ed60-4dee-11ed-bdc3-0242ac120002', 'MODIFY', 'LEARNING_MATERIAL')
     , ('9aba981e-4dee-11ed-bdc3-0242ac120002', 'CREATE', 'LEARNING_MATERIAL')
     , ('a055e742-4dee-11ed-bdc3-0242ac120002', 'VIEW', 'LEARNING_MATERIAL')
     , ('a447f106-4dee-11ed-bdc3-0242ac120002', 'FULL_ACCESS', 'CLASS')
     , ('a7ed6d72-4dee-11ed-bdc3-0242ac120002', 'MODIFY', 'CLASS')
     , ('abd89c5e-4dee-11ed-bdc3-0242ac120002', 'CREATE', 'CLASS')
     , ('b04d483e-4dee-11ed-bdc3-0242ac120002', 'VIEW', 'CLASS')
     , ('b3ebfa26-4dee-11ed-bdc3-0242ac120002', 'FULL_ACCESS', 'USER')
     , ('b75c7bd6-4dee-11ed-bdc3-0242ac120002', 'MODIFY', 'USER')
     , ('ba8758a8-4dee-11ed-bdc3-0242ac120002', 'CREATE', 'USER')
     , ('bf6cbb74-4dee-11ed-bdc3-0242ac120002', 'VIEW', 'USER');

INSERT INTO `role`
VALUES ('4436720a-4def-11ed-bdc3-0242ac120002','SUPER_ADMIN')
                        ,('9821f52e-4def-11ed-bdc3-0242ac120002','TRAINER')
                        ,('9f64df36-4def-11ed-bdc3-0242ac120002','CLASS_ADMIN')
                        ,('a358a9e2-48a7-48ea-8f1b-93591130da1d','GUEST')
                        ,('b424387c-4def-11ed-bdc3-0242ac120002','STUDENT');


INSERT INTO `role_authority`
VALUES ('a358a9e2-48a7-48ea-8f1b-93591130da1d','1bfd2c0c-5042-11ed-bdc3-0242ac120002')
     ,('a358a9e2-48a7-48ea-8f1b-93591130da1d','2815056e-5042-11ed-bdc3-0242ac120002')
     ,('a358a9e2-48a7-48ea-8f1b-93591130da1d','2a9b6440-5042-11ed-bdc3-0242ac120002')
     ,('a358a9e2-48a7-48ea-8f1b-93591130da1d','30051fac-5042-11ed-bdc3-0242ac120002')
     ,('b424387c-4def-11ed-bdc3-0242ac120002','30051fac-5042-11ed-bdc3-0242ac120002')
     ,('4436720a-4def-11ed-bdc3-0242ac120002','4f0b4f08-4dee-11ed-bdc3-0242ac120002')
     ,('9821f52e-4def-11ed-bdc3-0242ac120002','59c30ff8-4dee-11ed-bdc3-0242ac120002')
     ,('9f64df36-4def-11ed-bdc3-0242ac120002','61c642c4-4dee-11ed-bdc3-0242ac120002')
     ,('b424387c-4def-11ed-bdc3-0242ac120002','67f0f02c-4dee-11ed-bdc3-0242ac120002')
     ,('4436720a-4def-11ed-bdc3-0242ac120002','6d81e5e6-4dee-11ed-bdc3-0242ac120002')
     ,('9821f52e-4def-11ed-bdc3-0242ac120002','72213048-4dee-11ed-bdc3-0242ac120002')
     ,('9f64df36-4def-11ed-bdc3-0242ac120002','7948057c-4dee-11ed-bdc3-0242ac120002')
     ,('a358a9e2-48a7-48ea-8f1b-93591130da1d','7e6b83e8-5042-11ed-bdc3-0242ac120002')
     ,('b424387c-4def-11ed-bdc3-0242ac120002','7e7076a6-4dee-11ed-bdc3-0242ac120002')
     ,('4436720a-4def-11ed-bdc3-0242ac120002','82feadd2-4dee-11ed-bdc3-0242ac120002')
     ,('9821f52e-4def-11ed-bdc3-0242ac120002','8948ed60-4dee-11ed-bdc3-0242ac120002')
     ,('9f64df36-4def-11ed-bdc3-0242ac120002','9aba981e-4dee-11ed-bdc3-0242ac120002')
     ,('b424387c-4def-11ed-bdc3-0242ac120002','a055e742-4dee-11ed-bdc3-0242ac120002')
     ,('4436720a-4def-11ed-bdc3-0242ac120002','a447f106-4dee-11ed-bdc3-0242ac120002')
     ,('9821f52e-4def-11ed-bdc3-0242ac120002','a7ed6d72-4dee-11ed-bdc3-0242ac120002')
     ,('9f64df36-4def-11ed-bdc3-0242ac120002','abd89c5e-4dee-11ed-bdc3-0242ac120002')
     ,('b424387c-4def-11ed-bdc3-0242ac120002','b04d483e-4dee-11ed-bdc3-0242ac120002')
     ,('4436720a-4def-11ed-bdc3-0242ac120002','b3ebfa26-4dee-11ed-bdc3-0242ac120002')
     ,('9f64df36-4def-11ed-bdc3-0242ac120002','ba8758a8-4dee-11ed-bdc3-0242ac120002')
     ,('9821f52e-4def-11ed-bdc3-0242ac120002','bf6cbb74-4dee-11ed-bdc3-0242ac120002');



INSERT INTO `user` VALUES ('0024e5c6-0f69-4624-a474-9d696077e013',NULL,'1997-11-08 00:00:00','2022-12-02 00:00:00','ngothusuong@fsoft.com.vn',NULL,'Ngô Thu Sương',0,NULL,'$2a$10$fi91ZjdarwPXwppFnRDnneX2sqQuw5Ot1NqE1kv3IYXbzJbI.3tZq',3,NULL,NULL,'9f64df36-4def-11ed-bdc3-0242ac120002'),('012d2310-9754-4d2a-a4c7-b4977a10f525',NULL,'1993-08-08 00:00:00','2022-12-02 00:00:00','ngoquelam@fsoft.com.vn',NULL,'Ngô Quế Lâm',0,NULL,'$2a$10$ySHZtdFHBffC0Lk0UALx8eZUGMKU7h6KI/r2fbbGaYZcryG4i.WO.',3,NULL,NULL,'4436720a-4def-11ed-bdc3-0242ac120002'),('0182785a-08ae-4f6f-a775-4e1dde42b402',NULL,'1999-04-10 00:00:00','2022-12-02 00:00:00','hoangxuannam@fsoft.com.vn',NULL,'Hoàng Xuân Nam',1,NULL,'$2a$10$sccz01CZliwjyDHnSs7Ehumf2Z/XbtipyyOgvAsAUsCUuN5O6oaHC',3,NULL,NULL,'b424387c-4def-11ed-bdc3-0242ac120002'),('01d817a2-5a50-11ed-9b6a-0242ac120002','https://firebasestorage.googleapis.com/v0/b/testproject-369415.appspot.com/o/anh-sieu-nhan-gao-chibi-cute-06.jpg?alt=media&token=e0feec38-8c7c-490a-9874-adde10b47eb8','1995-06-19 00:00:00','2022-10-18 00:00:00','tminhquan999@gmail.com','2020-10-18 00:00:00','Trần Minh Quân',0,NULL,'$2a$10$dOselD7bdX7FDxBKtVpYgendhmz4gdklLoEyj.gQxkCZnYSH0rlQO',5,NULL,NULL,'9821f52e-4def-11ed-bdc3-0242ac120002'),('02f41939-796f-4a27-8061-797f1d0fbf62',NULL,'1995-08-16 00:00:00','2022-12-02 00:00:00','vuthaiduong@fsoft.com.vn',NULL,'Vũ Thái Dương',0,NULL,'$2a$10$/prZKqlzZO2ByUsVBYGHOu9txRusUspmv1iQPfXcVhkzf8MEqzv0S',3,NULL,NULL,'b424387c-4def-11ed-bdc3-0242ac120002'),('038bbdc2-c704-4879-829f-1f830bf994d8',NULL,'2001-03-25 04:00:02','2022-12-05 04:01:07','tiendatthsp@gmail.com',NULL,'Nguyen Dat',0,NULL,'$2a$10$zzQcfrsyqSmDKrCldJFoDO6MqDvOKTLc3D7PjYzZ4j0pDQGDQZi4q',1,NULL,NULL,'4436720a-4def-11ed-bdc3-0242ac120002'),('05704ce8-8889-4b95-baf6-b365e4700b89',NULL,'2001-06-25 00:00:00','2022-12-02 00:00:00','buithientien@fsoft.com.vn',NULL,'Bùi Thiện Tiên',0,NULL,'$2a$10$GlxFsQ2nhCk1VmkctgfXOOl693WWPTTE2cW8zWLJkNvZAmuhvtWky',0,NULL,NULL,'b424387c-4def-11ed-bdc3-0242ac120002'),('06253399-96a6-4e5f-bcc7-6b1093255a60',NULL,'2003-12-25 00:00:00','2022-12-02 00:00:00','vuthephuc@fsoft.com.vn',NULL,'Vũ Thế Phúc',1,NULL,'$2a$10$1JPmKGP2iwftlMdeqg5NDeHCj88lPncIT7lTGWR9jh0fZUIL7qvrK',2,NULL,NULL,'9f64df36-4def-11ed-bdc3-0242ac120002'),('0662ad95-eac5-4e9e-9f7b-53b84bf51817',NULL,'1975-09-05 00:00:00','2022-12-02 00:00:00','vuthanhdat@fsoft.com.vn',NULL,'Vũ Thành Ðạt',0,NULL,'$2a$10$oVUKky8oZEf1IZxR6l63mOLWDAdFgDV4ObLZ5H1Jlei.2bfAgD0T6',1,NULL,NULL,'9f64df36-4def-11ed-bdc3-0242ac120002'),('089e98be-ef3f-44ab-b295-53c4500bbdc3',NULL,'1985-01-23 00:00:00','2022-12-02 00:00:00','vuminhhuy@fsoft.com.vn',NULL,'Vũ Minh Huy',0,NULL,'$2a$10$5EZenO1UL1TNAzPFHHu6NeVLpjnTfRMEHaPs1EgUfsNWB6jU3UibW',5,NULL,NULL,'9821f52e-4def-11ed-bdc3-0242ac120002'),('0905a323-7580-47d9-a421-199c36ef1005',NULL,'1993-07-05 00:00:00','2022-12-02 00:00:00','ngothieuly@fsoft.com.vn',NULL,'Ngô Thiều Ly',0,NULL,'$2a$10$qNlkijEj.6YwqP7kT0IXD.5c632.h2sLbs8e1kzaGsADk7ltlg51u',3,NULL,NULL,'9f64df36-4def-11ed-bdc3-0242ac120002'),('09cb6a31-2658-462d-9aec-0c1384beecd3',NULL,'1998-05-04 00:00:00','2022-12-02 00:00:00','phamngocdung@fsoft.com.vn',NULL,'Phạm Ngọc Dũng',1,NULL,'$2a$10$P0LWA1qLKXtzugcyDRhhpe8N5otDwF7aXvMhTD0EcJAK49C.Q5Hz.',2,NULL,NULL,'b424387c-4def-11ed-bdc3-0242ac120002'),('0a5cbf59-9e3b-46bf-a8b9-a67edfa26c29',NULL,'1995-10-21 00:00:00','2022-12-02 00:00:00','huynhthaichi@fsoft.com.vn',NULL,'Huỳnh Thái Chi',0,NULL,'$2a$10$XLKGHoB2P9mb7vCDhtNW3u6.X41sD2F3awa5yYc.kW2V1RB1Jqhhq',5,NULL,NULL,'b424387c-4def-11ed-bdc3-0242ac120002'),('0b11cf1a-f456-4e75-9928-5fe9ea077716','https://firebasestorage.googleapis.com/v0/b/testproject-369415.appspot.com/o/065a4703-e336-4d78-ad7d-2efe4cfeb00b.jpeg?alt=media','2001-11-11 00:00:00','2022-12-02 00:00:00','classadmin@gmail.com',NULL,'Class Admin',1,NULL,'$2a$10$fraCWHHQRoXYGYPAB/AKZOFHh349t2TStOj5Oggw5YZEJeBvxeEI.',1,NULL,NULL,'9f64df36-4def-11ed-bdc3-0242ac120002'),('0bb1b2ec-a6c5-40bb-9320-1ea5a94eaa43',NULL,'1992-04-30 00:00:00','2022-12-02 00:00:00','anhoangmien@fsoft.com.vn',NULL,'An Hoàng Miên',0,NULL,'$2a$10$CW0BS8DcRDc0tpYGttqG6uN4TJT9nExGTkJmi//qAcWYFGJhFHBLy',3,NULL,NULL,'b424387c-4def-11ed-bdc3-0242ac120002'),('0c0e8de0-3fcf-47c7-94da-b65d715e6cd3',NULL,'1997-11-21 00:00:00','2022-12-02 00:00:00','huynhcatcat@fsoft.com.vn',NULL,'Huỳnh Cát Cát',0,NULL,'$2a$10$YCOrwGBpHwa7TCkr7uHyNOJ.JA3kS9qQqY2WKbmXUkvVYGIf96/ja',3,NULL,NULL,'b424387c-4def-11ed-bdc3-0242ac120002'),('0c36271b-fad1-469c-bfc3-d76995bd400a',NULL,'1979-04-09 00:00:00','2022-12-02 00:00:00','hoangthanhhau@fsoft.com.vn',NULL,'Hoàng Thanh Hậu',1,NULL,'$2a$10$BZnwhALCnv9PhmaarTYoTeGwDHVwGNBkzglp4g0pA57WGXTsPpP9G',2,NULL,NULL,'b424387c-4def-11ed-bdc3-0242ac120002'),('0ca292d8-4d99-4424-9278-b84e3d2dac12',NULL,'2002-09-07 00:00:00','2022-12-02 00:00:00','huynhnhatruc@fsoft.com.vn',NULL,'Huỳnh Nhã Trúc',0,NULL,'$2a$10$F7gxRE2JwFlwvVtn90.U1uYKL/FlZKqVgviSl1XID55j.UOj3iwZ6',3,NULL,NULL,'b424387c-4def-11ed-bdc3-0242ac120002'),('0e5cebb1-3b7f-49be-9d88-bace6a875e9d',NULL,'2003-01-21 00:00:00','2022-12-02 00:00:00','huynhthienduyen@fsoft.com.vn',NULL,'Huỳnh Thiên Duyên',0,NULL,'$2a$10$lo8NVo58F8dUPj/fvsIkXOxiGYCSKPxA1gd3wDYP1mJYxeJ8kdIxC',3,NULL,NULL,'b424387c-4def-11ed-bdc3-0242ac120002'),('0ec253d6-5289-4e4f-92a0-131e34ff5ae9',NULL,'1998-05-08 00:00:00','2022-12-02 00:00:00','phamthaonghi@fsoft.com.vn',NULL,'Phạm Thảo Nghi',1,NULL,'$2a$10$BZmb/NHXMITyQp7meSw.H.xU6JMWqzkq3vyLKxojClltYRZtuK3ni',2,NULL,NULL,'b424387c-4def-11ed-bdc3-0242ac120002'),('0f4a57a2-5f2c-467f-bbc5-e42b406fc802',NULL,'1993-08-27 00:00:00','2022-12-02 00:00:00','nguyenthebinh@fsoft.com.vn',NULL,'Nguyễn Thế Bình',1,NULL,'$2a$10$SL7Vh5vVsjzU/JFemWaDFeyq2TkDWc8YXuDaA54lVTl5e8ggEUv.6',3,NULL,NULL,'b424387c-4def-11ed-bdc3-0242ac120002'),('0fbfbd0d-ed52-4d15-8e73-3bdc04174a2f',NULL,'1993-03-23 00:00:00','2022-12-02 00:00:00','ngokhanhvi@fsoft.com.vn',NULL,'Ngô Khánh Vi',1,NULL,'$2a$10$I/NUxXgjQ15RVB34vEqMwOE5mkNeW/fRCcQ0exDIoVvXe7EFYbBUi',2,NULL,NULL,'b424387c-4def-11ed-bdc3-0242ac120002'),('100a2621-e2a8-4d17-a18d-dbc5cea33eb5',NULL,'2003-03-04 00:00:00','2022-12-02 00:00:00','hotrieuthai@fsoft.com.vn',NULL,'Hồ Triệu Thái',1,NULL,'$2a$10$0l4jMkRhNPypVbS2bnePS.j9sQQRYcoBgYS42XCAnhw5q9.GKKHFW',2,NULL,NULL,'b424387c-4def-11ed-bdc3-0242ac120002'),('111bb73c-44b3-4a20-9035-d692ee9f67af',NULL,'2000-10-21 00:00:00','2022-12-02 00:00:00','vuthunhan@fsoft.com.vn',NULL,'Vũ Thụ Nhân',0,NULL,'$2a$10$Y/FY1KQP0oa7HRUgaIlLEeHyZIh26y/iX9C.w75AhaG51vVjWqu7S',3,NULL,NULL,'b424387c-4def-11ed-bdc3-0242ac120002'),('11442429-4049-49c4-aba8-f5e39f85b4ba',NULL,'1992-02-10 00:00:00','2022-12-02 00:00:00','hoangvietphong@fsoft.com.vn',NULL,'Hoàng Việt Phong',0,NULL,'$2a$10$.xRwyFgi5FEnh1tatz6RNOfqgqbrM/mQpsmSgUkGosdKIXnPO6bHe',2,NULL,NULL,'b424387c-4def-11ed-bdc3-0242ac120002'),('11816e27-4aff-458d-a051-655698392d95',NULL,'1992-05-11 00:00:00','2022-12-02 00:00:00','lehuelam@fsoft.com.vn',NULL,'Lê Huệ Lâm',1,NULL,'$2a$10$EhMTTsvZjPnm5jnN0qgYo.oVn6FiNl7J0aafLmfQ1g4xt8.OlFum2',3,NULL,NULL,'b424387c-4def-11ed-bdc3-0242ac120002'),('11dbaed5-54e9-46d3-b221-2b63931bae46',NULL,'2002-12-24 00:00:00','2022-12-02 00:00:00','nguyenmanhthang@fsoft.com.vn',NULL,'Nguyễn Mạnh Thắng',0,NULL,'$2a$10$cfDGqqmVwMTrEphRUhobC.AuiB.cJ2EbUdIzLIk/vksElyH7tPK/C',2,NULL,NULL,'b424387c-4def-11ed-bdc3-0242ac120002'),('11f3f37f-724b-43c6-aefb-f26d4e152255',NULL,'1982-09-14 00:00:00','2022-12-02 00:00:00','phamvietson@fsoft.com.vn',NULL,'Phạm Viết Sơn',0,NULL,'$2a$10$OpCu7EPwQLr9AET98.GCUO5R0f4vwpSn8tn4D6lmB5FMW71.H.Y/6',4,NULL,NULL,'b424387c-4def-11ed-bdc3-0242ac120002'),('12fc9b36-7566-40d2-b30d-33d1274c1e3d',NULL,'1997-10-05 00:00:00','2022-12-02 00:00:00','anphuthinh@fsoft.com.vn',NULL,'An Phú Thịnh',0,NULL,'$2a$10$e3cUmCcwyIBOK305QUOwyuacFy95ZigpkoU72gzAxJ1s3FmNNGA.a',4,NULL,NULL,'b424387c-4def-11ed-bdc3-0242ac120002'),('14568c81-f60c-4884-bf9c-7f33786b66a8',NULL,'1994-06-16 00:00:00','2022-12-02 00:00:00','leviethuy@fsoft.com.vn',NULL,'Lê Việt Huy',0,NULL,'$2a$10$F/wbw.YLtLg33QbZBmK.H.cZCcT5gVuCY1wUzWV5sSCLhuoRCQXzi',2,NULL,NULL,'b424387c-4def-11ed-bdc3-0242ac120002'),('162bc42a-b163-47e1-884f-c5276db0d1f8','https://firebasestorage.googleapis.com/v0/b/testproject-369415.appspot.com/o/anh-sieu-nhan-gao-chibi-cute-07.jpg?alt=media&token=8d24a8d1-0809-49a8-bc06-3d1868a40378','1996-02-23 00:00:00','2022-11-29 01:56:14','9loregodset@gmail.com',NULL,'An Tri Quang',0,NULL,'$2a$10$5MOQGx/T0OliSXM6yM77w.sKn6IWW5e7sX3cW.bP0ESQSnTMXZZ9.',1,NULL,NULL,'9f64df36-4def-11ed-bdc3-0242ac120002'),('17079e65-7b25-4015-b32b-f78614a286fe',NULL,'1991-10-25 00:00:00','2022-12-02 00:00:00','nguyenphucdien@fsoft.com.vn',NULL,'Nguyễn Phúc Ðiền',1,NULL,'$2a$10$Sm6yShND5t2XT/P/9sHJt.dO16bBzbCx1ZyU2.XFUL57RPTc1iDo2',4,NULL,NULL,'b424387c-4def-11ed-bdc3-0242ac120002'),('17cabaf3-9764-4a3f-a384-8d3e9032240f',NULL,'1992-11-29 00:00:00','2022-12-02 00:00:00','huynhthanhngoc@fsoft.com.vn',NULL,'Huỳnh Thanh Ngọc',1,NULL,'$2a$10$kfOJdoK/q.xAuaPPSLvb2urfddpuR47pGYElsLsXWXg0qFaKBGZLG',2,NULL,NULL,'b424387c-4def-11ed-bdc3-0242ac120002'),('17decfdc-ba68-4c7f-a18e-58a5d0db5694',NULL,'2002-01-18 00:00:00','2022-12-02 00:00:00','anmaithanh@fsoft.com.vn',NULL,'An Mai Thanh',1,NULL,'$2a$10$w98QoYmHKY0H5pkr9DW0pefTP86xKJkN4XtaxL6s9YY/q92UJGhO2',4,NULL,NULL,'b424387c-4def-11ed-bdc3-0242ac120002'),('17ec704f-012f-48bd-a076-79613c6652e4',NULL,'1998-07-01 00:00:00','2022-12-02 00:00:00','vuquochoan@fsoft.com.vn',NULL,'Vũ Quốc Hoàn',1,NULL,'$2a$10$u9gOBU.qpF3Udq8pkTfu8.BxJNtqcCZiPpf3s5w6OHzbxqdKEsrGq',4,NULL,NULL,'b424387c-4def-11ed-bdc3-0242ac120002'),('18f6b657-332b-48c9-ac55-1672f14f8b82',NULL,'2000-01-27 00:00:00','2022-12-02 00:00:00','huynhbachhoa@fsoft.com.vn',NULL,'Huỳnh Bạch Hoa',0,NULL,'$2a$10$9YD/hTs/nvW1aaWy/Qwod.BP5QT2Tm1ipBqoUXt.jrhqhBDJGiAFy',3,NULL,NULL,'b424387c-4def-11ed-bdc3-0242ac120002'),('18f7d0a9-914d-4d80-b7cb-1dfb75de7697',NULL,'1992-01-07 00:00:00','2022-12-02 00:00:00','nguyenuyenphuong@fsoft.com.vn',NULL,'Nguyễn Uyên Phương',1,NULL,'$2a$10$kKOO3QtiH/TU.yIOE6VfbuhTt.95elKMJVzCi09G4wZ2HCShDZUP6',3,NULL,NULL,'b424387c-4def-11ed-bdc3-0242ac120002'),('1982bb82-c3c3-4b28-86c9-500af8a40c24',NULL,'2001-07-21 00:00:00','2022-12-02 00:00:00','buihanhlinh@fsoft.com.vn',NULL,'Bùi Hạnh Linh',0,NULL,'$2a$10$yftC7pq.21E5D3NHO0Dlv.uj2.415Vhje7p5JwDM3Kc6Xt0hvTEeO',2,NULL,NULL,'b424387c-4def-11ed-bdc3-0242ac120002'),('19d7ecaa-d2db-4afb-98c4-b60fcc80535e',NULL,'2000-08-04 00:00:00','2022-12-02 00:00:00','buihoanvi@fsoft.com.vn',NULL,'Bùi Hoàn Vi',1,NULL,'$2a$10$2rBg26TeCbG6GKVQPSRhdeY7NNsm4qZN.zNOVzhYe3nsiMfKGIciq',2,NULL,NULL,'b424387c-4def-11ed-bdc3-0242ac120002'),('19fa737b-c6b7-407b-ba2b-0aabe1d41d9f',NULL,'1992-04-30 00:00:00','2022-12-02 00:00:00','lediemtrinh@fsoft.com.vn',NULL,'Lê Diễm Trinh',1,NULL,'$2a$10$lX.calTuyZIAW63l5UsWM.rf9sfvi2VQ4A58hk0bWL7Z1hZT20LSi',2,NULL,NULL,'b424387c-4def-11ed-bdc3-0242ac120002'),('1ac03fdf-59da-4248-9bf9-856ce7cfb63e',NULL,'1974-05-16 00:00:00','2022-12-02 00:00:00','ngominhyen@fsoft.com.vn',NULL,'Ngô Minh Yến',1,NULL,'$2a$10$FWJFr3uI3WJQVIjfcPDfxORdvMOkyQS.Z5j/rQzjHkf4OvcjlZy3G',2,NULL,NULL,'b424387c-4def-11ed-bdc3-0242ac120002'),('1b255307-d668-47c7-9d11-2b4a33556816',NULL,'2000-12-02 09:23:35','2022-12-02 09:24:55','lehoangchuong.lk@gmail.com',NULL,'con c*c',0,NULL,'$2a$10$tQEByguUZsiEqCoj8WWo3OWRkiEcZ2DeHhqvG3rcujxBnhawqzYNy',3,NULL,NULL,'b424387c-4def-11ed-bdc3-0242ac120002'),('1c8ab1a6-17d3-4bf3-9a7e-44f977ef1ada',NULL,'1983-02-18 00:00:00','2022-12-02 00:00:00','vuthaisan@fsoft.com.vn',NULL,'Vũ Thái San',1,NULL,'$2a$10$iugIB3/yRd/p5yALJeEa3eZm/3kn8oYlKuQS61kZyjfb3sz1qBq3.',1,NULL,NULL,'9f64df36-4def-11ed-bdc3-0242ac120002'),('1cc4831c-14ab-49b2-aa02-b09925d7f28d',NULL,'1992-09-05 00:00:00','2022-12-02 00:00:00','nguyenngocngan@fsoft.com.vn',NULL,'Nguyễn Ngọc Ngạn',0,NULL,'$2a$10$q3e1gUrgQEeR/iZHpIkU9uU8bH1COzsXRbj6qzNQ/DM2p4X2DOks2',4,NULL,NULL,'b424387c-4def-11ed-bdc3-0242ac120002'),('1d852795-3b9d-46e4-9106-baf54467c72b',NULL,'1995-09-03 00:00:00','2022-12-02 00:00:00','vuducbang@fsoft.com.vn',NULL,'Vũ Ðức Bằng',0,NULL,'$2a$10$94faMW4gbtKqBzoXhm1sS.M6uFyJ5dhVeJnGoEvF9CLqmig696IRm',4,NULL,NULL,'b424387c-4def-11ed-bdc3-0242ac120002'),('1de228eb-9625-48d0-87da-46f32bf66335',NULL,'1996-10-08 00:00:00','2022-12-02 00:00:00','huynhdiemphuc@fsoft.com.vn',NULL,'Huỳnh Diễm Phúc',1,NULL,'$2a$10$PBS5s2J9Pzx3PDuDjwNJqO5arHW4M4urZwwxTla99y70dfUyGd2Ie',4,NULL,NULL,'b424387c-4def-11ed-bdc3-0242ac120002'),('1eb814ed-2b3f-446b-95b1-f5c2a7433293',NULL,'1991-04-16 00:00:00','2022-12-02 00:00:00','huynhaithy@fsoft.com.vn',NULL,'Huỳnh Ái Thy',1,NULL,'$2a$10$sVZ2pIUuQXBwWTRu9U6MGOrGHoM1iBLCjvzTxV/CUjXLefO5rkiYK',4,NULL,NULL,'b424387c-4def-11ed-bdc3-0242ac120002'),('1ee90ae3-49d9-40f2-a71e-732451bbd7aa',NULL,'1997-11-27 00:00:00','2022-12-02 00:00:00','hoangvietkhang@fsoft.com.vn',NULL,'Hoàng Việt Khang',1,NULL,'$2a$10$bhCSkRWIgIfNJY/IsvsMLe8uQH9CpFzJ2pZtBeDqH6MiTxvjrun1m',4,NULL,NULL,'b424387c-4def-11ed-bdc3-0242ac120002'),('1fcc6c5c-f9f5-43c0-98ab-299fc3e9fbb7',NULL,'1999-09-30 00:00:00','2022-12-02 00:00:00','damtieumi@fsoft.com.vn',NULL,'Dàm Tiểu Mi',0,NULL,'$2a$10$GvGCAhgW/8jBiBWKsSav2unnHXmeZdzCzR90/VlMBWMb5DIqvHqJ6',5,NULL,NULL,'b424387c-4def-11ed-bdc3-0242ac120002'),('205eb084-3fee-450a-84a5-c9d17f73cf1f',NULL,'1993-03-27 00:00:00','2022-12-02 00:00:00','buithuyhuyen@fsoft.com.vn',NULL,'Bùi Thúy Huyền',0,NULL,'$2a$10$tBVIxZn1r32dhQCZhWU97ehUKeCLSvE2piZPaF.yKJbMY7P73.ZhK',3,NULL,NULL,'b424387c-4def-11ed-bdc3-0242ac120002'),('207b02c2-5497-4086-9452-45d4158efaac',NULL,'1973-03-04 00:00:00','2022-12-02 00:00:00','damxuanthao@fsoft.com.vn',NULL,'Dàm Xuân Thảo',0,NULL,'$2a$10$5VT7fb.qwcWqbkS6aV.qpuge0u7uqHm026iowDh.uPAiLy3Lpsw4e',1,NULL,NULL,'9f64df36-4def-11ed-bdc3-0242ac120002'),('20956846-adc8-4e22-a605-c3744bbe3b49','https://firebasestorage.googleapis.com/v0/b/testproject-369415.appspot.com/o/anh-meme-cheems-adu-631x600.jpg?alt=media&token=b854113f-01b7-4a2c-aaa1-1b17a19433aa','1992-01-18 00:00:00','2022-11-25 00:00:00','conmeo@gmail.com',NULL,'Con Meo',1,NULL,'$2a$10$zmQU/zXuddN3l.0pYpkYFuf4oSDBgSxe7X6gDBL5s8li1WnYTGh5K',1,NULL,NULL,'9f64df36-4def-11ed-bdc3-0242ac120002'),('2138bbe5-6c60-41dd-b457-8e455b1b7fb1',NULL,'1999-03-28 03:45:02','2022-12-05 03:46:52','lyquoclam123@gmail.com',NULL,'Lý Quốc Lâm',0,NULL,'$2a$10$Nrr/HTRJnfrFb6DCCAOzh.oVL6XRdVHsl3LY5ppGXY17ZmYJ3JZMe',1,NULL,NULL,'9821f52e-4def-11ed-bdc3-0242ac120002'),('213ca0d1-fe1c-4c3b-8696-f9361da19dbd','https://firebasestorage.googleapis.com/v0/b/testproject-369415.appspot.com/o/6750b9a7-383d-43fd-9420-88b5dec5bf00.jpeg?alt=media','1988-10-12 00:00:00','2021-11-19 06:54:31','student@gmail.com',NULL,'Student ABC',1,NULL,'$2a$10$sYDdp5T/WgVzYnHwx1arwOhV1r93SmTKyC0pmPOTUxu7zI1mlQ6GC',3,NULL,NULL,'b424387c-4def-11ed-bdc3-0242ac120002'),('232606fb-5e9c-4d02-8b2d-ca5d2202b35b',NULL,'1992-04-09 00:00:00','2022-12-02 00:00:00','ancongan@fsoft.com.vn',NULL,'An Công Ân',0,NULL,'$2a$10$2YndYOnYibcqaudHrkd7VeA2Zif15FxS6/Ur/7qGfffK.sNUokTU.',4,NULL,NULL,'b424387c-4def-11ed-bdc3-0242ac120002'),('232b4d62-63ab-401f-bd11-8413bf46d702',NULL,'1991-03-24 00:00:00','2022-12-02 00:00:00','andinhtoan@fsoft.com.vn',NULL,'An Ðình Toàn',1,NULL,'$2a$10$uvvkECDXwLXj3BxkVKcwkuD4j3AAZhRpSEzfwC/QXYvsnIo/lsKNi',2,NULL,NULL,'b424387c-4def-11ed-bdc3-0242ac120002'),('23c403d2-4e7b-4a20-adf0-3fbd40117e7b',NULL,'1997-07-12 00:00:00','2022-12-02 00:00:00','letathieu@fsoft.com.vn',NULL,'Lê Tất Hiếu',0,NULL,'$2a$10$Z9Lp766W5gx9652L6KVBDul4ERoGYrsfzprdxza8RAmkLzisAZMcG',2,NULL,NULL,'b424387c-4def-11ed-bdc3-0242ac120002'),('24a21f3e-69e4-487e-a449-cd0eba18bb9f',NULL,'1999-08-31 00:00:00','2022-12-02 00:00:00','buivandu@fsoft.com.vn',NULL,'Bùi Vân Du',0,NULL,'$2a$10$rDAgs5vMuovHXDOzvM./U.eGl8alWh1ji/MK12JfieE/1BjDBf2qy',2,NULL,NULL,'b424387c-4def-11ed-bdc3-0242ac120002'),('24aa5bf7-5683-497a-8e5c-d62307ddf032',NULL,'1992-06-08 00:00:00','2022-12-02 00:00:00','hohungdao@fsoft.com.vn',NULL,'Hồ Hưng Ðạo',1,NULL,'$2a$10$1..DXE3u70aVzMyX2Wc0yueKVQnYeDf7MtAPC6TywRlqT1eRjWyYG',2,NULL,NULL,'b424387c-4def-11ed-bdc3-0242ac120002'),('24e75b22-4581-4384-83c0-bb63861a2625',NULL,'1994-07-29 00:00:00','2022-12-02 00:00:00','anmailien@fsoft.com.vn',NULL,'An Mai Liên',1,NULL,'$2a$10$I.PnB7uvgpaQqHqAK9/1Ue/nNs7YYyHT7mG9oZFk2lq8jcQS.tjvy',2,NULL,NULL,'b424387c-4def-11ed-bdc3-0242ac120002'),('24ef6003-623f-48d2-b91a-12c45b9f6cf2',NULL,'1993-09-21 00:00:00','2022-12-02 00:00:00','levietyen@fsoft.com.vn',NULL,'Lê Việt Yến',1,NULL,'$2a$10$g8C2ze8NhlEJ4zVlmznMS.olHiK9a/ii8YLwWsvjoC1.1eBwnV04O',2,NULL,NULL,'b424387c-4def-11ed-bdc3-0242ac120002'),('260fe109-0a3e-4f8e-84ea-02528b909349',NULL,'1996-11-23 00:00:00','2022-12-02 00:00:00','damuyenmy@fsoft.com.vn',NULL,'Dàm Uyển My',1,NULL,'$2a$10$kl.XwVrvrBbQrRAX7IqjxegO3Hw5O.cZX7AFF16k8RBcK75ZAzTZS',2,NULL,NULL,'b424387c-4def-11ed-bdc3-0242ac120002'),('262f60b6-c1bb-4fea-b2b4-cab0e84c3a3a',NULL,'1994-12-01 00:00:00','2022-12-02 00:00:00','lephuonganh@fsoft.com.vn',NULL,'Lê Phương Anh',0,NULL,'$2a$10$6dm/IlqvDRXyPE.WzbTliuRO3n1Lc5kCX1B5f.Ov2pLIYx2WX0Pum',2,NULL,NULL,'b424387c-4def-11ed-bdc3-0242ac120002'),('269c42d4-b423-46a2-8a9d-d09455980b1f',NULL,'1999-10-12 00:00:00','2022-12-02 00:00:00','hodangminh@fsoft.com.vn',NULL,'Hồ Ðăng Minh',1,NULL,'$2a$10$b6PT3zTDRSFWsfcjCBct7O19ggf68r/MnMGoAc1U56d1rLVN5Q.dC',2,NULL,NULL,'b424387c-4def-11ed-bdc3-0242ac120002'),('26b821be-1d14-4bad-bbe1-2f51292f8662',NULL,'1992-11-05 00:00:00','2022-12-02 00:00:00','huynhphuongchi@fsoft.com.vn',NULL,'Huỳnh Phương Chi',1,NULL,'$2a$10$1RpJ/rsbDwgu5oLjRxW1FuhCMWKvmkgWb94utJzT2/wUi2mAqCyou',2,NULL,NULL,'b424387c-4def-11ed-bdc3-0242ac120002'),('281fe467-1ec5-4093-8b55-eebdb010ba67',NULL,'2002-06-21 00:00:00','2022-12-02 00:00:00','hovinhthuy@fsoft.com.vn',NULL,'Hồ Vĩnh Thụy',0,NULL,'$2a$10$GhsqCFkLJsZDNeYX17t/uO70SMd/6urAp8dzt1F54GN8i8i4PWN/2',2,NULL,NULL,'b424387c-4def-11ed-bdc3-0242ac120002'),('29e54032-ce2c-48d9-9511-48c71bad1eca',NULL,'1991-03-16 00:00:00','2022-12-02 00:00:00','antandung@fsoft.com.vn',NULL,'An Tấn Dũng',1,NULL,'$2a$10$KzDR7JFhvD1vmzOgQPN4XuD4fPTyGHgwBMh2IrFdTOthYtVNM1PcG',3,NULL,NULL,'b424387c-4def-11ed-bdc3-0242ac120002'),('2a1a527b-6cf5-47f4-85d9-26db0c039faf',NULL,'1994-02-20 00:00:00','2022-12-02 00:00:00','huynhminhthuong@fsoft.com.vn',NULL,'Huỳnh Minh Thương',0,NULL,'$2a$10$Oe5YbyFAmyHnlRztfRZBQuWYpWNQWqapOxLRjgzx.jT1SsIlFJGlW',2,NULL,NULL,'b424387c-4def-11ed-bdc3-0242ac120002'),('2b3edc1d-f288-4f36-9950-3e6a3062d79a',NULL,'2020-02-02 00:00:00','2022-12-02 00:00:00','namthse150921@fsoft.edu.vn',NULL,'hoainam',0,NULL,'$2a$10$fep1q0leuFK82BDzOffw7uRfdpzYINhEIZgeqtYgU9Q8wsLzt2.Wq',1,NULL,NULL,'9f64df36-4def-11ed-bdc3-0242ac120002'),('2c52cd41-dce4-4b6c-9993-6af88095b85a',NULL,'1993-12-02 05:12:42','2022-12-02 05:46:57','haihuy147@gmail.com',NULL,'Luong Nguyen Hai Huy',0,NULL,'$2a$10$kqlYYE5I1fzGliAzKvBuw.6ymyILuWmjKuRFwQNuGWmgAi6.pY3te',3,NULL,NULL,'b424387c-4def-11ed-bdc3-0242ac120002'),('2c7c44a0-b671-4673-a2ac-0a9b166243e9',NULL,'1995-02-27 00:00:00','2022-12-02 00:00:00','hokhanhnam@fsoft.com.vn',NULL,'Hồ Khánh Nam',0,NULL,'$2a$10$XmrgLQQP.lIF.KxvWKc17e6TfpbjJ33DfVFnlgwQMk2Ef6WF1GCRi',2,NULL,NULL,'b424387c-4def-11ed-bdc3-0242ac120002'),('2dbd3a71-ac41-408b-a15a-3603a65fc95e',NULL,'2000-08-19 00:00:00','2022-12-02 00:00:00','ansontung@fsoft.com.vn',NULL,'An Sơn Tùng',0,NULL,'$2a$10$/4nEkwGtDzVtqtkJTqGvI.5LxUIvN6V6k.2NSL3bZASJTsOupBQMm',2,NULL,NULL,'b424387c-4def-11ed-bdc3-0242ac120002'),('2e2d42a0-0a43-47f5-afb8-e66f34c03699',NULL,'1995-06-13 00:00:00','2022-12-02 00:00:00','huynhhavy@fsoft.com.vn',NULL,'Huỳnh Hạ Vy',1,NULL,'$2a$10$vwvimVdl0SK99CGaPahVv.r7w.r.Ihqz3qdtl3cgdpCmMBaBsQyBm',4,NULL,NULL,'b424387c-4def-11ed-bdc3-0242ac120002'),('2e3e33dc-7ddb-46f3-b003-a1bde97414bc',NULL,'1996-03-12 00:00:00','2022-12-02 00:00:00','anthanhsang@fsoft.com.vn',NULL,'An Thành Sang',0,NULL,'$2a$10$waYfjsw7DEoFf6y52g/ZP.A7fPiH2xRPDyd6u6T4CEfNSDwczkhra',3,NULL,NULL,'b424387c-4def-11ed-bdc3-0242ac120002'),('2e6353df-f2c5-49db-827b-6768641123f5',NULL,'1996-02-24 00:00:00','2022-12-02 00:00:00','andayen@fsoft.com.vn',NULL,'An Dạ Yến',1,NULL,'$2a$10$YY2m5D059t4QWOa0tv/E3OpEd2Izsc8eRKIwl0boFTnQPhVlShC5G',3,NULL,NULL,'b424387c-4def-11ed-bdc3-0242ac120002'),('2ee5bf4d-3038-4631-95f7-4d38fafe2fb2',NULL,'1998-01-02 00:00:00','2022-12-02 00:00:00','angiaquynh@fsoft.com.vn',NULL,'An Gia Quỳnh',1,NULL,'$2a$10$LHs.8A.VW/5iO43FOI1jKucS/46b1fd.zKzYkvNNEL4WbaZXTzrXG',3,NULL,NULL,'b424387c-4def-11ed-bdc3-0242ac120002'),('2ef6b52a-ac00-47e5-90da-4dbe880a9310',NULL,'1996-10-09 00:00:00','2022-12-02 00:00:00','damphuonglien@fsoft.com.vn',NULL,'Dàm Phượng Liên',0,NULL,'$2a$10$10OT4oek9a0jV0lqVncmsOVo/nEQjj7bzX26Dy9wWAv7GTDXGSs8u',3,NULL,NULL,'b424387c-4def-11ed-bdc3-0242ac120002'),('2efc74a3-7d3d-4a67-b808-f75c58c08750',NULL,'1991-04-05 00:00:00','2022-12-02 00:00:00','letuan@fsoft.com.vn',NULL,'Lê Từ Ân',1,NULL,'$2a$10$X.crDPjL53yU20wabzaxguSuVmzKO5otXyL6UWQddpN06lFohmH56',3,NULL,NULL,'b424387c-4def-11ed-bdc3-0242ac120002'),('2fedd44c-9729-41e2-8f16-eded68eb3a5f',NULL,'1994-03-22 00:00:00','2022-12-02 00:00:00','huynhlequan@fsoft.com.vn',NULL,'Huỳnh Lệ Quân',0,NULL,'$2a$10$fsTKQdUnsksUXxrVP2Af9O.rduWYkyzwQWgk7nc1gt0s5yi894jku',3,NULL,NULL,'b424387c-4def-11ed-bdc3-0242ac120002'),('3022b7f2-84ee-4287-ab53-0dd884d9e47a','https://firebasestorage.googleapis.com/v0/b/testproject-369415.appspot.com/o/anh-meme-cheems-chi-tay-600x600.jpg?alt=media&token=120925be-f818-441d-be53-8394725afc46','2001-09-18 00:00:00','2022-04-15 03:11:58','cathikettow@gmail.com',NULL,'Cathi Kettow',0,NULL,'$2a$10$uJYvciCabW2soL3ZR/d5Wu7G0Xz7WfnW4TmzWa.ysR/JaD25cy5Ji',1,NULL,NULL,'9f64df36-4def-11ed-bdc3-0242ac120002'),('30ab45d8-7c97-47eb-90ee-21b7243f6bfd',NULL,'1998-08-12 00:00:00','2022-12-02 00:00:00','anduyhoang@fsoft.com.vn',NULL,'An Duy Hoàng',0,NULL,'$2a$10$j4TJPeaSUvhIZrRIex9pKu736pM2/txiFXfx3Haa7t4Mz3H9W85ye',3,NULL,NULL,'b424387c-4def-11ed-bdc3-0242ac120002'),('30ed2dfe-ede0-401b-977d-dccf8a33054d',NULL,'1997-11-24 00:00:00','2022-12-02 00:00:00','ledongtuyen@fsoft.com.vn',NULL,'Lê Ðông Tuyền',0,NULL,'$2a$10$.J5NLayAdkW7/epwdGRY7uI3SdJOpJ2l37akWt8HDAevWAtYl/qjq',3,NULL,NULL,'b424387c-4def-11ed-bdc3-0242ac120002'),('31aba930-bc36-4357-897a-70e9da05d241',NULL,'2000-02-21 00:00:00','2022-12-02 00:00:00','letuanviet@fsoft.com.vn',NULL,'Lê Tuấn Việt',0,NULL,'$2a$10$UtSZsnbRl052B9MulfdpH.02W39n/2ibwXa5iiRUojN0fEwvHzgH.',2,NULL,NULL,'b424387c-4def-11ed-bdc3-0242ac120002'),('31bde760-7b88-4295-832f-7f56764edda9',NULL,'1982-03-31 00:00:00','2022-12-02 00:00:00','hotienhoat@fsoft.com.vn',NULL,'Hồ Tiến Hoạt',0,NULL,'$2a$10$M9UT5tbwkehQ9YkzhjR9EO1SxbZybykx6Js/RSmE/lPTdSy6am/dK',1,NULL,NULL,'9f64df36-4def-11ed-bdc3-0242ac120002'),('3218985b-cc97-4171-8de9-65d32b116160','https://firebasestorage.googleapis.com/v0/b/testproject-369415.appspot.com/o/anh-meme-cheems-deo-no-600x600.jpg?alt=media&token=7af873d8-fb34-4e26-907d-275a04e64a50','2003-10-31 00:00:00','2022-11-29 03:33:06','hukhho@gmail.com',NULL,'Le Van Tien',0,'BB','$2a$10$NrTbP08eNyReijIEYaHLBu2enx9gUl.DVq6mN4Ro0vr0FTAGHNET2',1,NULL,NULL,'9f64df36-4def-11ed-bdc3-0242ac120002'),('321f4408-6a0c-4fce-bd69-e46d63b7fa3e',NULL,'1994-09-18 00:00:00','2022-12-02 00:00:00','nguyenthaithanh@fsoft.com.vn',NULL,'Nguyễn Thái Thanh',1,NULL,'$2a$10$FYXS7jEGm7L/mpmvRghoWOiX9o2tx6zomEah8ZlDxm/B7Le5BWbN6',2,NULL,NULL,'b424387c-4def-11ed-bdc3-0242ac120002'),('3225178d-c5a9-46c1-a6c5-edaf8869ca9d',NULL,'2003-07-24 00:00:00','2022-12-02 00:00:00','ledieuhoa@fsoft.com.vn',NULL,'Lê Diệu Hoa',0,NULL,'$2a$10$jDL2kox.j6ObUb22M8vZMufvCzWaCvUA//fkn4xFxqi2wnuodU/na',2,NULL,NULL,'b424387c-4def-11ed-bdc3-0242ac120002'),('32b84114-c95e-4ee6-9d5d-599e1cbc06e9','https://firebasestorage.googleapis.com/v0/b/testproject-369415.appspot.com/o/anh-sieu-nhan-gao-chibi-cute-01.jpg?alt=media&token=180657c2-bcad-42b1-badc-4961f90db7c2','1986-02-03 00:00:00','2022-10-18 00:00:00','honam267@gmail.com','2026-10-18 00:00:00','Hồ Hải Nam',0,NULL,'$2a$10$W3EGthK.pga0DzLcHBZ./u5hRtF0FbxNFTBF5JrgXkyK1RPBnwA1i',1,NULL,NULL,'4436720a-4def-11ed-bdc3-0242ac120002'),('32c6f85c-a97a-4c71-83b0-3f1c60dcafcc',NULL,'1980-11-15 00:00:00','2022-12-02 00:00:00','anductho@fsoft.com.vn',NULL,'An Ðức Thọ',0,NULL,'$2a$10$uu0EQdkVpdiShvUk250/i.cmhq1JOqVaBpBLOhtaZ1N4RZnnZWs8S',1,NULL,NULL,'9f64df36-4def-11ed-bdc3-0242ac120002'),('333d2960-0a74-41fa-86e1-aae5e8324eed',NULL,'1995-04-01 00:00:00','2022-12-02 00:00:00','huynhmailien@fsoft.com.vn',NULL,'Huỳnh Mai Liên',0,NULL,'$2a$10$Nf2M6wuVIIVFOs8sL8Jw9eWtlkUfFk/CtQ8WCEzhp5CPV/7IfnBCm',2,NULL,NULL,'b424387c-4def-11ed-bdc3-0242ac120002'),('33beaaaf-9950-4967-9066-86ed18bd9f9f',NULL,'1993-05-08 00:00:00','2022-12-02 00:00:00','hoangvanthong@fsoft.com.vn',NULL,'Hoàng Vạn Thông',0,NULL,'$2a$10$FmNb9R7os7YmiiIdQQpl/uTtHyAtBJ0Wy87J19NxwDrqwRuRdZU/m',2,NULL,NULL,'b424387c-4def-11ed-bdc3-0242ac120002'),('349530a5-8f25-4066-8714-8ca90b04e3ea',NULL,'1988-03-11 00:00:00','2022-12-02 00:00:00','anngocquyet@fsoft.com.vn',NULL,'An Ngọc Quyết',1,NULL,'$2a$10$C.KoYAelIKrkthHBxqx6uuLOl79GXSVZWH0CI3scAyM1a7wGn0xym',1,NULL,NULL,'9f64df36-4def-11ed-bdc3-0242ac120002'),('3632f554-e103-4c47-9356-ac33453b65f6',NULL,'1995-08-01 00:00:00','2022-12-02 00:00:00','hohainam@fsoft.com.vn',NULL,'Hồ Hải Nam',1,NULL,'$2a$10$lc3aeENduhbPF1wG8uo6K.f1WxzyTGngJNtCSg/Yilwk3CFkT.33G',2,NULL,NULL,'b424387c-4def-11ed-bdc3-0242ac120002'),('374cfa6e-1eb0-41e4-ac26-19848d69d6af',NULL,'2001-10-19 00:00:00','2022-12-02 00:00:00','huynhngocque@fsoft.com.vn',NULL,'Huỳnh Ngọc Quế',0,NULL,'$2a$10$gC6svWtdV5wiO95BzLWk/udqvJaydKRownwtTOH/OossRH5mNDBCS',4,NULL,NULL,'b424387c-4def-11ed-bdc3-0242ac120002'),('37e08e08-57e9-44ae-bdec-172389bade05',NULL,'2003-09-03 00:00:00','2022-12-02 00:00:00','nguyenducminh@fsoft.com.vn',NULL,'Nguyễn Ðức Minh',1,NULL,'$2a$10$87ihvxfn6N.A.d1x.bt3FetbaniIIT4xKzGy2mtv9.qDipfYgUU9.',4,NULL,NULL,'b424387c-4def-11ed-bdc3-0242ac120002'),('38047973-9811-4c87-89b7-8dffe7e14fc0',NULL,'1996-09-04 00:00:00','2022-12-02 00:00:00','phamtuyetnhung@fsoft.com.vn',NULL,'Phạm Tuyết Nhung',1,NULL,'$2a$10$i6kUM1OuSic.2xIESQ63i.rgn0Gg3gTYohxm3NifqncamrFSxNOiC',4,NULL,NULL,'b424387c-4def-11ed-bdc3-0242ac120002'),('384489b6-4a8f-469f-9abf-e3e28220e873',NULL,'1998-02-20 00:00:00','2022-12-02 00:00:00','lekimsa@fsoft.com.vn',NULL,'Lê Kim Sa',0,NULL,'$2a$10$qTsUjWqvZmre7Fi7J1G/c.AdNiaZxGXNbZE3GEVri1gonCCNx9EWe',4,NULL,NULL,'b424387c-4def-11ed-bdc3-0242ac120002'),('3874a70f-34d4-43b0-8ba1-02ce4dd13ba7',NULL,'2003-10-31 00:00:00','2022-12-02 00:00:00','huynhthanhhanh@fsoft.com.vn',NULL,'Huỳnh Thanh Hạnh',1,NULL,'$2a$10$qpuw4KDkUQn0Nnfogs2D2.uOeypsHyE.VCOf1HjCqmFOeiMkriPcO',3,NULL,NULL,'b424387c-4def-11ed-bdc3-0242ac120002'),('3a5c73c4-d3e2-4504-9762-01d333d50f3d',NULL,'1999-10-14 00:00:00','2022-12-02 00:00:00','huynhthaolinh@fsoft.com.vn',NULL,'Huỳnh Thảo Linh',0,NULL,'$2a$10$N98q0J7ZcH3zeV/QLnjRaucII7qlorQnh18WJH1PeXLe7XC2UzfZW',2,NULL,NULL,'b424387c-4def-11ed-bdc3-0242ac120002'),('3a645784-faf5-4e02-93f8-6f3e819daba4',NULL,'2000-12-01 00:00:00','2022-12-02 00:00:00','huynhthienthanh@fsoft.com.vn',NULL,'Huỳnh Thiên Thanh',1,NULL,'$2a$10$5YWZUKutHrNhQquIUr3RZup4tIjsBz2GwV5Gb0AzHyQ0LdfMbYwMm',2,NULL,NULL,'b424387c-4def-11ed-bdc3-0242ac120002'),('3b155c45-9f4a-4e94-8f31-a452832c6e59',NULL,'1999-01-25 00:00:00','2022-12-02 00:00:00','vungocquyet@fsoft.com.vn',NULL,'Vũ Ngọc Quyết',1,NULL,'$2a$10$4Vvytj5ZtWxC/./FqwiQi.KsTNbKE8AXXB2iAFsifjMDeqXCWGz5K',2,NULL,NULL,'b424387c-4def-11ed-bdc3-0242ac120002'),('3b637457-65dd-4bf7-ad14-b93bd5cefee6',NULL,'2002-03-28 00:00:00','2022-12-02 00:00:00','phamdinhsang@fsoft.com.vn',NULL,'Phạm Ðình Sang',1,NULL,'$2a$10$EyjYuMPmZQsyg.NnafsBM.tTKzRHm7Wp7yXlzo1TV3ZY9ooT3wqBe',2,NULL,NULL,'b424387c-4def-11ed-bdc3-0242ac120002'),('3bdffafe-41e0-424e-ab9d-815762181fdb',NULL,'1993-07-16 00:00:00','2022-12-02 00:00:00','huynhnhuquan@fsoft.com.vn',NULL,'Huỳnh Như Quân',0,NULL,'$2a$10$TKIbLkL6gLokMun67tf0LeK7vfSzRxmIzjp0Gpdrc3qOj/NxYU8h.',2,NULL,NULL,'b424387c-4def-11ed-bdc3-0242ac120002'),('3c4925a7-3627-490b-aedf-c28748b25850',NULL,'1995-11-01 00:00:00','2022-12-02 00:00:00','nguyenducphi@fsoft.com.vn',NULL,'Nguyễn Ðức Phi',0,NULL,'$2a$10$1CUg7s.vqQjOTShNmpAXie/CUuiOR.BRujTI3DFyGFv0D1vQGlniC',2,NULL,NULL,'b424387c-4def-11ed-bdc3-0242ac120002'),('3cdbfd2a-bdb4-4e57-8cc9-dc38aed3202c',NULL,'1994-06-19 00:00:00','2022-12-02 00:00:00','nguyenmanhnghiem@fsoft.com.vn',NULL,'Nguyễn Mạnh Nghiêm',0,NULL,'$2a$10$37sepys.DMAao56T1qvYueMQkR5G1cMzU.T.A1sG9XWYKIY/R2wme',2,NULL,NULL,'b424387c-4def-11ed-bdc3-0242ac120002'),('3d0ed9e5-38a9-462f-bff9-85989122983d',NULL,'1992-05-18 00:00:00','2022-12-02 00:00:00','huynhhongkhue@fsoft.com.vn',NULL,'Huỳnh Hồng Khuê',0,NULL,'$2a$10$cRFG/dS9stZeBa4lCwwp6eJbewyaw46a2/6Q8IqPHuJWJodoPfxIe',1,NULL,NULL,'9f64df36-4def-11ed-bdc3-0242ac120002'),('3d11d90e-3932-45fe-b745-95da78507f5d',NULL,'1993-07-01 00:00:00','2022-12-02 00:00:00','phamkimdung@fsoft.com.vn',NULL,'Phạm Kim Dung',0,NULL,'$2a$10$YZs/XgrEBdv8dmOWCC8F1uo6QwwGPSwGk3c0gMwYQxaU9oNOTAoIW',4,NULL,NULL,'b424387c-4def-11ed-bdc3-0242ac120002'),('3d45b9d3-37d3-4e39-80d1-46f4e7311d68',NULL,'2001-12-02 00:00:00','2022-12-02 00:00:00','anthevinh@fsoft.com.vn',NULL,'An Thế Vinh',0,NULL,'$2a$10$cmW3j8Ug1rdguRTUYw0kieEMqXUlmP/J.Gr0COpGJCsVS41jQ/cEW',2,NULL,NULL,'b424387c-4def-11ed-bdc3-0242ac120002'),('3d502d99-537b-42b9-b3e9-98d0801740e4','https://firebasestorage.googleapis.com/v0/b/testproject-369415.appspot.com/o/anh-sieu-nhan-gao-chibi-cute-08.jpg?alt=media&token=96424402-67fa-4d87-af2f-583bb17c3ae1','1988-06-02 00:00:00','2022-11-25 00:00:00','namthse150923@gmail.com',NULL,'Hoai nam',0,NULL,'$2a$10$PxX8h8hQc/ANCtQkMHr6x.OZnqs9n20l1Nfp7BYs5sosm.0Zu5nB6',1,NULL,NULL,'9f64df36-4def-11ed-bdc3-0242ac120002'),('3d841bda-eb8f-4230-a014-8c5724f2a00e',NULL,'1996-03-27 00:00:00','2022-12-02 00:00:00','huynhdienvy@fsoft.com.vn',NULL,'Huỳnh Diên Vỹ',0,NULL,'$2a$10$V66K.QzEPajGwXAVWvPieeY8nlRUzPVyrucUHhrqmeSgszJyrpVCG',2,NULL,NULL,'b424387c-4def-11ed-bdc3-0242ac120002'),('3de6a386-af07-4f84-a822-dffc5f3ed68c',NULL,'2001-10-22 00:00:00','2022-12-02 00:00:00','ngohiennuong@fsoft.com.vn',NULL,'Ngô Hiền Nương',0,NULL,'$2a$10$dz3jylUf0zMZJqcNHl/9yOrr8tIribERTd6mWOs9TbDxW/pGNTwv6',2,NULL,NULL,'b424387c-4def-11ed-bdc3-0242ac120002'),('3e299fc6-e04b-4d6a-9fb4-bddfc3e0aa1c',NULL,'1994-11-25 00:00:00','2022-12-02 00:00:00','buingocuyen@fsoft.com.vn',NULL,'Bùi Ngọc Uyên',0,NULL,'$2a$10$MWgQJU/SP4ziZgrrVlvZHOhqh6sLS42FEzVkZMg8E/NHBlD0mQEda',2,NULL,NULL,'b424387c-4def-11ed-bdc3-0242ac120002'),('3f126abb-7191-4a06-acd1-489351bee5ed',NULL,'1996-09-27 00:00:00','2022-12-02 00:00:00','damthucvan@fsoft.com.vn',NULL,'Dàm Thục Vân',0,NULL,'$2a$10$CYypcWt.U6ZDEemD4vfNV.zwS93lTIXRvObMjEfI00iSqJKYSG.Eu',4,NULL,NULL,'b424387c-4def-11ed-bdc3-0242ac120002'),('40023910-b7ca-4566-b202-5ad48522346c',NULL,'1995-07-14 00:00:00','2022-12-02 00:00:00','ankhanhminh@fsoft.com.vn',NULL,'An Khánh Minh',1,NULL,'$2a$10$4yfBGM3zSajOkfE8v7.XCu.dUrl12SbK2B.tIb3UizFBsAC7WtYcm',4,NULL,NULL,'b424387c-4def-11ed-bdc3-0242ac120002'),('40b89d4e-0a3e-4bca-9ae9-db7a6a213e8e',NULL,'1997-09-29 00:00:00','2022-12-02 00:00:00','damlamha@fsoft.com.vn',NULL,'Dàm Lam Hà',1,NULL,'$2a$10$rNFMwu3fhiws2D4.2Le1juegWoenGNtHHEca26C.uKNw4pMCe3ebq',4,NULL,NULL,'b424387c-4def-11ed-bdc3-0242ac120002'),('41141047-c68c-4cfc-a537-e90e5cd4c556',NULL,'1999-02-13 00:00:00','2022-12-02 00:00:00','letieumi@fsoft.com.vn',NULL,'Lê Tiểu Mi',0,NULL,'$2a$10$J69NdnSyUX.QWCccKJfeC.TdWUK73qi5yFAiPNyO0L2PNGkv9dlnG',4,NULL,NULL,'b424387c-4def-11ed-bdc3-0242ac120002'),('43919d04-33a1-4487-af31-3955b98f161b',NULL,'1993-12-23 00:00:00','2022-12-02 00:00:00','nguyenthanhthuan@fsoft.com.vn',NULL,'Nguyễn Thanh Thuận',0,NULL,'$2a$10$jMgW9iBzSuUhvjFt8azgoe87NfRSHSXCdCw2BD8rL5lN8CW3Izruy',4,NULL,NULL,'b424387c-4def-11ed-bdc3-0242ac120002'),('44e74bfc-5ba4-4ca4-bc04-bfb7782549d9',NULL,'1987-10-20 00:00:00','2022-12-02 00:00:00','huynhhaccuc@fsoft.com.vn',NULL,'Huỳnh Hạc Cúc',0,NULL,'$2a$10$lYGJUmLahtt8GXpyFX398.MsojKArMlRPGAQVLnuzAQ24Y66Mde3W',1,NULL,NULL,'9f64df36-4def-11ed-bdc3-0242ac120002'),('459bcc4f-880c-4434-ae69-6bf8c03bef88',NULL,'1978-06-18 00:00:00','2022-12-02 00:00:00','honguyenkhang@fsoft.com.vn',NULL,'Hồ Nguyên Khang',1,NULL,'$2a$10$qAMh16Iec5ijnLdzhrK74.8wLTmCFiYWheb60WtSw4g8rIasCVxmS',1,NULL,NULL,'9821f52e-4def-11ed-bdc3-0242ac120002'),('46020a86-c94e-45bd-ab89-81b8cceacffa',NULL,'1994-04-22 00:00:00','2022-12-02 00:00:00','nguyenphuongthi@fsoft.com.vn',NULL,'Nguyễn Phương Thi',0,NULL,'$2a$10$EnVpy253VKh48wySAknC4e/37bVQQlAcWmwYoXxVr9hDG/AbMIDoO',4,NULL,NULL,'b424387c-4def-11ed-bdc3-0242ac120002'),('47d87ebf-ea5f-4e7c-a273-1818c1cf5e60',NULL,'1985-01-24 00:00:00','2022-12-02 00:00:00','damkhanhhang@fsoft.com.vn',NULL,'Dàm Khánh Hằng',1,NULL,'$2a$10$BrYb8jfLNkhl8GAogBSPyOsK7w9WhlQFF7JtUnZQYIovKJvuSys6W',1,NULL,NULL,'9f64df36-4def-11ed-bdc3-0242ac120002'),('48042c18-59dd-43d9-ab9e-5c09d7810ac7',NULL,'2000-02-03 00:00:00','2022-12-02 00:00:00','phamthanhminh@fsoft.com.vn',NULL,'Phạm Thanh Minh',1,NULL,'$2a$10$gKMxAVoJuYup62Efbfx97.t.1IFn6ZIE/XoVWepya9JN4GFTTrlGS',4,NULL,NULL,'b424387c-4def-11ed-bdc3-0242ac120002'),('482bdef0-cbb5-4ea0-8b91-a74775d3913e',NULL,'2002-12-27 00:00:00','2022-12-02 00:00:00','hotuantu@fsoft.com.vn',NULL,'Hồ Tuấn Tú',0,NULL,'$2a$10$eHAFSVs/3Rma4YlelLRTCeUeVnSlPhPaTG4SQrlSfppyL1F.sKa6K',4,NULL,NULL,'b424387c-4def-11ed-bdc3-0242ac120002'),('483bc775-ca21-4eed-bea5-03b7a039853d',NULL,'2003-10-30 00:00:00','2022-12-02 00:00:00','nguyenminhson@fsoft.com.vn',NULL,'Nguyễn Minh Sơn',1,NULL,'$2a$10$l4aevGey9iuUidhJv5kxw.jvhp0RvV2NpgUdEiWxPU9etRzUsb056',3,NULL,NULL,'b424387c-4def-11ed-bdc3-0242ac120002'),('494c4369-62a8-4fde-a5e7-2316cc099ccc',NULL,'2000-02-22 00:00:00','2022-12-02 00:00:00','phamtuyetnga@fsoft.com.vn',NULL,'Phạm Tuyết Nga',0,NULL,'$2a$10$zRlGuJxJ324RsCQ.lG9Ar.T3yAKkGzjVr7wLiVn3lYnYsdgH/1.zm',4,NULL,NULL,'b424387c-4def-11ed-bdc3-0242ac120002'),('49b65521-cbae-495c-89da-013a5897a42a',NULL,'1989-07-02 00:00:00','2022-12-02 00:00:00','huynhduyenhong@fsoft.com.vn',NULL,'Huỳnh Duyên Hồng',0,NULL,'$2a$10$aFCrBzAFVi7csJ4BjBvZVO.nE5RzrTWm6Dp1EY.B3azymtV40BIvG',1,NULL,NULL,'9821f52e-4def-11ed-bdc3-0242ac120002'),('49ff87e5-227b-4f9e-8566-1504feb79332',NULL,'1991-04-09 00:00:00','2022-12-02 00:00:00','anmongthu@fsoft.com.vn',NULL,'An Mộng Thu',1,NULL,'$2a$10$9RGwofoCVAthALymtZbtOuzxSlB2oENIbJLMYFOiC180mWpglxfX6',4,NULL,NULL,'b424387c-4def-11ed-bdc3-0242ac120002'),('4a593f03-dc0e-4582-945d-2c10d6113b42',NULL,'2000-11-03 00:00:00','2022-12-02 00:00:00','lexuanhan@fsoft.com.vn',NULL,'Lê Xuân Hân',0,NULL,'$2a$10$H69zCsnJJoXOZN.pGCIeuuICLcmQN3Pj/p2yRqxLG.Uo2P2zinu8O',4,NULL,NULL,'b424387c-4def-11ed-bdc3-0242ac120002'),('4a79283d-0ae0-4785-a772-c17b6d13e18d',NULL,'1992-12-09 00:00:00','2022-12-02 00:00:00','vuquochiep@fsoft.com.vn',NULL,'Vũ Quốc Hiệp',1,NULL,'$2a$10$JnfjeIW9EmU89EoRrs.lq.3Zjp/4vr4o/u46EpqdvXt4ei0fhSDhu',4,NULL,NULL,'b424387c-4def-11ed-bdc3-0242ac120002'),('4ab7f5ef-16bb-42c1-a650-13c54ad2738c',NULL,'1991-05-17 00:00:00','2022-12-02 00:00:00','huynhthuyvan@fsoft.com.vn',NULL,'Huỳnh Thúy Vân',1,NULL,'$2a$10$jWpvK.2hLFMVabboJUFpH.XdQzT5evtgqWyuE5hBGHXlf/72WFx3O',3,NULL,NULL,'b424387c-4def-11ed-bdc3-0242ac120002'),('4b412c73-1d8d-493b-8a95-5f475bc7cb88',NULL,'1992-08-31 00:00:00','2022-12-02 00:00:00','vuchidung@fsoft.com.vn',NULL,'Vũ Chí Dũng',0,NULL,'$2a$10$HCdVDTDP7gg47nF4fDzYc.gWtMGlHCZPTW3PZP3yucbQtEw54pBUK',2,NULL,NULL,'b424387c-4def-11ed-bdc3-0242ac120002'),('4c7b2453-c537-4084-8f6f-ac08a1e5b89c',NULL,'1993-12-31 00:00:00','2022-12-02 00:00:00','antronghung@fsoft.com.vn',NULL,'An Trọng Hùng',0,NULL,'$2a$10$EngAC7atK03zh0xWUqge6OJVua5nP3Nr0OQmHXO1..nRu51YwGmcq',1,NULL,NULL,'9821f52e-4def-11ed-bdc3-0242ac120002'),('4cbe89ae-45c2-44bc-8929-6ec535ba6407',NULL,'1999-06-24 00:00:00','2022-12-02 00:00:00','ngotrucdao@fsoft.com.vn',NULL,'Ngô Trúc Ðào',1,NULL,'$2a$10$3M739eAZhafhtVRuZoYG8ON1bUz6zsf8zSO/pN0t7cj1CiW.PPuhe',2,NULL,NULL,'b424387c-4def-11ed-bdc3-0242ac120002'),('4cff3672-0558-4248-91cd-1834c9f44d80',NULL,'2001-11-14 00:00:00','2022-12-02 00:00:00','hoangdinhthien@fsoft.com.vn',NULL,'Hoàng Ðình Thiện',1,NULL,'$2a$10$uwjXfRlOtGNsht4FhD/oR.PYyvV4wI92uuWSQwleGDICNd7kjTTUG',2,NULL,NULL,'b424387c-4def-11ed-bdc3-0242ac120002'),('4e43c0dc-3500-4aa0-85cd-89fb5c38b13c',NULL,'2003-04-02 00:00:00','2022-12-02 00:00:00','phamhoangan@fsoft.com.vn',NULL,'Phạm Hoàng Ân',0,NULL,'$2a$10$fOGZTt4wzbdqMl9BRO0llOlECvVsYaEHwQSLZ86yQMJUBpERfzzzW',2,NULL,NULL,'b424387c-4def-11ed-bdc3-0242ac120002'),('4e58770c-451f-4531-b204-791063304835',NULL,'2001-11-16 00:00:00','2022-12-02 00:00:00','letuyetnga@fsoft.com.vn',NULL,'Lê Tuyết Nga',0,NULL,'$2a$10$OkgDNULjtnRhV9e6/VSNouRsR7E8rZGR6meKXWwMhHZOC9gxkLzf.',2,NULL,NULL,'b424387c-4def-11ed-bdc3-0242ac120002'),('4eef0c43-9780-4d65-adba-eb34eeefb4ba',NULL,'1996-07-30 00:00:00','2022-12-02 00:00:00','vuvietan@fsoft.com.vn',NULL,'Vũ Việt An',1,NULL,'$2a$10$9K8ApjO2iI2mlGP8sI7ate5i5l.O0me/FEGK6oMBRVrQ5yT8lqBhO',2,NULL,NULL,'b424387c-4def-11ed-bdc3-0242ac120002'),('4f07fc4b-27ef-4568-a023-40640fc8bd5b',NULL,'2002-11-16 00:00:00','2022-12-02 00:00:00','huynhquynhtrang@fsoft.com.vn',NULL,'Huỳnh Quỳnh Trang',1,NULL,'$2a$10$icxsBOU7SocEkR26a9KyVu4ehIVo69ytOeGjv5XlY2EMjB06ULJFC',2,NULL,NULL,'b424387c-4def-11ed-bdc3-0242ac120002'),('4f1a3236-6092-4526-a8c2-3847160852d3',NULL,'2000-04-23 00:00:00','2022-12-02 00:00:00','huynhnhumai@fsoft.com.vn',NULL,'Huỳnh Như Mai',1,NULL,'$2a$10$TJk2PRqGQIEqDY6q9.ffyOdbsopKMWnNPzlG77vW3nS5xO4U.5WJS',2,NULL,NULL,'b424387c-4def-11ed-bdc3-0242ac120002'),('4fa089cd-a1cc-4ef2-a669-561588407502',NULL,'1997-04-26 00:00:00','2022-12-02 00:00:00','huynhtramhuong@fsoft.com.vn',NULL,'Huỳnh Trầm Hương',0,NULL,'$2a$10$DDcM2HijljCbcTBvz6QyDOnelzFJ8R7UnWDU2jsIfUuAEZbN9Hn9u',2,NULL,NULL,'b424387c-4def-11ed-bdc3-0242ac120002'),('4fbcae18-c19d-4c88-a332-d6b49656452f',NULL,'1979-11-03 00:00:00','2022-12-02 00:00:00','hoangngoctho@fsoft.com.vn',NULL,'Hoàng Ngọc Thọ',1,NULL,'$2a$10$2d7B6NoYSRhahLdY6Vpdoe2cebuoCXAM/Z31Gqr8FljeyoRM8f6Xe',1,NULL,NULL,'9f64df36-4def-11ed-bdc3-0242ac120002'),('4fef57bc-6944-478b-ade0-03229cf6d2df',NULL,'1994-06-27 00:00:00','2022-12-02 00:00:00','huynhminhchau@fsoft.com.vn',NULL,'Huỳnh Minh Châu',0,NULL,'$2a$10$aI5Tk/r4GLrAcRnRpcG5yeDdAfNQpPHDT6LycRQvISg0ATb4xt/0O',2,NULL,NULL,'b424387c-4def-11ed-bdc3-0242ac120002'),('5090eb65-9022-420d-8617-bf8de76934c0',NULL,'1993-10-26 00:00:00','2022-12-02 00:00:00','buimaihien@fsoft.com.vn',NULL,'Bùi Mai Hiền',1,NULL,'$2a$10$LUgzS.OKl/jaHEFhzI/6AOIyb3Zwjsgm3eM/v1EsS1.9h31PkldR.',2,NULL,NULL,'b424387c-4def-11ed-bdc3-0242ac120002'),('509dabe4-0d4e-4f3f-8d97-a0fa32532e51',NULL,'2001-04-19 17:00:00','2022-12-02 08:33:44','bmlquangquyen1102@gmail.com',NULL,'Đào Quang Quyền',0,NULL,'$2a$10$8YgA91rT8mtoAHbICWciAOmDRrN90ntzYA88adRjYgn.H22kNSKE.',1,NULL,NULL,'9f64df36-4def-11ed-bdc3-0242ac120002'),('50b0700f-3c47-4e67-997e-64e881a44a79',NULL,'2001-07-10 00:00:00','2022-12-02 00:00:00','phamtrongduy@fsoft.com.vn',NULL,'Phạm Trọng Duy',0,NULL,'$2a$10$RU42pcUfLIaVCifOXPtu4OnRReagbAeG5AKxqOpiUehdPyYWLRO8K',2,NULL,NULL,'b424387c-4def-11ed-bdc3-0242ac120002'),('50c3d8e9-df96-4ec2-be25-0d6b729edded',NULL,'1993-05-31 00:00:00','2022-12-02 00:00:00','huynhtuyetchi@fsoft.com.vn',NULL,'Huỳnh Tuyết Chi',1,NULL,'$2a$10$vqGskdoVd80zvz35HwAE8O1oElDehXoat5YaAgaPJ6bJebWx06AAG',2,NULL,NULL,'b424387c-4def-11ed-bdc3-0242ac120002'),('51411dd6-e716-4f62-bda9-868747317b96',NULL,'2000-03-12 00:00:00','2022-12-02 00:00:00','damthuyphuong@fsoft.com.vn',NULL,'Dàm Thúy Phượng',1,NULL,'$2a$10$yF1mglCImG3x6s5dZfxgxuomUdEpZ2sVsmaoSGCvdKLWqqNtN/ehi',3,NULL,NULL,'b424387c-4def-11ed-bdc3-0242ac120002'),('51ee1552-9daa-4143-9f77-5528148518ab',NULL,'1975-03-06 00:00:00','2022-12-02 00:00:00','anxuanyen@fsoft.com.vn',NULL,'An Xuân Yến',0,NULL,'$2a$10$lsN4p9gJbsZydJ9eu6jD8.I68JzOSvHgFn2DRdl5vgoDlU7YRQxSK',3,NULL,NULL,'b424387c-4def-11ed-bdc3-0242ac120002'),('5477748a-703c-46d7-9593-2834d9e03549',NULL,'2001-06-02 00:00:00','2022-12-02 00:00:00','huynhthuyhuong@fsoft.com.vn',NULL,'Huỳnh Thúy Hương',1,NULL,'$2a$10$77Ejn3HSfiKmn3PlNj/Lz.G80ZS1HwrdidlZztwkDn387AJMnJHDi',3,NULL,NULL,'b424387c-4def-11ed-bdc3-0242ac120002'),('547b2670-bc27-4bc0-b4b6-e86dca84119b',NULL,'2001-09-08 00:00:00','2022-12-02 00:00:00','hoangngocdai@fsoft.com.vn',NULL,'Hoàng Ngọc Dại',1,NULL,'$2a$10$8.RPhgoY7wkYMiz0lr9X6.Ncb6x0Cs42mACIs8PbcO7DvqTSWp2qq',3,NULL,NULL,'b424387c-4def-11ed-bdc3-0242ac120002'),('551ae9bc-c9ca-4d48-a1a0-1757501d3002',NULL,'1997-06-03 00:00:00','2022-12-02 00:00:00','hoanghuuhoang@fsoft.com.vn',NULL,'Hoàng Hữu Hoàng',0,NULL,'$2a$10$Zdo1XqAaTGyvUuBjyyIVaepAZ6a/TZoh0xgUBz356uYFUS6bcLxJC',3,NULL,NULL,'b424387c-4def-11ed-bdc3-0242ac120002'),('556c8d98-c1c4-4a52-a8d6-8dddb030e4ad',NULL,'1995-01-19 00:00:00','2022-12-02 00:00:00','huynhannhien@fsoft.com.vn',NULL,'Huỳnh An Nhiên',0,NULL,'$2a$10$.TopuMylR5zi6yV4.iZGCO1zSYjz1w1OND8Mz.BhzagewajuFZmce',3,NULL,NULL,'b424387c-4def-11ed-bdc3-0242ac120002'),('55b08d87-048f-4f20-8bec-5163bb03810b',NULL,'2003-08-31 00:00:00','2022-12-02 00:00:00','vuminhkiet@fsoft.com.vn',NULL,'Vũ Minh Kiệt',1,NULL,'$2a$10$IYN.hB12io7DgtTetbtzYOowxy6.jNL6vfsBxQYMhhS4IFZZazcwO',4,NULL,NULL,'b424387c-4def-11ed-bdc3-0242ac120002'),('55d4e4af-7671-4e0c-b0d4-50452a1e2340',NULL,'2003-11-28 00:00:00','2022-12-02 00:00:00','huynhsaobang@fsoft.com.vn',NULL,'Huỳnh Sao Băng',0,NULL,'$2a$10$Ku/UGXc65yXpHiOEwfZ/5O2y6FFv.1skHz47YNE1h6cK4vNDz7Pj2',2,NULL,NULL,'b424387c-4def-11ed-bdc3-0242ac120002'),('565ab8a1-fe0a-4d58-ae33-16eb0abe8aa1',NULL,'1976-11-19 00:00:00','2022-12-02 00:00:00','vubinhnguyen@fsoft.com.vn',NULL,'Vũ Bình Nguyên',0,NULL,'$2a$10$lzju2BOwz2mZFJfMbsLhpOiIJ0thXrUspSdCox9F89PbjqFhFoPgu',1,NULL,NULL,'9f64df36-4def-11ed-bdc3-0242ac120002'),('578cab21-85cb-4d89-afa0-d2449c45580a',NULL,'2003-04-24 00:00:00','2022-12-02 00:00:00','phamdangan@fsoft.com.vn',NULL,'Phạm Ðăng An',1,NULL,'$2a$10$cY4Pp00lUTxkK7ig/yCU9u6S0qzbyFVGwqmc9n4ExvqwzFr1HGYeS',2,NULL,NULL,'b424387c-4def-11ed-bdc3-0242ac120002'),('57ffb9ea-ef26-471b-8db7-eb3a8f9e96a1',NULL,'1998-08-04 00:00:00','2022-12-02 00:00:00','ngobichnga@fsoft.com.vn',NULL,'Ngô Bích Ngà',1,NULL,'$2a$10$QfFRDRrzdmuj7MWeX6QcruR0gluOp0DeClB5teUyl9S278vRBXOP6',2,NULL,NULL,'b424387c-4def-11ed-bdc3-0242ac120002'),('594f2375-6c5c-43f3-a7c7-fdc20ffc22b2',NULL,'1996-02-23 00:00:00','2022-12-02 00:00:00','nguyenthanhlan@fsoft.com.vn',NULL,'Nguyễn Thanh Lan',1,NULL,'$2a$10$WmZNFAluPcqYYv8dTEnWDOwSFdRil0sba8bnmH4fLhcn6BUkii/Mu',2,NULL,NULL,'b424387c-4def-11ed-bdc3-0242ac120002'),('59b6fbf8-1d4d-4187-bd76-a6c855c76b9e',NULL,'1975-06-26 00:00:00','2022-12-02 00:00:00','damkimthao@fsoft.com.vn',NULL,'Dàm Kim Thảo',1,NULL,'$2a$10$AKXLKYMYPJLWvJ.owXCvg.QLy2.gbugZxRETfKfuBj.9LZPoMSK0S',1,NULL,NULL,'9f64df36-4def-11ed-bdc3-0242ac120002'),('5ada98bb-bdd3-4340-bbf1-0b1a02b23a0d',NULL,'1992-04-12 00:00:00','2022-12-02 00:00:00','huynhthuytrinh@fsoft.com.vn',NULL,'Huỳnh Thụy Trinh',1,NULL,'$2a$10$bzrvwZuf7pU71JD91jKF1.OweCQd1UlUmLMNcSjvgAZy13l0p5MCS',2,NULL,NULL,'b424387c-4def-11ed-bdc3-0242ac120002'),('5adb58df-b4db-43f4-bf0d-2cb1f2f6b871',NULL,'2001-06-21 00:00:00','2022-12-02 00:00:00','huynhthanhmai@fsoft.com.vn',NULL,'Huỳnh Thanh Mai',1,NULL,'$2a$10$vRNMV8v0QJqLflKWHambmePaTnJmzHFSmU/yCiW.St2saHHtjRKPy',2,NULL,NULL,'b424387c-4def-11ed-bdc3-0242ac120002'),('5c147308-55e3-4277-8f04-0a425c80240b',NULL,'1995-05-06 00:00:00','2022-12-02 00:00:00','hothanhphi@fsoft.com.vn',NULL,'Hồ Thanh Phi',1,NULL,'$2a$10$YkqwAt53F4B0NixX0UeHu.XTaJwyy//bMQfovAYTf.WpMvdhX9Xlm',2,NULL,NULL,'b424387c-4def-11ed-bdc3-0242ac120002'),('5c1a403d-8538-42bb-9157-91a2f81b8627',NULL,'1995-10-05 00:00:00','2022-12-02 00:00:00','vudangkhoa@fsoft.com.vn',NULL,'Vũ Ðăng Khoa',1,NULL,'$2a$10$H2Cfr2kikjP7KwP3famEcOSyqU1qf8cGIDpns1scK598AXtPRtVrW',2,NULL,NULL,'b424387c-4def-11ed-bdc3-0242ac120002'),('5c7819a0-b6a2-4aa0-88cb-2eabaf4cbf21',NULL,'1997-11-22 00:00:00','2022-12-02 00:00:00','nguyenphuongvu@fsoft.com.vn',NULL,'Nguyễn Phượng Vũ',0,NULL,'$2a$10$lenXfjNDjLHi2k6thn.yPO1QK0jSS6F2CZWvY6MHHEsdvXjWgPoCC',2,NULL,NULL,'b424387c-4def-11ed-bdc3-0242ac120002'),('5cdc350f-c544-4183-ade2-9a465111268f',NULL,'1997-01-22 00:00:00','2022-12-02 00:00:00','ngoxuanthanh@fsoft.com.vn',NULL,'Ngô Xuân Thanh',0,NULL,'$2a$10$6Apcxr6whDAp4bn99/M2COReaXCqURj/OPRzkiF7AyxZrfC7puCsK',2,NULL,NULL,'b424387c-4def-11ed-bdc3-0242ac120002'),('5d6e3a60-26e6-4cb5-8ce2-d4023909136b',NULL,'1997-11-04 00:00:00','2022-12-02 00:00:00','phamnhutam@fsoft.com.vn',NULL,'Phạm Như Tâm',1,NULL,'$2a$10$TxCiOIx./fReittPpe7CDOZocZslLMHwdgKYGL2jJfVVOOut/3.He',2,NULL,NULL,'b424387c-4def-11ed-bdc3-0242ac120002'),('5d8df31e-b1d5-4c51-8ecd-c5246947d805',NULL,'1994-03-23 00:00:00','2022-12-02 00:00:00','nguyenhoaly@fsoft.com.vn',NULL,'Nguyễn Hoa Lý',1,NULL,'$2a$10$teCBDa39uJ.RgZr9w8IdJ.7/GEzfCsiVNlWurOQXR4wgW/dxHbnP2',2,NULL,NULL,'b424387c-4def-11ed-bdc3-0242ac120002'),('5e2d86dd-bf19-41cd-997b-81b423c519bb',NULL,'1998-02-28 00:00:00','2022-12-02 00:00:00','hoangtrihao@fsoft.com.vn',NULL,'Hoàng Trí Hào',1,NULL,'$2a$10$.Ztcv74TlB0tpkW37rNlee5ugKmQ9DZMjEaczgffgf70kqBNRsF9C',2,NULL,NULL,'b424387c-4def-11ed-bdc3-0242ac120002'),('5e8b791d-db55-4b45-9abc-23c670150a6f',NULL,'1993-04-23 00:00:00','2022-12-02 00:00:00','nguyenhongkhue@fsoft.com.vn',NULL,'Nguyễn Hồng Khuê',1,NULL,'$2a$10$MsfUUWx8D7UBIc8N/Br0luodToGf8EsecurX3PAc0wUnMTzKzNaV.',3,NULL,NULL,'b424387c-4def-11ed-bdc3-0242ac120002'),('5ea83a9f-d4ad-4225-8015-5a6bcf030bfe',NULL,'2000-05-26 00:00:00','2022-12-02 00:00:00','anngocminh@fsoft.com.vn',NULL,'An Ngọc Minh',1,NULL,'$2a$10$1wt3SX75QdODQLMQlQyPm.P9J3zLxhHHKJAHZwPjOvAtLAHPhBAXu',3,NULL,NULL,'b424387c-4def-11ed-bdc3-0242ac120002'),('5eeca28f-8448-46e1-be76-1ccbe562bd35',NULL,'1996-06-04 00:00:00','2022-12-02 00:00:00','lemanhtuong@fsoft.com.vn',NULL,'Lê Mạnh Tường',0,NULL,'$2a$10$WymQpnsJWvi/KAoVGU1MTeG7KjvezlY1iNnKNILxMkUk7niMIQkFG',3,NULL,NULL,'b424387c-4def-11ed-bdc3-0242ac120002'),('61970f41-ef73-4f0c-9e3d-2dce3b8464ff',NULL,'2001-12-10 00:00:00','2022-12-02 00:00:00','nguyenngocquang@fsoft.com.vn',NULL,'Nguyễn Ngọc Quang',1,NULL,'$2a$10$kNKzr7js8K3M2/FFwqazGOu51Xc/CmTcb8tR69RwnO8AJjRIpGHLK',3,NULL,NULL,'b424387c-4def-11ed-bdc3-0242ac120002'),('64df4576-202d-4b13-aeda-61cadca99a8d',NULL,'1989-06-24 00:00:00','2022-12-02 00:00:00','anquocdien@fsoft.com.vn',NULL,'An Quốc Ðiền',1,NULL,'$2a$10$9w1uPe6E2rzkYbA87qQGu.lVyPjpeu/9KvEK5/c7UXtjqcb0nmpLm',3,NULL,NULL,'b424387c-4def-11ed-bdc3-0242ac120002'),('65a86d27-c8d3-4051-a6a6-4f66a9e55122',NULL,'1996-09-26 00:00:00','2022-12-02 00:00:00','huynhkimtuyet@fsoft.com.vn',NULL,'Huỳnh Kim Tuyết',1,NULL,'$2a$10$6yH39GwhcGVJGsDQ4TZeiOen2/cK3ooLExpKsf2RLtM/k0zDOYSnW',3,NULL,NULL,'b424387c-4def-11ed-bdc3-0242ac120002'),('66247d33-7d5c-4614-9e40-39e9c3673b58',NULL,'2001-09-12 00:00:00','2022-12-02 00:00:00','antrongduy@fsoft.com.vn',NULL,'An Trọng Duy',1,NULL,'$2a$10$BrWbd8TTmlvifXQaypSis.8wdd39nP9h7abLFXWQWGzSasQVcstti',3,NULL,NULL,'b424387c-4def-11ed-bdc3-0242ac120002'),('66ce7bea-bed1-4b66-b69e-274a28ae95f5',NULL,'1997-06-06 00:00:00','2022-12-02 00:00:00','huynhdieulan@fsoft.com.vn',NULL,'Huỳnh Diệu Lan',1,NULL,'$2a$10$QeiISKGdjZdqd1pWBMOWRehreBOOTiiHDPOJiOP3STKFwgu5LOZ.i',3,NULL,NULL,'b424387c-4def-11ed-bdc3-0242ac120002'),('670a4f9e-04b5-4130-97df-68c3eb5dc068',NULL,'1993-09-07 00:00:00','2022-12-02 00:00:00','hodinhluan@fsoft.com.vn',NULL,'Hồ Ðình Luận',0,NULL,'$2a$10$Zc4LqSjLm6O4P50tfMWGq.yKsuLyLtHzGMCfwP9Xjmm7FIS.r9GvW',3,NULL,NULL,'b424387c-4def-11ed-bdc3-0242ac120002'),('678197cc-e76a-49bd-90b0-722ec4261545',NULL,'1999-07-27 00:00:00','2022-12-02 00:00:00','vuvuongviet@fsoft.com.vn',NULL,'Vũ Vương Việt',0,NULL,'$2a$10$eOedfuKQfbbXpE2A2nLzru4F/cvxqrHFscng/y07GqnnWwOfHXdXi',3,NULL,NULL,'b424387c-4def-11ed-bdc3-0242ac120002'),('6784a935-1902-41f5-872e-a8c777fdf88a',NULL,'1998-05-14 00:00:00','2022-12-02 00:00:00','anthuyanh@fsoft.com.vn',NULL,'An Thúy Anh',0,NULL,'$2a$10$Dpn1BcIS0CCz.HZrPYvon.TRoWDPvMjdqN1Ci8KytNU9wSzjAO08a',3,NULL,NULL,'b424387c-4def-11ed-bdc3-0242ac120002'),('686d90cf-d4af-4cc1-a825-2b409410c79f',NULL,'1995-02-26 00:00:00','2022-12-02 00:00:00','buinhungoc@fsoft.com.vn',NULL,'Bùi Như Ngọc',0,NULL,'$2a$10$ziZx.m17mrq8IsptUGXpWOZSKhm2bs2BJvX3YOnbr1E4MgWRWAcn.',3,NULL,NULL,'b424387c-4def-11ed-bdc3-0242ac120002'),('689273e4-4f0b-47f9-b240-dab2936a772d',NULL,'1999-07-01 00:00:00','2022-12-02 00:00:00','nguyenquynhphuong@fsoft.com.vn',NULL,'Nguyễn Quỳnh Phương',0,NULL,'$2a$10$QXd27.CNCCWxAd0gRM3YbOPxHIlXjXUqOHLR9iMdVeixuVowRhtIG',4,NULL,NULL,'b424387c-4def-11ed-bdc3-0242ac120002'),('6896c072-ac39-4883-894b-08eb30a551a7',NULL,'1992-07-18 00:00:00','2022-12-02 00:00:00','hominhthong@fsoft.com.vn',NULL,'Hồ Minh Thông',1,NULL,'$2a$10$/PzPL3E5lBOzFx3Sazbij.WAxe1Ju03NniWgcE1KM2hpqzwT6MizO',1,NULL,NULL,'9f64df36-4def-11ed-bdc3-0242ac120002'),('68b40875-69e1-4791-baf7-0a7da510e900',NULL,'1997-02-08 00:00:00','2022-12-02 00:00:00','huynhtamhang@fsoft.com.vn',NULL,'Huỳnh Tâm Hằng',1,NULL,'$2a$10$6d2m7NdiF7zJ8W.8IYcc3uk.JwzDRiRkI86EL8xWbHM0xNnnSTOrC',4,NULL,NULL,'b424387c-4def-11ed-bdc3-0242ac120002'),('68bdc059-51d1-4287-ae7c-6010470d3312','https://firebasestorage.googleapis.com/v0/b/testproject-369415.appspot.com/o/anh-sieu-nhan-gao-chibi-cute-09.jpg?alt=media&token=a227c43a-b6d4-43db-88de-a27ee2d9b981','1999-05-31 00:00:00','2022-07-27 01:02:23','nguyentrunghieu@gmail.com',NULL,'Nguyễn Trung Hiếu',1,NULL,'$2a$10$uJYvciCabW2soL3ZR/d5Wu7G0Xz7WfnW4TmzWa.ysR/JaD25cy5Ji',0,NULL,NULL,'9821f52e-4def-11ed-bdc3-0242ac120002'),('68fa9f4b-d749-449a-9a25-777a02ad3b26',NULL,'2001-03-03 17:00:00','2022-12-04 12:44:10','superadmin@gmail.com',NULL,'Super Admin',0,NULL,'$2a$10$jxmLBoRXP1P/9xaWHjlvmubBWdCHc4mGXBImoP94Es3VdKPbPrgwW',1,NULL,NULL,'4436720a-4def-11ed-bdc3-0242ac120002'),('69992f6d-def9-4582-befc-66e1df474e24',NULL,'1986-04-06 00:00:00','2022-12-02 00:00:00','anhiepha@fsoft.com.vn',NULL,'An Hiệp Hà',1,NULL,'$2a$10$zmeeMLP/dT.9oRbNVLWB9OjgWet/.T59nh0PclDcvFu1CnzHxH/Ta',0,NULL,NULL,'9f64df36-4def-11ed-bdc3-0242ac120002'),('6ac76982-d906-42aa-a41c-3b6794647b47',NULL,'2001-09-18 00:00:00','2022-12-02 00:00:00','hoangphucnguyen@fsoft.com.vn',NULL,'Hoàng Phúc Nguyên',1,NULL,'$2a$10$M2V576K5LVV1T6uq2GlQ7ehbO5kjUWNe30iaxpYNbTDyQJWpOBnpa',4,NULL,NULL,'b424387c-4def-11ed-bdc3-0242ac120002'),('6b402490-a3fb-4431-b917-54d9f7ece10a',NULL,'2003-10-29 00:00:00','2022-12-02 00:00:00','vubathanh@fsoft.com.vn',NULL,'Vũ Bá Thành',0,NULL,'$2a$10$dH0XgVu/OUaR1SIVmmnkSOpKqo4QPUWxdoBsqPImRdS6Wzl6lq2R6',3,NULL,NULL,'b424387c-4def-11ed-bdc3-0242ac120002'),('6bbfd84c-f75b-4730-af42-8981dbf1ab18',NULL,'1991-07-26 00:00:00','2022-12-02 00:00:00','hoanggiathien@fsoft.com.vn',NULL,'Hoàng Gia Thiện',0,NULL,'$2a$10$ehbkr1n41bkhpi1QeeXCeO1Fq9azZcToRdbNzbMS6U4Tcpy2ocxAW',2,NULL,NULL,'b424387c-4def-11ed-bdc3-0242ac120002'),('6bfbb939-1046-42db-85fb-0d9a8430d99f',NULL,'2001-02-24 00:00:00','2022-12-02 00:00:00','vuminhdat@fsoft.com.vn',NULL,'Vũ Minh Ðạt',1,NULL,'$2a$10$pAnkyz3t2ECawa/SAQj.BO/xF.WG0TxQ407tpZGC6oOtCxAy8Lnra',2,NULL,NULL,'b424387c-4def-11ed-bdc3-0242ac120002'),('6c3551a5-53db-4f8a-877b-acd7b379daa5',NULL,'2003-06-01 00:00:00','2022-12-02 00:00:00','vucongluan@fsoft.com.vn',NULL,'Vũ Công Luận',1,NULL,'$2a$10$ikArW4Sjhgs9m2Oc8CK6BO9iB7YnEE5.Ue/ij62ciVDfGhWNoAvSu',2,NULL,NULL,'b424387c-4def-11ed-bdc3-0242ac120002'),('6c3ff251-0051-43f0-be12-bdeb5776a6af',NULL,'1996-06-27 00:00:00','2022-12-02 00:00:00','hoangnamthong@fsoft.com.vn',NULL,'Hoàng Nam Thông',0,NULL,'$2a$10$AMSZdBbDnkicksV4QS4iJeHz9vX8WklCYlyviv6fyPi6PaEIv6C/2',2,NULL,NULL,'b424387c-4def-11ed-bdc3-0242ac120002'),('6c44a14b-2732-4520-b2ff-5103d9a14439',NULL,'1997-04-02 00:00:00','2022-12-02 00:00:00','huynhxuanlan@fsoft.com.vn',NULL,'Huỳnh Xuân Lan',0,NULL,'$2a$10$iWU1dhww4gw3eSOCCJdcyuQIH/vapboOvUfGKrjjAfBhvQ/T.fxaq',2,NULL,NULL,'b424387c-4def-11ed-bdc3-0242ac120002'),('6c599c9a-73a9-48cd-82ca-e4c65a06e81d',NULL,'1995-05-11 00:00:00','2022-12-02 00:00:00','phamanhquan@fsoft.com.vn',NULL,'Phạm Anh Quân',1,NULL,'$2a$10$WL8.kbaBOb/fUWW7serly.np56XiUbyrMdrgbuUhHoPF5zSlvZWvu',1,NULL,NULL,'9f64df36-4def-11ed-bdc3-0242ac120002'),('6c645bb6-9395-43b3-a776-0c3f945b25b5',NULL,'2020-02-02 00:00:00','2022-12-02 00:00:00','namthse150922@fsoft.com.vn',NULL,'hoainam',0,NULL,'$2a$10$v5B4ApaCaFMMDdyVps3wzOsYHXc3t.fxWmSLws8kqJfULER97Qsc.',1,NULL,NULL,'9f64df36-4def-11ed-bdc3-0242ac120002'),('6ca5a33f-a9af-40be-882d-5fe60fc91d02',NULL,'2003-07-15 00:00:00','2022-12-02 00:00:00','anmonghoa@fsoft.com.vn',NULL,'An Mộng Hoa',0,NULL,'$2a$10$mpQL8wzwfk7X.Y05P/riq.EskEUFuhXS5OOX8hCAHbAXjk.Kbfqgu',3,NULL,NULL,'b424387c-4def-11ed-bdc3-0242ac120002'),('6d5cf77b-bc8b-48b9-9235-fbe9173d2be4',NULL,'2000-11-10 00:00:00','2022-12-02 00:00:00','hoanghongviet@fsoft.com.vn',NULL,'Hoàng Hồng Việt',0,NULL,'$2a$10$3Nss2tNPPz2zL67.g1auE.KJy618nqKDOtmN60.al3tnqNr2TzkPK',2,NULL,NULL,'b424387c-4def-11ed-bdc3-0242ac120002'),('6e036da6-3559-4f0b-8f0d-af7383c32925',NULL,'1993-04-23 00:00:00','2022-12-02 00:00:00','huynhhaichau@fsoft.com.vn',NULL,'Huỳnh Hải Châu',1,NULL,'$2a$10$ZJ5vAcUZFLoi/fMpdx6PAOpnZ4PifaKfKkEUHpIQGDFZJuHZjWuyu',2,NULL,NULL,'b424387c-4def-11ed-bdc3-0242ac120002'),('6e7f6e04-d648-46a7-af43-bc05ade7ee16',NULL,'1995-09-04 00:00:00','2022-12-02 00:00:00','anhaiuyen@fsoft.com.vn',NULL,'An Hải Uyên',1,NULL,'$2a$10$O392kB/.0hFghit3tits6uHbpoE9k.L2NB.ShjTDJVo/XaKJIjJe.',3,NULL,NULL,'b424387c-4def-11ed-bdc3-0242ac120002'),('6ef65838-a722-44e8-8c58-9c6157b15be4',NULL,'1996-11-11 00:00:00','2022-12-02 00:00:00','hophuhai@fsoft.com.vn',NULL,'Hồ Phú Hải',0,NULL,'$2a$10$lAvwncQIsWZ6HZJ1hG2nj.1k62f.1urQwu7gCg0tdjmfBeRrOwX3G',2,NULL,NULL,'b424387c-4def-11ed-bdc3-0242ac120002'),('6ff5e1c0-5516-4695-91a0-02fc6c055beb','https://firebasestorage.googleapis.com/v0/b/testproject-369415.appspot.com/o/anh-sieu-nhan-gao-chibi-cute-11.jpg?alt=media&token=962d02d8-a1d1-4f44-80f4-ce7959073ba6','1985-08-13 00:00:00','2022-03-16 04:38:23','ivarstollwerck@gmail.com',NULL,'Ivar Stollwerck',0,NULL,'$2a$10$uJYvciCabW2soL3ZR/d5Wu7G0Xz7WfnW4TmzWa.ysR/JaD25cy5Ji',0,NULL,NULL,'9f64df36-4def-11ed-bdc3-0242ac120002'),('71e65d75-5eb8-491e-848f-1bc6dff607bf',NULL,'1999-03-30 00:00:00','2022-12-02 00:00:00','phamminhthu@fsoft.com.vn',NULL,'Phạm Minh Thu',0,NULL,'$2a$10$Cm3oYro5UM6OlmjBhR63SuzjfOsDzeFapY2VkDwSJxdRWKg2CMHKC',2,NULL,NULL,'b424387c-4def-11ed-bdc3-0242ac120002'),('72257b5f-f257-4ff3-9d8f-61e9d6de48fe',NULL,'1993-07-13 00:00:00','2022-12-02 00:00:00','ngoandi@fsoft.com.vn',NULL,'Ngô An Di',1,NULL,'$2a$10$8bVYLBC3fMiveVSU1XuuWuugzReHqDDS.BtmczQnspMkC.ev1Zll6',2,NULL,NULL,'b424387c-4def-11ed-bdc3-0242ac120002'),('72b6d877-a446-4f49-b722-5bcb6051383a',NULL,'1995-12-12 00:00:00','2022-12-02 00:00:00','hotuanminh@fsoft.com.vn',NULL,'Hồ Tuấn Minh',1,NULL,'$2a$10$CiAS3syHODAD5b.PzSukH.R78yjCDIkzqMjThSXxH9PiqMORd3Dku',2,NULL,NULL,'b424387c-4def-11ed-bdc3-0242ac120002'),('736cc507-5093-4eba-9779-4de9ddfcc593',NULL,'1992-04-19 00:00:00','2022-12-02 00:00:00','anmanhnghiem@fsoft.com.vn',NULL,'An Mạnh Nghiêm',0,NULL,'$2a$10$V0k.gI/LCroF1bzty9TUZ.pkax/5NeHfBz/qYGmPsacyYTSdxFMlG',3,NULL,NULL,'b424387c-4def-11ed-bdc3-0242ac120002'),('743ed2c6-6c94-40ee-a046-15079211d163',NULL,'2000-06-01 00:00:00','2022-12-02 00:00:00','vudanhthanh@fsoft.com.vn',NULL,'Vũ Danh Thành',1,NULL,'$2a$10$Hw5vJYYOoZpJcaNseIO0f.SZOsyeb9q.n0qxOcEFLAZniJSw/1pvG',4,NULL,NULL,'b424387c-4def-11ed-bdc3-0242ac120002'),('744d54a6-fd7e-45ce-8c4d-54d632a3c782',NULL,'1977-07-20 00:00:00','2022-12-02 00:00:00','ankhanhvan@fsoft.com.vn',NULL,'An Khánh Vân',0,NULL,'$2a$10$DYgX2W3xgu04iAVXz.UgJeHDt8rbGd4Q/RCokNdImFgpVlzUTsPAe',3,NULL,NULL,'9f64df36-4def-11ed-bdc3-0242ac120002'),('74e23a31-c72c-4595-93dc-c9c231d5da3e',NULL,'2000-05-09 00:00:00','2022-12-02 00:00:00','damngocha@fsoft.com.vn',NULL,'Dàm Ngọc Hạ',1,NULL,'$2a$10$Fw8N.RgYq4J5XoLHFc/bluRhKHSHOHWV2ZHVcBoiiiG7Rm.Y20s8S',4,NULL,NULL,'b424387c-4def-11ed-bdc3-0242ac120002'),('774c2c03-6da2-454a-a042-9fa373069fdd',NULL,'1992-12-22 00:00:00','2022-12-02 00:00:00','phamthuymai@fsoft.com.vn',NULL,'Phạm Thúy Mai',1,NULL,'$2a$10$6SwYtzh.x0j47vG92E6tzOs1QbKqncg0vI1ClRdpkCA2lgQeQVOIe',4,NULL,NULL,'b424387c-4def-11ed-bdc3-0242ac120002'),('7819805a-3ba4-4181-bcb1-665f527a9508',NULL,'2001-06-28 00:00:00','2022-12-02 00:00:00','buikieunga@fsoft.com.vn',NULL,'Bùi Kiều Nga',1,NULL,'$2a$10$EQ69/9sCWVJWmbu4UGJw4edkP8WWsOfzvRlBecJaunmrV1hr3W/2K',4,NULL,NULL,'b424387c-4def-11ed-bdc3-0242ac120002'),('78d6ffc5-684a-4d05-9314-192bd0cf227b',NULL,'1992-09-02 00:00:00','2022-12-02 00:00:00','phamminhvu@fsoft.com.vn',NULL,'Phạm Minh Vũ',0,NULL,'$2a$10$.OppXS7vkd2HMpdtPpPgM.3UDBUW/z.7lyyCBNerdnTI4L2NPCjyu',4,NULL,NULL,'b424387c-4def-11ed-bdc3-0242ac120002'),('798050aa-9708-4f49-8128-876b83abf823',NULL,'1995-03-15 00:00:00','2022-12-02 00:00:00','huynhhongnhung@fsoft.com.vn',NULL,'Huỳnh Hồng Nhung',0,NULL,'$2a$10$oJtDHYc8Iin11Ln6FcOx/OUxfY8aMtawhVFmPiQF0UQ8oU7bLBLrm',4,NULL,NULL,'b424387c-4def-11ed-bdc3-0242ac120002'),('79e79294-2287-40ac-bd74-4c65acb83e0d','https://firebasestorage.googleapis.com/v0/b/testproject-369415.appspot.com/o/anh-sieu-nhan-gao-chibi-cute-10.jpg?alt=media&token=6a78fe65-ef6b-4e1b-b352-5e20a7da6058','1985-08-13 00:00:00','2022-07-08 03:12:17','vienquocbinh@gmail.com',NULL,'Viên Quốc Bình',1,NULL,'$2a$10$uJYvciCabW2soL3ZR/d5Wu7G0Xz7WfnW4TmzWa.ysR/JaD25cy5Ji',1,NULL,NULL,'4436720a-4def-11ed-bdc3-0242ac120002'),('7a133415-8c13-4489-ae6e-e9457d0a5798',NULL,'1996-03-04 00:00:00','2022-12-02 00:00:00','vusontung@fsoft.com.vn',NULL,'Vũ Sơn Tùng',0,NULL,'$2a$10$o63GrDqNROgtGc2hk46K/eU.ymbVz1K8Nr0babDpwXXGLhCznASKm',4,NULL,NULL,'b424387c-4def-11ed-bdc3-0242ac120002'),('7a99873e-4c8a-492c-997d-a364127b5472',NULL,'2000-04-18 00:00:00','2022-12-02 00:00:00','huynhthieuly@fsoft.com.vn',NULL,'Huỳnh Thiều Ly',1,NULL,'$2a$10$oYtL5DLBgcew1Srs/wgP2ee6ZygMVBogP3fZhckn7DQ7RUcOtV0fm',4,NULL,NULL,'b424387c-4def-11ed-bdc3-0242ac120002'),('7c3ea094-ce27-4f8b-8bea-be85b680b62e',NULL,'1992-12-04 00:00:00','2022-12-02 00:00:00','anvanthuong@fsoft.com.vn',NULL,'An Vân Thường',1,NULL,'$2a$10$51Hu5TsvU2/M.GcSaiY8Hu8W03/kS6SeGdfrIKSPynbuwOpf.XDke',3,NULL,NULL,'b424387c-4def-11ed-bdc3-0242ac120002'),('7c834e07-9852-4a5c-b478-9ae242472ca4',NULL,'1994-07-20 00:00:00','2022-12-02 00:00:00','huynhkieuhanh@fsoft.com.vn',NULL,'Huỳnh Kiều Hạnh',0,NULL,'$2a$10$1dPk3yRlXEfE4N/S9zwNh.0vNuIBJBhEyZ7eEu.MTVWsA1XIXy8Ri',3,NULL,NULL,'b424387c-4def-11ed-bdc3-0242ac120002'),('7c8c613c-c042-4b7f-8255-825ab3d91b6b',NULL,'1979-12-31 00:00:00','2022-12-02 00:00:00','nguyenduccuong@fsoft.com.vn',NULL,'Nguyễn Ðức Cường',1,NULL,'$2a$10$/yKusHEQma11/UtxaB1N0eQIQvDqdIHf089KheA5c7qpfPu91T2Ta',1,NULL,NULL,'9f64df36-4def-11ed-bdc3-0242ac120002'),('7c8f2756-f4f8-4592-9943-ad05aa339d86',NULL,'1994-09-05 00:00:00','2022-12-02 00:00:00','hothanhquang@fsoft.com.vn',NULL,'Hồ Thanh Quang',1,NULL,'$2a$10$K4QQwda7v5Zyh.BozOghSus6vIqgeY/DEyqOcktZeYRehsmFt6kWq',3,NULL,NULL,'b424387c-4def-11ed-bdc3-0242ac120002'),('7c98f3fe-7261-40f7-9695-de299bb34fde',NULL,'2001-07-01 00:00:00','2022-12-02 00:00:00','huynhthiennuong@fsoft.com.vn',NULL,'Huỳnh Thiên Nương',0,NULL,'$2a$10$drPoF7FylQYeCONcsDlEBOkxnY1FixxCZSnNDyBNHG4IPIzzrzcu.',3,NULL,NULL,'b424387c-4def-11ed-bdc3-0242ac120002'),('7d0b7848-d203-41cb-a70a-2902b112563e',NULL,'1991-11-12 00:00:00','2022-12-02 00:00:00','anngocque@fsoft.com.vn',NULL,'An Ngọc Quế',1,NULL,'$2a$10$6717z8vOldpTP1UV2dI6geb66rL40fTuMAfxRWTECMlNnGpv6Z4EC',3,NULL,NULL,'b424387c-4def-11ed-bdc3-0242ac120002'),('7d4eff8d-986f-4372-862a-6c5cca435dab',NULL,'1995-03-02 00:00:00','2022-12-02 00:00:00','huynhnhanhong@fsoft.com.vn',NULL,'Huỳnh Nhan Hồng',1,NULL,'$2a$10$vfA9pB7QfJ3eqWIGTreFYO5ZYCuYz0bSgYpJv4mqPNlGYhgqXQBT2',3,NULL,NULL,'b424387c-4def-11ed-bdc3-0242ac120002'),('7ec2e6bb-0f48-4ca9-92fc-7b587aeff8ea',NULL,'2001-07-14 00:00:00','2022-12-02 00:00:00','hoangdinhchuong@fsoft.com.vn',NULL,'Hoàng Ðình Chương',0,NULL,'$2a$10$ZfgCwOXU3gJ2ialqkZ1ifu30h3Fgr9XgkLJcL2YYE8nFVWrFHD5sG',3,NULL,NULL,'b424387c-4def-11ed-bdc3-0242ac120002'),('7ff02b7b-2d43-43d4-8bed-b5045b1782c1',NULL,'1985-01-18 00:00:00','2022-12-02 00:00:00','anmytram@fsoft.com.vn',NULL,'An Mỹ Trâm',0,NULL,'$2a$10$VtHQOgvdwSw/vX7cRqRrUOe9WkgFDEUuf/9F2Xc3yXn.I9GX8ssyK',1,NULL,NULL,'9821f52e-4def-11ed-bdc3-0242ac120002'),('8007d838-6f4f-4e57-8bde-f62347b89cfa',NULL,'1999-03-21 00:00:00','2022-12-02 00:00:00','ngothuyduong@fsoft.com.vn',NULL,'Ngô Thùy Dương',1,NULL,'$2a$10$5E3FYdFN7XN0JShWBs5G9OwLZF.Kexk9C7Vst5Ud99YJ04ihq9/h2',3,NULL,NULL,'b424387c-4def-11ed-bdc3-0242ac120002'),('810a4195-b1d3-41f9-a7a0-2ca7afd75153',NULL,'1996-05-28 00:00:00','2022-12-02 00:00:00','lethailan@fsoft.com.vn',NULL,'Lê Thái Lan',0,NULL,'$2a$10$jSbEm6k2hb74o4ZL7FFbauXKPG3wFKkroIEmzNQFUMEgmh8H81erW',1,NULL,NULL,'9f64df36-4def-11ed-bdc3-0242ac120002'),('81cc1d34-3dde-4bb3-9174-d3e8e4ba34b5',NULL,'1996-12-05 00:00:00','2022-12-02 00:00:00','nguyenthanhthuy@fsoft.com.vn',NULL,'Nguyễn Thanh Thúy',1,NULL,'$2a$10$DTH/.CQl5lJzt5i7DCAr.uV6csa6RdYEQGNi4SBh1N.d4ERuGkPKa',3,NULL,NULL,'b424387c-4def-11ed-bdc3-0242ac120002'),('821c6b7c-d289-42f1-a329-c0049dd48638',NULL,'2002-03-21 00:00:00','2022-12-02 00:00:00','anthanhtrung@fsoft.com.vn',NULL,'An Thanh Trung',0,NULL,'$2a$10$hcohT9sHjDxiWUJr51uwae8NGqY4RvsvjEbAszrGMFw2M5bTbHtlO',3,NULL,NULL,'b424387c-4def-11ed-bdc3-0242ac120002'),('82481ac8-89c9-43b2-ae50-ebf837fa5100',NULL,'1989-02-05 00:00:00','2022-12-02 00:00:00','vutuantu@fsoft.com.vn',NULL,'Vũ Tuấn Tú',1,NULL,'$2a$10$a3hjkQM369DqpiFvTbi18eh1USOA7x43PwyRR1NlPRgRsdN.mtaRa',0,NULL,NULL,'9821f52e-4def-11ed-bdc3-0242ac120002'),('82c46685-ecbf-4332-9245-7f03a6bf6f1f',NULL,'1991-10-24 00:00:00','2022-12-02 00:00:00','hoangphilong@fsoft.com.vn',NULL,'Hoàng Phi Long',1,NULL,'$2a$10$5rrgjTyYQr.UzZK4zRFKkekz7m61OBSUqb23MsAvlhJBHpZI5lhv6',3,NULL,NULL,'b424387c-4def-11ed-bdc3-0242ac120002'),('83e43ee3-0a0f-475d-8e90-7e51da19ec02',NULL,'1996-05-09 00:00:00','2022-12-02 00:00:00','leduyhung@fsoft.com.vn',NULL,'Lê Duy Hùng',1,NULL,'$2a$10$HWOX77dwWRUxzz/mNvgplewqFPDAglgiRYvjejTGqf8tOB7X/3D9a',1,NULL,NULL,'9f64df36-4def-11ed-bdc3-0242ac120002'),('854b12d5-d7bd-4af3-9615-ac18c958921c',NULL,'2001-09-16 00:00:00','2022-12-02 00:00:00','andiemquynh@fsoft.com.vn',NULL,'An Diễm Quỳnh',1,NULL,'$2a$10$pb4n/FzM2EiQKvpvTq69UOlt7AliKwjA6ohn9EExjm5y1/cdHW8wq',3,NULL,NULL,'b424387c-4def-11ed-bdc3-0242ac120002'),('85612cb1-002f-49ec-935f-adeb034c9b73',NULL,'1973-07-28 00:00:00','2022-12-02 00:00:00','damdanquynh@fsoft.com.vn',NULL,'Dàm Ðan Quỳnh',1,NULL,'$2a$10$siOWSE5bbyWjAB77/2FK4uWgs4acrvuRfQQxibrIhBj3nnnYOWPxq',1,NULL,NULL,'9f64df36-4def-11ed-bdc3-0242ac120002'),('85cc3ced-5e8b-49bf-88b9-f5a5ef1df63d',NULL,'1978-11-07 00:00:00','2022-12-02 00:00:00','nguyenminhtri@fsoft.com.vn',NULL,'Nguyễn Minh Trí',0,NULL,'$2a$10$y0XMnqnekyoqPoxxuCTsqeCOKtEd1y56gft7jcIWAdclNx9J5Rhcu',1,NULL,NULL,'9f64df36-4def-11ed-bdc3-0242ac120002'),('85e4399c-6fae-4076-ad5a-edc647ca37db',NULL,'1997-10-01 00:00:00','2022-12-02 00:00:00','huynhhaimy@fsoft.com.vn',NULL,'Huỳnh Hải My',0,NULL,'$2a$10$9nYQzh1Jg3jQemik83BZcOB14o0KjxTYSoVyNHuf60OFp8sWBEPmW',3,NULL,NULL,'b424387c-4def-11ed-bdc3-0242ac120002'),('86f956e2-0fc2-45c9-8438-38ee1716389b',NULL,'1998-02-02 00:00:00','2022-12-02 00:00:00','ngobaothoa@fsoft.com.vn',NULL,'Ngô Bảo Thoa',0,NULL,'$2a$10$0b6gUGSe9FLzFs6SWljBhebaOeKALV8yl8JzUmcveYN0vxADRMdmy',3,NULL,NULL,'b424387c-4def-11ed-bdc3-0242ac120002'),('87ad5bc2-3bde-439a-97d0-63c4e44d19d9','https://firebasestorage.googleapis.com/v0/b/testproject-369415.appspot.com/o/c8c20605-5c2f-456f-ad42-68d108fb83ed.jpg?alt=media','2001-07-05 03:11:53','2022-11-30 03:14:14','hoangquan9851@gmail.com',NULL,'Le Minh Quan',0,NULL,'$2a$10$kQrmPJhKwHrlLSQEDwxtvO5UmLf6OMWSTwmOH/d/zrrFi0qQprMYy',3,NULL,NULL,'9f64df36-4def-11ed-bdc3-0242ac120002'),('88433428-fd49-4146-9ec0-37015ec481c1',NULL,'2002-04-26 00:00:00','2022-12-02 00:00:00','dambichvan@fsoft.com.vn',NULL,'Dàm Bích Vân',1,NULL,'$2a$10$Aou3uU3R4X4i7qSJlagWxemkUTpow68UqpJgTcqq3u2hhtVGefnBO',3,NULL,NULL,'b424387c-4def-11ed-bdc3-0242ac120002'),('88a74c98-b570-4c61-aab9-c12da38a2202',NULL,'2003-01-05 00:00:00','2022-12-02 00:00:00','buihongdao@fsoft.com.vn',NULL,'Bùi Hồng Ðào',1,NULL,'$2a$10$Ati5Rvis0smcGgn2quNTdOs8g37QziY8hz3wDMfiFIDJD2R6P2wDm',3,NULL,NULL,'b424387c-4def-11ed-bdc3-0242ac120002'),('89120783-88e8-47b2-bf06-a22647760dde',NULL,'2001-05-18 00:00:00','2022-12-02 00:00:00','annamthong@fsoft.com.vn',NULL,'An Nam Thông',1,NULL,'$2a$10$HTz8y.7rVrXdqIGprnt3xuoAL3ys7xLzIYIc4dCqW.ZhZnaTsHjQi',3,NULL,NULL,'b424387c-4def-11ed-bdc3-0242ac120002'),('8a241437-c9fd-47f4-be76-84e0b25b784c',NULL,'1999-03-31 00:00:00','2022-12-02 00:00:00','buinhatanh@fsoft.com.vn',NULL,'Bùi Nhật Ánh',0,NULL,'$2a$10$idRxkRqrz1OpQ1NSOPGGpu.4PkGcPDY926pURTZw4OPIIbt45ZiKy',3,NULL,NULL,'b424387c-4def-11ed-bdc3-0242ac120002'),('8ad2911d-dd42-43a0-acaf-cdf8011e40a7',NULL,'1999-09-14 00:00:00','2022-12-02 00:00:00','lequoctien@fsoft.com.vn',NULL,'Lê Quốc Tiến',1,NULL,'$2a$10$rF0c7zfxuT.74aKxXiTWi.L.lJB5ybl/OLpy9NgiQCYg3qIwdSeq6',4,NULL,NULL,'b424387c-4def-11ed-bdc3-0242ac120002'),('8b3d454d-97f1-42f2-b334-e8757dd3996c',NULL,'1997-12-15 00:00:00','2022-12-02 00:00:00','huynhthaoly@fsoft.com.vn',NULL,'Huỳnh Thảo Ly',1,NULL,'$2a$10$JZcRde.oGXvkHDIpUuE1Zub6k5tN6jeSX46c3y3DtgequKL/Gu50O',4,NULL,NULL,'b424387c-4def-11ed-bdc3-0242ac120002'),('8bf3df2f-e9fa-416d-bd6a-bd71e7a56400',NULL,'2002-04-01 00:00:00','2022-12-02 00:00:00','huynhvanganh@fsoft.com.vn',NULL,'Huỳnh Vàng Anh',1,NULL,'$2a$10$wducc4JeEHdbKJlPOYlnzOR5OyMt9T07dLp.i/b0K2jGZpIAEP79m',4,NULL,NULL,'b424387c-4def-11ed-bdc3-0242ac120002'),('8cf207d8-6da3-4fb1-a066-4e9915ba4be1',NULL,'2000-09-16 00:00:00','2022-12-02 00:00:00','lebichchieu@fsoft.com.vn',NULL,'Lê Bích Chiêu',1,NULL,'$2a$10$jn2/BDrQcg5KSMV57IsMv.eY.GaYw19ztUk/tYDRgsyns5YaZ2ONS',4,NULL,NULL,'b424387c-4def-11ed-bdc3-0242ac120002'),('8db2ded7-3b83-454f-9ff3-f12dcf7a8305',NULL,'1992-09-29 00:00:00','2022-12-02 00:00:00','anhongha@fsoft.com.vn',NULL,'An Hồng Hà',1,NULL,'$2a$10$o/0Ov77NY2nvSuTUofRYsuu.pRUr41u5w7PzfYL/eqkOzkJMQ1NuO',3,NULL,NULL,'b424387c-4def-11ed-bdc3-0242ac120002'),('8dbf8bf7-52c9-4c1c-86b5-85523e443209',NULL,'2003-04-04 00:00:00','2022-12-02 00:00:00','nguyendieuthien@fsoft.com.vn',NULL,'Nguyễn Diệu Thiện',0,NULL,'$2a$10$JFzLDqKqA7oFqgpAOXVCXOFsqCId6adPoeN3D7KSj4kvYUqzu/AHS',4,NULL,NULL,'b424387c-4def-11ed-bdc3-0242ac120002'),('8ddb80ec-1ecb-44b9-82fa-64d3c66ed154',NULL,'2002-03-29 00:00:00','2022-12-02 00:00:00','huynhquynhvan@fsoft.com.vn',NULL,'Huỳnh Quỳnh Vân',1,NULL,'$2a$10$tWXDpAdHSQHx.fxo.lI3qeKLyKax7rm98PXxkqVrcCiYq4mqYhlG2',4,NULL,NULL,'b424387c-4def-11ed-bdc3-0242ac120002'),('8df34829-00f5-4760-ae4b-2efc9f1e6157','https://firebasestorage.googleapis.com/v0/b/testproject-369415.appspot.com/o/0a962853-6be1-4474-9021-21d3334f0b6e.png?alt=media','2001-08-12 17:00:00','2022-11-13 10:47:33','admin@gmail.com',NULL,'Le Van Anh',0,NULL,'$2a$10$.J5NLayAdkW7/epwdGRY7uI3SdJOpJ2l37akWt8HDAevWAtYl/qjq',1,NULL,NULL,'4436720a-4def-11ed-bdc3-0242ac120002'),('8ec65ba1-93df-4bda-97c4-381148623ecc',NULL,'1994-01-09 00:00:00','2022-12-02 00:00:00','hoanghuyhoang@fsoft.com.vn',NULL,'Hoàng Huy Hoàng',0,NULL,'$2a$10$Kc6TlRRCDz5EJhrjkvONvuBSyGcrQIr0FpUXqk/VFyaGy7bIeaGVC',4,NULL,NULL,'b424387c-4def-11ed-bdc3-0242ac120002'),('8f069e21-0eb6-4011-83c3-049031194407',NULL,'2002-03-23 00:00:00','2022-12-02 00:00:00','vuhuunghia@fsoft.com.vn',NULL,'Vũ Hữu Nghĩa',1,NULL,'$2a$10$OEmyvnPHllGTVIH0mvRQhOSweavVA.KU2RAufUCO4GHNwQNQVMUCu',4,NULL,NULL,'b424387c-4def-11ed-bdc3-0242ac120002'),('8f37c7a7-1b1e-42db-bbcc-ba48f3d26e14',NULL,'1992-02-13 00:00:00','2022-12-02 00:00:00','phamthuphuong@fsoft.com.vn',NULL,'Phạm Thu Phương',1,NULL,'$2a$10$1x.DCdYkK8E39B2DfAeZBOloxMGvCk1JygDSmCzwFcEhQ2lnahAq2',4,NULL,NULL,'b424387c-4def-11ed-bdc3-0242ac120002'),('8f4c2316-9fe3-4745-95e6-e553744a483c',NULL,'1984-11-13 00:00:00','2022-12-02 00:00:00','hoconghoan@fsoft.com.vn',NULL,'Hồ Công Hoán',0,NULL,'$2a$10$gRn740T0uL7lwy5C33wQPuBot6d/dEtvk4s5YMQGDmQ.3kkTXS30K',1,NULL,NULL,'9f64df36-4def-11ed-bdc3-0242ac120002'),('90e2b031-c9ac-4c37-bbef-15934f220898',NULL,'1992-08-24 00:00:00','2022-12-02 00:00:00','antrongchinh@fsoft.com.vn',NULL,'An Trọng Chính',0,NULL,'$2a$10$xG3zvrdZY4HtTTEbGYiy9uHFMG84rG.kbp/txtFIt0/0L0FIOl2VW',4,NULL,NULL,'b424387c-4def-11ed-bdc3-0242ac120002'),('9117232a-939d-4ca2-9d27-6d33b4f64769',NULL,'1986-04-28 00:00:00','2022-12-02 00:00:00','lephuonghoa@fsoft.com.vn',NULL,'Lê Phương Hoa',0,NULL,'$2a$10$queYZDsk570tQEy.eF3EnuFL7ImPsMMNFN2ZuQvigoJln2Uz71rj6',1,NULL,NULL,'9f64df36-4def-11ed-bdc3-0242ac120002'),('9161e1f2-9a5c-4574-9c30-45be4ab176f9',NULL,'1997-11-11 00:00:00','2022-12-02 00:00:00','huynhkimngan@fsoft.com.vn',NULL,'Huỳnh Kim Ngân',1,NULL,'$2a$10$qy9hWzN2JXNorccus5km6eS8k7dcJVHYZsRfY1m9Bew7BNJM5Ml7O',4,NULL,NULL,'b424387c-4def-11ed-bdc3-0242ac120002'),('92ab0ca7-b84e-45cf-bc6d-fdf65954c5b2',NULL,'2002-02-05 00:00:00','2022-12-02 00:00:00','lehongquy@fsoft.com.vn',NULL,'Lê Hồng Quý',0,NULL,'$2a$10$D0Hvf7/Wym3X/F8qOcBcS.gaOlNNxKmVhZDWFFxAr/F2k2StU6W36',3,NULL,NULL,'b424387c-4def-11ed-bdc3-0242ac120002'),('9362282d-e647-4850-9974-bcb1137efbc7','https://firebasestorage.googleapis.com/v0/b/testproject-369415.appspot.com/o/anh-sieu-nhan-gao-chibi-cute-12.jpg?alt=media&token=5fc55a97-896e-4fcc-ac58-d5f52dee0492','2002-01-16 00:00:00','2022-11-29 00:00:00','hungllt001@gmail.com',NULL,'test test',0,'BB','$2a$10$u59fRdr8HWlsJBUlXPvtn.w9nIB4cl24yy0lxSv6CISX9EJ9636ie',2,NULL,NULL,'9f64df36-4def-11ed-bdc3-0242ac120002'),('982335cf-0e49-43c9-87bf-364de9aee7f5',NULL,'1996-10-18 00:00:00','2022-12-02 00:00:00','phamquangsang@fsoft.com.vn',NULL,'Phạm Quang Sáng',1,NULL,'$2a$10$YT2CM1fgYW.zUI4Dxdkkzu55X0ttCbwFZJ9yry.gcG2t2Z0sJQPzy',3,NULL,NULL,'b424387c-4def-11ed-bdc3-0242ac120002'),('9aec340f-7c95-417b-9c8d-a0bb344c8448',NULL,'2002-05-17 00:00:00','2022-12-02 00:00:00','vutronghieu@fsoft.com.vn',NULL,'Vũ Trọng Hiếu',1,NULL,'$2a$10$sRIfM97I5Iu/hyZeZgWYseJ.po66R9KTuRQYBUFxNZtcILrOxeZM.',3,NULL,NULL,'b424387c-4def-11ed-bdc3-0242ac120002'),('9c162a62-1ba1-4b46-8f0a-15a2776f8a62',NULL,'1995-11-24 00:00:00','2022-12-02 00:00:00','nguyenthaonghi@fsoft.com.vn',NULL,'Nguyễn Thảo Nghi',0,NULL,'$2a$10$BNdmlFoFkaBBehNevyx2f.AE91Dy.Ud3Q1vZ3hGE.EHTOHj0M.hAC',3,NULL,NULL,'b424387c-4def-11ed-bdc3-0242ac120002'),('9cfe7658-8c3d-4fab-aa07-ce5802914180','https://firebasestorage.googleapis.com/v0/b/testproject-369415.appspot.com/o/anh-sieu-nhan-gao-chibi-cute-12.jpg?alt=media&token=5fc55a97-896e-4fcc-ac58-d5f52dee0492','2001-08-25 00:00:00','2022-04-13 05:38:43','tuankie11111@gmail.com',NULL,'Phan Thanh Tuấn Kiệt',1,NULL,'$2a$10$U235CuUt/5RJUJVIY1jV1.7Y.f075l3yUW8NnCDQC/5VI3ZH4jnO.',1,NULL,NULL,'9821f52e-4def-11ed-bdc3-0242ac120002'),('9d2f1ce8-7cb8-4f39-a079-ef1fd08969c3',NULL,'1998-03-13 00:00:00','2022-12-02 00:00:00','vucaotien@fsoft.com.vn',NULL,'Vũ Cao Tiến',1,NULL,'$2a$10$OZAgS5UnZdULPJCLOQqiDefShhm1rFFjtV7LqnU2hZIwfOsdBU7EW',3,NULL,NULL,'b424387c-4def-11ed-bdc3-0242ac120002'),('9e7bbc35-8fdf-4f20-96ea-8dba1a451ccf',NULL,'1993-10-28 00:00:00','2022-12-02 00:00:00','phamchikhang@fsoft.com.vn',NULL,'Phạm Chí Khang',1,NULL,'$2a$10$K1dk9s0ZrlnITsbkJyVH5.98h.0plgiUExuXc61eiH5i5FKeZt.wu',3,NULL,NULL,'b424387c-4def-11ed-bdc3-0242ac120002'),('a03470e8-6ddd-4eef-89c8-f87ae9ecc13e',NULL,'1983-08-29 00:00:00','2022-12-02 00:00:00','antankhang@fsoft.com.vn',NULL,'An Tấn Khang',1,NULL,'$2a$10$pBvJWMcEHOrv09eO66L4/ui0Id9ztM90h8l4GkUDspdsGprbPDvEi',1,NULL,NULL,'9821f52e-4def-11ed-bdc3-0242ac120002'),('a17cb53d-b9ca-41e0-a605-277cd5b3da89',NULL,'1993-10-12 00:00:00','2022-12-02 00:00:00','lemaiphuong@fsoft.com.vn',NULL,'Lê Mai Phương',1,NULL,'$2a$10$XtVD/ISZed63vs88atL4OuHQTwLo66/mULosyHA42WK.CUjXTNL4a',3,NULL,NULL,'b424387c-4def-11ed-bdc3-0242ac120002'),('a1901670-a354-4106-85b2-f9d3594d9933','https://firebasestorage.googleapis.com/v0/b/testproject-369415.appspot.com/o/anh-sieu-nhan-gao-chibi-cute-12.jpg?alt=media&token=5fc55a97-896e-4fcc-ac58-d5f52dee0492','1989-02-24 00:00:00','2022-11-28 00:00:00','namthse150922@gmail.com',NULL,'Hoai nam',0,NULL,'$2a$10$YLRKmv5q/uevX2kp.4TLXOnB9/D8cm3syUzr1rE8ZUzvKUTZt40UO',2,NULL,NULL,'9f64df36-4def-11ed-bdc3-0242ac120002'),('a1cc9e39-2370-4e1b-b2fb-a322f4b4924c',NULL,'1997-12-16 00:00:00','2022-12-02 00:00:00','ngoaikhanh@fsoft.com.vn',NULL,'Ngô Ái Khanh',1,NULL,'$2a$10$KV640/UzjLYpy1/Z3NWTlec1XQHV2df9AKd3sz5sHGYwZHpPdTZiK',3,NULL,NULL,'b424387c-4def-11ed-bdc3-0242ac120002'),('a2081ea6-3d19-4b46-af99-31a813ba4c58',NULL,'1998-05-06 00:00:00','2022-12-02 00:00:00','hothelam@fsoft.com.vn',NULL,'Hồ Thế Lâm',1,NULL,'$2a$10$NdY.LmqgvuIogJ1z/5QQIOYKGrMSFL6U1n00LJfkhH5YCNrVJtXnG',3,NULL,NULL,'b424387c-4def-11ed-bdc3-0242ac120002'),('a221ac77-d6f5-42cc-8572-25a3e93cfe03',NULL,'1982-06-28 00:00:00','2022-12-02 00:00:00','phamthunguyet@fsoft.com.vn',NULL,'Phạm Thu Nguyệt',1,NULL,'$2a$10$/bo.QxMBGMgh/fp1OAsOzOd8hwh13Ne/qZsOZhA7SO4ALQ5hPea5W',1,NULL,NULL,'9f64df36-4def-11ed-bdc3-0242ac120002'),('a47e0a0c-d2f5-40a4-84f6-1d78f67fbfc8',NULL,'1997-03-29 00:00:00','2022-12-02 00:00:00','vunhathung@fsoft.com.vn',NULL,'Vũ Nhật Hùng',0,NULL,'$2a$10$C.A5QtGuwND2xtzzN5TxQuMSHI3rmyny8euB6Uqm76ifuNOr2QGXm',3,NULL,NULL,'b424387c-4def-11ed-bdc3-0242ac120002'),('a4a7dd18-b6ee-4d01-af8b-1da54dad7869',NULL,'2003-02-08 00:00:00','2022-12-02 00:00:00','nguyenlamphuong@fsoft.com.vn',NULL,'Nguyễn Lam Phương',1,NULL,'$2a$10$q5egwLgRjIsTd8JXRweg1.47K7LtIYaImPilkOaTTTy1vTX1Pg8hC',3,NULL,NULL,'b424387c-4def-11ed-bdc3-0242ac120002'),('a5584513-2929-444d-89c4-5750ab0c4e2b',NULL,'1996-11-19 00:00:00','2022-12-02 00:00:00','huynhlehoa@fsoft.com.vn',NULL,'Huỳnh Lệ Hoa',1,NULL,'$2a$10$rfjj6KbEhbV7IHhNYtpDfO.eMwod.l40kr.rcXTLChJzomnddrO96',3,NULL,NULL,'b424387c-4def-11ed-bdc3-0242ac120002'),('a6954885-dd1b-47bb-97e7-803133188908',NULL,'2001-10-10 00:00:00','2022-12-02 00:00:00','vuphuongnam@fsoft.com.vn',NULL,'Vũ Phương Nam',1,NULL,'$2a$10$cr3nK38PAAyelQN7fWBzy.8sOU2Rvgnt2B4tNMdm//xwc04Wsv.zu',3,NULL,NULL,'b424387c-4def-11ed-bdc3-0242ac120002'),('a6bdf446-0a18-4b59-b1c5-bda0344172df',NULL,'2001-05-07 00:00:00','2022-12-02 00:00:00','ngonhunga@fsoft.com.vn',NULL,'Ngô Như Ngà',1,NULL,'$2a$10$0y/5BXR99eGOlEf30WfZruxeaHQ0miN9NA6SKTj8EyRawLjCv.5Ai',3,NULL,NULL,'b424387c-4def-11ed-bdc3-0242ac120002'),('a709c571-6ecc-447a-bdbc-8034d4d2f033',NULL,'2003-05-26 00:00:00','2022-12-02 00:00:00','huynhquynhhoa@fsoft.com.vn',NULL,'Huỳnh Quỳnh Hoa',1,NULL,'$2a$10$yJ.XQpX5tn9jMdXnVUuk7uLpBf9RuacGCcfU3OA0ZBhlgJI1MKR8K',2,NULL,NULL,'b424387c-4def-11ed-bdc3-0242ac120002'),('a74e2ac8-cba9-4e20-aba0-360a125dbd41',NULL,'1987-12-27 00:00:00','2022-12-02 00:00:00','lelinhtrang@fsoft.com.vn',NULL,'Lê Linh Trang',0,NULL,'$2a$10$kaa/axyWqfu2vgICyFNzkujMj.vvXip7D0PfQ6wcNNC9.8trfBOhm',1,NULL,NULL,'9f64df36-4def-11ed-bdc3-0242ac120002'),('a923c7c1-4530-44bf-8fcd-17f7103e363b',NULL,'1997-07-04 00:00:00','2022-12-02 00:00:00','huynhthanhdan@fsoft.com.vn',NULL,'Huỳnh Thanh Dan',1,NULL,'$2a$10$mt176bRGtXQoop2yw5hGPe0bFkepXS5E3Z5id/lxDQKjbDwvctqYG',2,NULL,NULL,'b424387c-4def-11ed-bdc3-0242ac120002'),('aa053efc-135a-40c5-98b5-5a785063db88',NULL,'1993-02-23 00:00:00','2022-12-02 00:00:00','anthanhhao@fsoft.com.vn',NULL,'An Thanh Hào',0,NULL,'$2a$10$Uak20xNmfXjOQccGpCstm.3A4gv4Xb95////ZzUCnL4Zans.RtKci',2,NULL,NULL,'b424387c-4def-11ed-bdc3-0242ac120002'),('aa90419f-8404-4f57-b12a-34a7f017ea01',NULL,'1999-11-14 00:00:00','2022-12-02 00:00:00','nguyenthuphuong@fsoft.com.vn',NULL,'Nguyễn Thu Phượng',0,NULL,'$2a$10$OpeP7UJxzkZtaWVNQkkJtOcFlqROKkQkv6.IQUT7yn1a4bPbpWM5K',2,NULL,NULL,'b424387c-4def-11ed-bdc3-0242ac120002'),('ac175709-df5f-4d20-a5d1-a5742e147de5',NULL,'2001-12-01 17:00:00','2022-12-02 07:17:13','haihuy19999@gmail.com',NULL,'Luong Nguyen Hai Huy',0,NULL,'$2a$10$Tjb67P/phRfQP8gnJ2jNROEmqeDYIOIKmR81KirrhntAPkT/6wHni',1,NULL,NULL,'9821f52e-4def-11ed-bdc3-0242ac120002'),('ac211e61-fa00-434c-a4fe-6c07f4011b30',NULL,'2003-05-06 00:00:00','2022-12-02 00:00:00','huynhviettrinh@fsoft.com.vn',NULL,'Huỳnh Việt Trinh',0,NULL,'$2a$10$WMucjLzDH/O332NUkj9ZnueEjWVK6SfSlm6g3jdjsJl2C0NP6hgCa',2,NULL,NULL,'b424387c-4def-11ed-bdc3-0242ac120002'),('ac233598-47c6-4f61-a4f4-9f064c9eaf75',NULL,'1992-10-11 00:00:00','2022-12-02 00:00:00','lenghiahoa@fsoft.com.vn',NULL,'Lê Nghĩa Hòa',1,NULL,'$2a$10$zmMNI2rPqDzhunWSPIg6q.0hEzpKXgLGYMmOfPJ0TobSTg8Z.UELa',2,NULL,NULL,'b424387c-4def-11ed-bdc3-0242ac120002'),('accd7872-2ffe-4488-b4d5-e3544382ff6a',NULL,'1981-03-22 00:00:00','2022-12-02 00:00:00','ngothaithanh@fsoft.com.vn',NULL,'Ngô Thái Thanh',1,NULL,'$2a$10$LdazyS8h7ZavkSz/2WAcGOGALSUlarDB2xN9Ii/I.ZXwWQdI5ZTfi',1,NULL,NULL,'9821f52e-4def-11ed-bdc3-0242ac120002'),('acf485b1-3d21-46ae-8c1b-9156a823f35c',NULL,'1998-11-23 00:00:00','2022-12-02 00:00:00','huynhhamy@fsoft.com.vn',NULL,'Huỳnh Hà My',0,NULL,'$2a$10$uVJjwDRnC1pnmnbRQ3f6QuwMOrp9iynSPwCGj.svColyqmiqNx7g6',2,NULL,NULL,'b424387c-4def-11ed-bdc3-0242ac120002'),('acf8ebd3-1cdc-492f-bede-4db1ead6da87','https://firebasestorage.googleapis.com/v0/b/testproject-369415.appspot.com/o/hinh-meme-cheems-nghe-nhac-480x600.jpg?alt=media&token=3037f542-d078-4865-97bd-8461364a9141','1995-02-16 00:00:00','2022-07-03 03:34:43','tantrung875@gmail.com',NULL,'Nguyễn Tấn Trung',1,NULL,'$2a$10$U235CuUt/5RJUJVIY1jV1.7Y.f075l3yUW8NnCDQC/5VI3ZH4jnO.',2,NULL,NULL,'9f64df36-4def-11ed-bdc3-0242ac120002'),('ad3cc984-7b2f-4b40-80eb-68c18763abaf',NULL,'1992-08-28 00:00:00','2022-12-02 00:00:00','anthanhvinh@fsoft.com.vn',NULL,'An Thanh Vinh',0,NULL,'$2a$10$9RjdRoko7mRGdHcUxN1yJO/rq2x6QxeSD/qtAlNeszxI6dBvg9ESG',2,NULL,NULL,'b424387c-4def-11ed-bdc3-0242ac120002'),('ad8a9052-43b8-48b5-95bf-187670449926',NULL,'1977-11-23 00:00:00','2022-12-02 00:00:00','phamthuylinh@fsoft.com.vn',NULL,'Phạm Thụy Linh',0,NULL,'$2a$10$8WcgHd4U.Gai7V5HyzkjgOUwpQpb5xsIx6HQhaxKbjPrkISbdI8U.',1,NULL,NULL,'9f64df36-4def-11ed-bdc3-0242ac120002'),('af0ef95e-4fc2-4969-baa1-29f3e204e818',NULL,'1994-06-30 00:00:00','2022-12-02 00:00:00','ngotuyetlan@fsoft.com.vn',NULL,'Ngô Tuyết Lan',1,NULL,'$2a$10$wUps37EyCw.SA.j42UIvwOKrOIN.zpktZhBiYYMUkJWkb3fGZVAXi',2,NULL,NULL,'b424387c-4def-11ed-bdc3-0242ac120002'),('af6e0e91-befb-4815-a5a0-40211bf04d08',NULL,'2003-11-09 00:00:00','2022-12-02 00:00:00','hotrungnghia@fsoft.com.vn',NULL,'Hồ Trung Nghĩa',1,NULL,'$2a$10$4wArVQFbhKyKueM416q8oOeYtjh53IRlp73w3IcLYgWZZFwAM096a',2,NULL,NULL,'b424387c-4def-11ed-bdc3-0242ac120002'),('b0ff77ca-4d6c-464c-8b01-8625cd8b0933',NULL,'2002-03-29 00:00:00','2022-12-02 00:00:00','anvietdung@fsoft.com.vn',NULL,'An Việt Dũng',1,NULL,'$2a$10$E0nLOWm/V0yDlhBsvcPdtuBx0vZX1Lgh/Puo4YnHEXgvdWhtW03Dq',2,NULL,NULL,'b424387c-4def-11ed-bdc3-0242ac120002'),('b1072fb7-68a8-4ef0-8a45-a38556be5f71',NULL,'1991-06-15 00:00:00','2022-12-02 00:00:00','vuductho@fsoft.com.vn',NULL,'Vũ Ðức Thọ',0,NULL,'$2a$10$1sF6Aw3Ru843p56C3BrgO.Xw6znIR4FQPxJdclcDyYi1txFX.T5ZO',2,NULL,NULL,'b424387c-4def-11ed-bdc3-0242ac120002'),('b10a1acf-1ed4-4e54-88c8-41591fabf34e',NULL,'1991-11-04 00:00:00','2022-12-02 00:00:00','nguyenhongnhung@fsoft.com.vn',NULL,'Nguyễn Hồng Nhung',0,NULL,'$2a$10$YFpfZY/kQf6kK71zfbdFfu8gokyk6XI.nVxKpnxgxolJaMeSwKGky',2,NULL,NULL,'b424387c-4def-11ed-bdc3-0242ac120002'),('b135a3ce-fefd-4581-98f7-352bf7db0ff0',NULL,'1992-12-22 00:00:00','2022-12-02 00:00:00','nguyenbichnga@fsoft.com.vn',NULL,'Nguyễn Bích Nga',1,NULL,'$2a$10$wIGefMA4sZlf7i35Fzsyme5fu/k0noEfd77opEtuYiA8mSs6tPxaO',2,NULL,NULL,'b424387c-4def-11ed-bdc3-0242ac120002'),('b30fc486-a385-4026-8eb8-4949cb07779e',NULL,'1992-02-05 00:00:00','2022-12-02 00:00:00','phamlannhi@fsoft.com.vn',NULL,'Phạm Lan Nhi',0,NULL,'$2a$10$mwoWHipfleSk.WD9p4A6jeixFq//ibZHaJHUm2tpj8j6m66dZAMKa',2,NULL,NULL,'b424387c-4def-11ed-bdc3-0242ac120002'),('b467f16e-0010-488c-9a73-c5d70c8fbcd5',NULL,'1986-05-16 00:00:00','2022-12-02 00:00:00','ngomongquynh@fsoft.com.vn',NULL,'Ngô Mộng Quỳnh',1,NULL,'$2a$10$XxZvf/lydup39IW88hq0m.ws754xqgvNdBJo.mLH6MmvU8SvOoQ7O',1,NULL,NULL,'9f64df36-4def-11ed-bdc3-0242ac120002'),('b54d3c41-ee98-4106-8cc7-7ce5454a48be',NULL,'1992-12-08 00:00:00','2022-12-02 00:00:00','anhongchau@fsoft.com.vn',NULL,'An Hồng Châu',0,NULL,'$2a$10$DdxVLf/1u0B4htovMexJLuZFPEbaXXEGy2lceVYFkTGtHp7lJhhBu',3,NULL,NULL,'b424387c-4def-11ed-bdc3-0242ac120002'),('b560a840-bba0-4f80-b4fe-70b8a530db41',NULL,'1989-11-09 00:00:00','2022-12-02 00:00:00','nguyenanhkhoi@fsoft.com.vn',NULL,'Nguyễn Anh Khôi',1,NULL,'$2a$10$ug89bVn7sIU0hQFDA.DT2OxPatRAMD7ZdMa6ltzq6efoqHNwQtDOa',1,NULL,NULL,'9f64df36-4def-11ed-bdc3-0242ac120002'),('b5a4fedd-5d2e-457e-9039-ec26ca7615b6',NULL,'1998-11-20 00:00:00','2022-12-02 00:00:00','vuductoan@fsoft.com.vn',NULL,'Vũ Ðức Toàn',1,NULL,'$2a$10$A3u99xSGXPjPZJ/r6HwBBuxdGvVFvINxUr4Gde0EJ6dhkz9lroJ0a',2,NULL,NULL,'b424387c-4def-11ed-bdc3-0242ac120002'),('b5b835eb-b4cd-4465-8bfe-1b240e60a958',NULL,'1998-02-16 00:00:00','2022-12-02 00:00:00','huynhaihong@fsoft.com.vn',NULL,'Huỳnh Ái Hồng',1,NULL,'$2a$10$s27dDwQechXoGu4t2Fh4kOP1rFAtvyrSScxnD9rQ6Z7Tf8UxR/FuO',2,NULL,NULL,'b424387c-4def-11ed-bdc3-0242ac120002'),('b6224ef6-f001-4f48-9069-62657714a206',NULL,'2000-11-10 00:00:00','2022-12-02 00:00:00','anhaiphuong@fsoft.com.vn',NULL,'An Hải Phương',1,NULL,'$2a$10$nM4oR7wjgu7KCTdi7vAtv.8hudsvZg9.M1k8G2HcM0cSB.hn9UW.6',3,NULL,NULL,'b424387c-4def-11ed-bdc3-0242ac120002'),('b8044fce-4441-4e46-90bd-e6d970764d9a',NULL,'1996-05-27 00:00:00','2022-12-02 00:00:00','hoangducanh@fsoft.com.vn',NULL,'Hoàng Ðức Anh',0,NULL,'$2a$10$4kkYs6Bmsmh99KDMLwsTWe13mvZ2W85b.fNXsFIK.6ja1ZQ2HTyGi',2,NULL,NULL,'b424387c-4def-11ed-bdc3-0242ac120002'),('b940ec82-f0b5-462d-b388-29c5f566c951',NULL,'1993-05-11 00:00:00','2022-12-02 00:00:00','buinhuhoa@fsoft.com.vn',NULL,'Bùi Như Hoa',0,NULL,'$2a$10$eW2RKmPpC0cpw7R8hz.KquSpuAQb0dEf6ILCvqKlO4RToCaG4Xr.i',2,NULL,NULL,'b424387c-4def-11ed-bdc3-0242ac120002'),('ba4e43ec-bcc4-4c12-b692-282d32b980af',NULL,'1997-08-10 00:00:00','2022-12-02 00:00:00','lebaochau@fsoft.com.vn',NULL,'Lê Bảo Châu',1,NULL,'$2a$10$SO7Lt3u/31VoqNdebTIzIOG7cd4wnBcaUY8nem.xs66lsxrek.rIy',2,NULL,NULL,'b424387c-4def-11ed-bdc3-0242ac120002'),('ba5d4e60-60af-40f3-aa15-e6e42d0e7256',NULL,'1980-05-12 00:00:00','2022-12-02 00:00:00','huynhthaivan@fsoft.com.vn',NULL,'Huỳnh Thái Vân',0,NULL,'$2a$10$T21e0raDgOqLGn8BJyjY2eZ7HdzxGC2G0uelHZfqIW5iAbaX6zCLu',1,NULL,NULL,'9821f52e-4def-11ed-bdc3-0242ac120002'),('ba74cb37-9c12-431a-82c0-ea4ec9eb9774',NULL,'1999-04-19 00:00:00','2022-12-02 00:00:00','huynhhuonglam@fsoft.com.vn',NULL,'Huỳnh Hương Lâm',0,NULL,'$2a$10$QTgSndFCypN4QcFWa1B1T.pgEVZSAtsomBkC1CTZR5j5YkI/QAcxu',2,NULL,NULL,'b424387c-4def-11ed-bdc3-0242ac120002'),('baf995f6-fa67-446e-ae5e-c43a0fc7b7e4',NULL,'1991-12-12 00:00:00','2022-12-02 00:00:00','ngothanhkieu@fsoft.com.vn',NULL,'Ngô Thanh Kiều',1,NULL,'$2a$10$bQn8oPcgHIF9a2gcEKy1G.LyDQ8nSI90mYpr2Z7TZNkH0BfUumtR2',2,NULL,NULL,'b424387c-4def-11ed-bdc3-0242ac120002'),('bb5b7e4c-a39c-4096-a5a8-cb98c2308a0f',NULL,'1993-02-18 00:00:00','2022-12-02 00:00:00','phamduyennuong@fsoft.com.vn',NULL,'Phạm Duyên Nương',1,NULL,'$2a$10$Z.dBl4oEeP1GQ1XgsjtTdubL.hAPRWM6cQ9QgdGVkmk.uf4x9NvwG',1,NULL,NULL,'9821f52e-4def-11ed-bdc3-0242ac120002'),('bba45e27-00f2-4443-98c7-9771580faeaa',NULL,'1994-10-09 00:00:00','2022-12-02 00:00:00','huynhtamdan@fsoft.com.vn',NULL,'Huỳnh Tâm Dan',0,NULL,'$2a$10$G9uSwcUJ6G.DQGrWV2XodOIh6L1DZlWh9bknmLGvr1s/AR.fvwjwq',2,NULL,NULL,'b424387c-4def-11ed-bdc3-0242ac120002'),('bcc3911b-3bf8-4ec2-ab00-1afb5935f9fe',NULL,'2000-05-07 00:00:00','2022-12-02 00:00:00','vuphucthinh@fsoft.com.vn',NULL,'Vũ Phúc Thịnh',0,NULL,'$2a$10$Ng88o1IoaTSJNfjWBN7/auB3TWOTe06yYEuR9KPZAXmhBIEkpSbNu',2,NULL,NULL,'b424387c-4def-11ed-bdc3-0242ac120002'),('bd7a9167-bf56-4329-a48d-924f2992b53e',NULL,'1998-06-18 00:00:00','2022-12-02 00:00:00','hoducgiang@fsoft.com.vn',NULL,'Hồ Ðức Giang',0,NULL,'$2a$10$sJQHRF.flQJmlnm.GtPCRulFp/yI/t.a1HgV2RY3QlbO1jhc4ADjq',2,NULL,NULL,'b424387c-4def-11ed-bdc3-0242ac120002'),('be1b21a9-800a-4975-a2d6-be62202a7845',NULL,'1993-05-02 00:00:00','2022-12-02 00:00:00','phambaoanh@fsoft.com.vn',NULL,'Phạm Bảo Anh',1,NULL,'$2a$10$dilc1cRZ0E8ioTuxwWvlGeVWQ1QkmDKILhPosbwyNAG/nI0Fgef4i',2,NULL,NULL,'b424387c-4def-11ed-bdc3-0242ac120002'),('bed92740-b48d-4ae2-9466-af38390aa228',NULL,'1999-03-18 00:00:00','2022-12-02 00:00:00','anduymanh@fsoft.com.vn',NULL,'An Duy Mạnh',1,NULL,'$2a$10$aFvPIP3zr7kBXlpsDSiqD.k3WiGbquoYB18x59dAmcmPw5BVWH0RW',3,NULL,NULL,'b424387c-4def-11ed-bdc3-0242ac120002'),('bee0bfc7-397b-4bff-b24b-b714b901eb69',NULL,'1987-01-12 00:00:00','2022-12-02 00:00:00','huynhnguyetanh@fsoft.com.vn',NULL,'Huỳnh Nguyệt Ánh',0,NULL,'$2a$10$0.fY.XoYxzEspVTPH7OFGu/1NgsX9Rs3ycfCXFBKx2hYuujNgb1sS',1,NULL,NULL,'9821f52e-4def-11ed-bdc3-0242ac120002'),('c001b841-127d-4cab-bb98-0954cbdc4a6a',NULL,'1994-03-26 00:00:00','2022-12-02 00:00:00','nguyenhuemy@fsoft.com.vn',NULL,'Nguyễn Huệ My',0,NULL,'$2a$10$2KvHy9tYerOTzzTZlA8t9.JEGtbihSA.U0UANreAgj6kWCnrWQxxi',1,NULL,NULL,'9821f52e-4def-11ed-bdc3-0242ac120002'),('c0d7e82b-4204-4f5c-955c-eaab0a46d3f6',NULL,'1998-08-24 00:00:00','2022-12-02 00:00:00','angiangtien@fsoft.com.vn',NULL,'An Giáng Tiên',0,NULL,'$2a$10$UQhTj8g8SeE05UNG6DD5OORvHtLatYkDua8VgghEqKuw0ToZLBVGa',3,NULL,NULL,'b424387c-4def-11ed-bdc3-0242ac120002'),('c0ed77ad-94be-42df-9106-a6a6a36249c8',NULL,'1987-12-01 00:00:00','2022-12-02 00:00:00','hoquoctoan@fsoft.com.vn',NULL,'Hồ Quốc Toản',0,NULL,'$2a$10$S3iNBJ.cjJjvP0JGFi/mZeIJ4H2eep3X6V0P9rHRhZWoW74EqMg6y',1,NULL,NULL,'9821f52e-4def-11ed-bdc3-0242ac120002'),('c134bfe5-c998-4948-88a8-8342f5894e8c',NULL,'1995-12-03 00:00:00','2022-12-02 00:00:00','leducchinh@fsoft.com.vn',NULL,'Lê Ðức Chính',0,NULL,'$2a$10$UHnvMR18GwJBM/L9DScpxOIoYelDdkE6bx3fcfR7vK.0NooJypSnO',1,NULL,NULL,'9821f52e-4def-11ed-bdc3-0242ac120002'),('c135f4be-cce3-4d6d-9556-237354ed50a4',NULL,'2003-01-28 00:00:00','2022-12-02 00:00:00','ngothaomy@fsoft.com.vn',NULL,'Ngô Thảo My',0,NULL,'$2a$10$/SRVUvGIkr800X57mkvT5ef3gpkbHzP5e/jd/VrAzTAJFNtvI2Fiq',2,NULL,NULL,'b424387c-4def-11ed-bdc3-0242ac120002'),('c150d62c-06bd-443d-bee8-f197b0cc7810',NULL,'2000-08-15 00:00:00','2022-12-02 00:00:00','lebichnga@fsoft.com.vn',NULL,'Lê Bích Ngà',1,NULL,'$2a$10$3WbeDths3c8JozpB.xrpW.R6re6iq7BNM7b5G6CTJSsgiUO2jPcaS',2,NULL,NULL,'b424387c-4def-11ed-bdc3-0242ac120002'),('c1da2c92-cde1-4fcc-89ab-ecd3faecd8c7',NULL,'1997-05-10 00:00:00','2022-12-02 00:00:00','dammaikhoi@fsoft.com.vn',NULL,'Dàm Mai Khôi',0,NULL,'$2a$10$IVEE6CjU5cNBh3CLrDmVP.18gUqoEXfWWhZZ0k7UgAUyDaBkVHJGW',2,NULL,NULL,'b424387c-4def-11ed-bdc3-0242ac120002'),('c259842c-fa7a-4b99-a80e-ad52cd86874c',NULL,'1975-11-27 00:00:00','2022-12-02 00:00:00','huynhhuemy@fsoft.com.vn',NULL,'Huỳnh Huệ My',1,NULL,'$2a$10$jyka666pAPgGo9kL/MtpYeLoayKFeWQ5blE6z1QWyE3qDJp/AsffS',1,NULL,NULL,'9f64df36-4def-11ed-bdc3-0242ac120002'),('c312b2d3-f810-410d-8221-89b6f7b6fa5b',NULL,'2003-12-29 00:00:00','2022-12-02 00:00:00','huynhgiaquynh@fsoft.com.vn',NULL,'Huỳnh Gia Quỳnh',1,NULL,'$2a$10$75udu5sqFuDIY4qL5DkzTuwnfKTgqdaXmVyawUJB1gUERuNseKZ0W',2,NULL,NULL,'b424387c-4def-11ed-bdc3-0242ac120002'),('c35e722e-bca9-49bc-abb6-f98f3f888a2e',NULL,'2002-12-29 00:00:00','2022-12-02 00:00:00','anthuvong@fsoft.com.vn',NULL,'An Thu Vọng',0,NULL,'$2a$10$xgtkqs43gHouZbtr2fI0hOAgbauahfU8zMGxuS5U0xP.Enqg4PZVa',2,NULL,NULL,'b424387c-4def-11ed-bdc3-0242ac120002'),('c46b68c7-400b-4daa-a5b7-f6e3048d6b4f',NULL,'1996-11-14 00:00:00','2022-12-02 00:00:00','huynhmongnhi@fsoft.com.vn',NULL,'Huỳnh Mộng Nhi',1,NULL,'$2a$10$5PxWOrEJdZBYA7PbsQKTGuOA8HMcVQg3HpFirUQtBnZoI9aHx1lZ.',1,NULL,NULL,'9f64df36-4def-11ed-bdc3-0242ac120002'),('c53d73d4-0173-428a-a0ed-31a375894ead',NULL,'1977-01-01 00:00:00','2022-12-02 00:00:00','huynhhuehuong@fsoft.com.vn',NULL,'Huỳnh Huệ Hương',0,NULL,'$2a$10$iy2A604UVVw3D/keR8iXseFQF58E/RG1RkMUrxs03QTezHOKWcY/G',1,NULL,NULL,'9821f52e-4def-11ed-bdc3-0242ac120002'),('c56a4140-82a6-432c-9c50-bceca6f2d1eb',NULL,'1991-12-01 00:00:00','2022-12-02 00:00:00','ngoduymy@fsoft.com.vn',NULL,'Ngô Duy Mỹ',0,NULL,'$2a$10$SnwyrHceNUDt5Z6aTZJDpeKDcRLRZOwDtvtWuA.x9p2mNQImw5FxC',2,NULL,NULL,'b424387c-4def-11ed-bdc3-0242ac120002'),('c5b39c21-bd40-437c-bb22-a9adc411d635',NULL,'2001-12-05 14:24:07','2022-12-04 14:24:42','votrungquan.tp15@gmail.com',NULL,'Võ Trung Quân',0,NULL,'$2a$10$biAK.Wm5cugHLAnWI3tDdeoFUgURxFBq8rLrI4DcCDK1IWqtYtJHu',1,NULL,NULL,'4436720a-4def-11ed-bdc3-0242ac120002'),('c62da446-7c97-4e45-9f0b-ad53285a2889',NULL,'1997-04-26 00:00:00','2022-12-02 00:00:00','leminhdat@fsoft.com.vn',NULL,'Lê Minh Ðạt',0,NULL,'$2a$10$xyaLPbZMB1CaIBiVPqj8o.GMkO6K7xZVJ26ZO/A72Nf6OA/YmJySm',2,NULL,NULL,'b424387c-4def-11ed-bdc3-0242ac120002'),('c6ebe124-00ce-4aa5-968f-30ca4589d9d6',NULL,'1998-03-06 00:00:00','2022-12-02 00:00:00','ancaosy@fsoft.com.vn',NULL,'An Cao Sỹ',0,NULL,'$2a$10$aI5JV7Ko0PBaX59Wl0rFBu.JBbtBKvvgmDWg3BzupnYx6jh/TarQa',3,NULL,NULL,'b424387c-4def-11ed-bdc3-0242ac120002'),('c7c63e34-3cd0-4fe6-a4cc-eabe1ef4738e',NULL,'1991-01-06 00:00:00','2022-12-02 00:00:00','huynhdiemphuoc@fsoft.com.vn',NULL,'Huỳnh Diễm Phước',1,NULL,'$2a$10$Su.a7URDbw8IEcIMMiwLV.h110VUyFbMZFYuSWxOQj/yNgFzunB5u',1,NULL,NULL,'9821f52e-4def-11ed-bdc3-0242ac120002'),('c7eb4777-ec01-468a-8dc5-36998f3bca40',NULL,'1987-11-22 00:00:00','2022-12-02 00:00:00','trainer@gmail.com',NULL,'Trainer',1,NULL,'$2a$10$7lC4h1GKaDak1t1gP1YepedKoJS70s6LkWTvrx9kKPdPsS7SWvv4K',1,NULL,NULL,'9821f52e-4def-11ed-bdc3-0242ac120002'),('c84eb8f8-adc7-4798-89c9-cd8772809216',NULL,'2001-10-07 00:00:00','2022-12-02 00:00:00','antrongtan@fsoft.com.vn',NULL,'An Trọng Tấn',1,NULL,'$2a$10$e4Nl6.HifLJ1w1yUBC0oWuA3uZOy0labG9q0o4RgyuX3Eo9YgIKF2',2,NULL,NULL,'b424387c-4def-11ed-bdc3-0242ac120002'),('c86a5337-0fc3-4730-9c19-9ace8781e77c',NULL,'1997-07-26 00:00:00','2022-12-02 00:00:00','hoanghuuhanh@fsoft.com.vn',NULL,'Hoàng Hữu Hạnh',0,NULL,'$2a$10$mOWZ3PdeH0Cpy9o50JN.VegaAL.MJ3Qkyia.6TmX15ujmx998Gs6u',2,NULL,NULL,'b424387c-4def-11ed-bdc3-0242ac120002'),('c914b2e4-5778-4dde-87fe-c920598aacd1',NULL,'1991-09-12 00:00:00','2022-12-02 00:00:00','vuhungcuong@fsoft.com.vn',NULL,'Vũ Hùng Cường',1,NULL,'$2a$10$Ig0oPTbAqHKJqCw3CsHjm.8KMdF1st8iCf7hffnH3cYpNMGvzBEv6',0,NULL,NULL,'b424387c-4def-11ed-bdc3-0242ac120002'),('c92a6f00-8514-490e-a6de-9af6806630c3',NULL,'2003-09-22 00:00:00','2022-12-02 00:00:00','huynhhuyenthu@fsoft.com.vn',NULL,'Huỳnh Huyền Thư',1,NULL,'$2a$10$6rzd/Xl8Eb5qaYe2qC8JzOkRYqgCAvFrlblJBcIlPafZCLCJNMtkG',0,NULL,NULL,'b424387c-4def-11ed-bdc3-0242ac120002'),('c94c63fa-8a3c-4942-9387-ae41c6070366',NULL,'1996-09-03 00:00:00','2022-12-02 00:00:00','ngomauxuan@fsoft.com.vn',NULL,'Ngô Mậu Xuân',1,NULL,'$2a$10$OtF3IHQHqqZYG30VzFSKT.rRv5GkMYN2eW5.lzlfuZT3DOgsiLTfu',0,NULL,NULL,'b424387c-4def-11ed-bdc3-0242ac120002'),('c9fcc722-489e-4220-8128-78234ae17de1',NULL,'2003-04-04 00:00:00','2022-12-02 00:00:00','hoangminhcanh@fsoft.com.vn',NULL,'Hoàng Minh Cảnh',0,NULL,'$2a$10$now/KBp61H3bXeaTBJPe4.0SNRVw.X4djWBv2fsfDUwsQbD5efCUu',0,NULL,NULL,'b424387c-4def-11ed-bdc3-0242ac120002'),('ca7b5850-67e3-4db7-bbc3-b94afd38e256','https://firebasestorage.googleapis.com/v0/b/testproject-369415.appspot.com/o/hinh-meme-Cheems-Florentino-601x600.jpg?alt=media&token=810bcd89-f004-49e4-bcec-941ca5af0784','1997-11-27 00:00:00','2022-09-06 09:58:09','geriannedumingo@gmail.com',NULL,'Gerianne Dumingo',0,NULL,'$2a$10$uJYvciCabW2soL3ZR/d5Wu7G0Xz7WfnW4TmzWa.ysR/JaD25cy5Ji',0,NULL,NULL,'b424387c-4def-11ed-bdc3-0242ac120002'),('cc42a6bb-1933-4ca6-b877-74c6e4bcc737',NULL,'1994-06-02 00:00:00','2022-12-02 00:00:00','phamducsieu@fsoft.com.vn',NULL,'Phạm Ðức Siêu',1,NULL,'$2a$10$due4mWGxcC5EOFp3tYbCYuzp/Yp6l7Nm/3s2Tb8iVIPrDvdyCfgbG',0,NULL,NULL,'b424387c-4def-11ed-bdc3-0242ac120002'),('ce5d498a-4a4c-430f-9e6d-f1af77d55e49',NULL,'1992-03-27 00:00:00','2022-12-02 00:00:00','nguyenhaonhien@fsoft.com.vn',NULL,'Nguyễn Hạo Nhiên',0,NULL,'$2a$10$kn58zxqMy1MFY06S5l.//eEBL.oCcxpNxSRNc6WjD7lbxbJzIHu/m',0,NULL,NULL,'b424387c-4def-11ed-bdc3-0242ac120002'),('ce994ec9-b4a2-4f03-83fe-37b62952c182','https://firebasestorage.googleapis.com/v0/b/testproject-369415.appspot.com/o/hinh-anh-meme-cheems-xau-ho-607x600.jpg?alt=media&token=b0de8205-e6eb-4a60-8d6b-6530d7fb1530','1999-06-20 00:00:00','2022-01-03 04:21:39','nguyentrongnguyenvu@gmail.com',NULL,'Nguyễn Trọng Nguyên Vũ',1,NULL,'$2a$10$uJYvciCabW2soL3ZR/d5Wu7G0Xz7WfnW4TmzWa.ysR/JaD25cy5Ji',2,NULL,NULL,'b424387c-4def-11ed-bdc3-0242ac120002'),('cf36c3fb-39fb-4f23-bda6-93639b830de5',NULL,'1999-08-26 00:00:00','2022-12-02 00:00:00','phambichdiep@fsoft.com.vn',NULL,'Phạm Bích Ðiệp',1,NULL,'$2a$10$pyiDE9Q4Xkvq2gTCFw1tTegbgOKJJrEjo6FCrnQ8ggKeiACd85Dtq',0,NULL,NULL,'b424387c-4def-11ed-bdc3-0242ac120002'),('d0db3843-0fdd-4990-a5ec-70219e3b10ce',NULL,'2001-12-01 17:00:00','2022-12-02 07:17:38','haihu211212@gmail.com',NULL,'Luong Nguyen Hai Huy',0,NULL,'$2a$10$OY0BEiNyxuOrRLnukxjWxu9B9XupQeiJEDgfKCP4FRaM4I1cOgODK',1,NULL,NULL,'9f64df36-4def-11ed-bdc3-0242ac120002'),('d0e5bf9a-7798-4ecc-be18-1247d3644e76',NULL,'1997-07-23 00:00:00','2022-12-02 00:00:00','phamvinhhai@fsoft.com.vn',NULL,'Phạm Vĩnh Hải',0,NULL,'$2a$10$WyJL0kO3SPQ7aeG1FXRl4OTfAYQxwA1ef3qPXN.Yfo7a.zBpdNeGO',0,NULL,NULL,'b424387c-4def-11ed-bdc3-0242ac120002'),('d0eec9a6-316a-4fc0-9965-4b059d4316e6',NULL,'1995-12-09 00:00:00','2022-12-02 00:00:00','antunglam@fsoft.com.vn',NULL,'An Tùng Lâm',1,NULL,'$2a$10$3CJYEB3b6oLekjly1RQmOeYGCLoAY.kTSGKErV.sK6VAFowKVqFGi',0,NULL,NULL,'b424387c-4def-11ed-bdc3-0242ac120002'),('d116c287-422f-4c6c-8b31-3a89ed184481',NULL,'1996-12-12 00:00:00','2022-12-02 00:00:00','hotantrinh@fsoft.com.vn',NULL,'Hồ Tấn Trình',0,NULL,'$2a$10$uyCQi3WNRhl4PYLEy3Wfn.uPD6z8Y8EQTgiqHY22M1IfHWlK5774.',0,NULL,NULL,'b424387c-4def-11ed-bdc3-0242ac120002'),('d13fde7c-22c2-4507-8906-cfde179ff808',NULL,'1995-01-01 00:00:00','2022-12-02 00:00:00','huynhhuongtien@fsoft.com.vn',NULL,'Huỳnh Hương Tiên',0,NULL,'$2a$10$9daok1gG0buRrhShC25qjePNGzu8x3Hhu5ulbo1.gszJ9yB2gBRIe',0,NULL,NULL,'b424387c-4def-11ed-bdc3-0242ac120002'),('d1d8c29f-2f26-4fb3-b9e3-f718ce42f248',NULL,'1997-10-09 00:00:00','2022-12-02 00:00:00','hodaingoc@fsoft.com.vn',NULL,'Hồ Ðại Ngọc',0,NULL,'$2a$10$HlS0F.mje.1pJtxnvx/3Tegi50vEQ6YQEV6E7pVNCKcymENu/DLVe',0,NULL,NULL,'b424387c-4def-11ed-bdc3-0242ac120002'),('d335efda-cf92-41dc-9875-5ebbec43de3c',NULL,'2000-07-03 00:00:00','2022-12-02 00:00:00','huynhphuonglien@fsoft.com.vn',NULL,'Huỳnh Phượng Liên',1,NULL,'$2a$10$OvlQuQx9ma.7vFoS3hs1L.grKbr1s3ukm6Y4AajlSA0QxZOED7r9y',0,NULL,NULL,'b424387c-4def-11ed-bdc3-0242ac120002'),('d3dc5b7c-e2ee-4963-b10b-0b5917bc2dee',NULL,'1994-11-30 00:00:00','2022-12-02 00:00:00','ansuongsuong@fsoft.com.vn',NULL,'An Sương Sương',1,NULL,'$2a$10$TSLLLK4F.Ptzt3ymA09SC.xWNvyszhbzBcJxW4cBvzIwK273jJSD.',3,NULL,NULL,'b424387c-4def-11ed-bdc3-0242ac120002'),('d44d8e16-07fa-4f58-9b1f-164d3860d23d',NULL,'1992-08-16 00:00:00','2022-12-02 00:00:00','hoangkimthong@fsoft.com.vn',NULL,'Hoàng Kim Thông',1,NULL,'$2a$10$HNDQyhpS.q9vDkB/gSzn7OqF59L5X/NCISKe38M4VCky./xuleWQW',0,NULL,NULL,'b424387c-4def-11ed-bdc3-0242ac120002'),('d4c33086-3516-4512-9511-2c229d9836ce','https://firebasestorage.googleapis.com/v0/b/testproject-369415.appspot.com/o/hinh-anh-meme-cheems-doi-non-noel-600x600.jpg?alt=media&token=4367b7f8-1368-49c9-839c-9639ed5a6d84','1997-06-30 00:00:00','2021-10-09 07:10:26','whitbyendley@gmail.com',NULL,'Whitby Endley',0,NULL,'$2a$10$uJYvciCabW2soL3ZR/d5Wu7G0Xz7WfnW4TmzWa.ysR/JaD25cy5Ji',2,NULL,NULL,'b424387c-4def-11ed-bdc3-0242ac120002'),('d5b0ef96-88d6-478f-b33b-9cba0f969c9f',NULL,'1999-09-27 00:00:00','2022-12-02 00:00:00','nguyenhoanglam@fsoft.com.vn',NULL,'Nguyễn Hoàng Lâm',1,NULL,'$2a$10$9Pask/p0P7rp0zvdUp5GtePOPt0OhOD.ZGQkSH.QZgCaU9CEV.BqS',0,NULL,NULL,'b424387c-4def-11ed-bdc3-0242ac120002'),('d69a91d8-538c-4e6d-a3ed-6129076d72bc',NULL,'2003-07-26 00:00:00','2022-12-02 00:00:00','nguyentanloi@fsoft.com.vn',NULL,'Nguyễn Tấn Lợi',1,NULL,'$2a$10$gKTneKaIJp.HDTFqEqG9B.RLbDG0Gk6ZmEWhgcBt9ZApMROjzOlYG',0,NULL,NULL,'b424387c-4def-11ed-bdc3-0242ac120002'),('d70f69ba-d831-4864-ab81-6bc325e9bce0',NULL,'1976-02-17 00:00:00','2022-12-02 00:00:00','hovietquoc@fsoft.com.vn',NULL,'Hồ Việt Quốc',0,NULL,'$2a$10$Lw/3DRUxigVYRkYHApr1Q.oqc6KD3AX0s6skhiuKzgn09qxHQ0o2O',1,NULL,NULL,'9821f52e-4def-11ed-bdc3-0242ac120002'),('d7c2fd46-3415-4fae-82bc-b38e073c8f48',NULL,'1992-02-23 00:00:00','2022-12-02 00:00:00','vuanhson@fsoft.com.vn',NULL,'Vũ Anh Sơn',1,NULL,'$2a$10$/9VspfZnovkDaNLXcflg2.C.jrqWpM37IEVPhkxPDwMQe2ugfRv76',0,NULL,NULL,'b424387c-4def-11ed-bdc3-0242ac120002'),('d805c34b-72f2-463a-8f43-1e5c24378c60',NULL,'1991-01-18 00:00:00','2022-12-02 00:00:00','huynhmaithy@fsoft.com.vn',NULL,'Huỳnh Mai Thy',0,NULL,'$2a$10$Otmtkr2Fiv1mPOjUZVUfN.LfgI4gvtARCcwaueqp6L3Y8kRXf2Q1u',0,NULL,NULL,'b424387c-4def-11ed-bdc3-0242ac120002'),('d88e454f-9279-4c6f-b7f7-f9513f7bbad9',NULL,'2002-09-09 00:00:00','2022-12-02 00:00:00','ngoduyennuong@fsoft.com.vn',NULL,'Ngô Duyên Nương',0,NULL,'$2a$10$LCvviYEbCmasytvr03V5Uei..YPI6HCrXRFi8GjDiCUmSgYo7rJ8W',0,NULL,NULL,'b424387c-4def-11ed-bdc3-0242ac120002'),('d92f534a-ff78-4126-82e9-46eebcea6b95',NULL,'2000-10-09 00:00:00','2022-12-02 00:00:00','lequangthinh@fsoft.com.vn',NULL,'Lê Quang Thịnh',0,NULL,'$2a$10$xYomG0gwEM5Z9gSmU9Vt7uz5MssD2P5SK/4Wcm.ydBAVC1rw3h3h6',0,NULL,NULL,'b424387c-4def-11ed-bdc3-0242ac120002'),('d935e646-cf42-41ee-93e5-7466c47b613a',NULL,'1997-12-15 00:00:00','2022-12-02 00:00:00','phamquocthien@fsoft.com.vn',NULL,'Phạm Quốc Thiện',0,NULL,'$2a$10$62akuiz1a1Q.mO4BB7kgvOOz4dPJSbzVDowDdJCaW3K9y1Eo.pdyS',0,NULL,NULL,'b424387c-4def-11ed-bdc3-0242ac120002'),('d99d2bdf-d079-45db-99dc-9f3f96a3664e',NULL,'1996-09-04 00:00:00','2022-12-02 00:00:00','leanhang@fsoft.com.vn',NULL,'Lê An Hằng',0,NULL,'$2a$10$AwZpAFc7SKKAxRmG/h6Xdusxa1Mcovmn2bEEthRdgEOxxb8TTw4Eu',0,NULL,NULL,'b424387c-4def-11ed-bdc3-0242ac120002'),('d9be0fa4-af2e-438f-af50-28003a821362',NULL,'1994-04-15 00:00:00','2022-12-02 00:00:00','anthucdinh@fsoft.com.vn',NULL,'An Thục Ðình',0,NULL,'$2a$10$/LdqUJl8Jt2I2dqCbhu.m.KSQ6EueToW1nN/EhnB/rTxFsu4lUoum',0,NULL,NULL,'b424387c-4def-11ed-bdc3-0242ac120002'),('da3eb6cc-1c1b-4797-815e-849fdc66c3c1',NULL,'1976-01-15 00:00:00','2022-12-02 00:00:00','letronghung@fsoft.com.vn',NULL,'Lê Trọng Hùng',1,NULL,'$2a$10$tCBAPVXQG62ewyDML44oMugwxmTpt8lAUU6Ri8EahBwksvJsn6vAG',1,NULL,NULL,'9821f52e-4def-11ed-bdc3-0242ac120002'),('db32ba4f-1fd1-4daa-8065-26d16a6fee57',NULL,'1996-07-19 00:00:00','2022-12-02 00:00:00','vutruongthanh@fsoft.com.vn',NULL,'Vũ Trường Thành',0,NULL,'$2a$10$2WWYLBn9onMAa9v1x5/UEufZ4cKMxyMLEB2y5gbrOw73.u3t3efD6',0,NULL,NULL,'b424387c-4def-11ed-bdc3-0242ac120002'),('db5b4ff6-874c-4949-a8ea-cb58a7835924',NULL,'1996-09-12 00:00:00','2022-12-02 00:00:00','huynhthugiang@fsoft.com.vn',NULL,'Huỳnh Thu Giang',1,NULL,'$2a$10$5krOu2m4uELPPpGkxUdM2u406U3Qasal1sPkW41NJQt6l6qCcmHM6',0,NULL,NULL,'b424387c-4def-11ed-bdc3-0242ac120002'),('dbb52b61-3c56-4512-8508-9a9f74fd9fd2','https://firebasestorage.googleapis.com/v0/b/testproject-369415.appspot.com/o/hinh-anh-meme-Cheems-ngau.jpeg?alt=media&token=b99bdc45-c6b7-479a-8f4a-a88f92db1b7c','1997-10-28 00:00:00','2022-10-13 04:30:54','doanvuquanghuy@gmail.com',NULL,'Đoàn Vũ Quang Huy',1,NULL,'$2a$10$uJYvciCabW2soL3ZR/d5Wu7G0Xz7WfnW4TmzWa.ysR/JaD25cy5Ji',3,NULL,NULL,'b424387c-4def-11ed-bdc3-0242ac120002'),('dc2f05e8-e5cb-4923-83f9-0ebc6b3837ca',NULL,'1992-12-22 00:00:00','2022-12-02 00:00:00','buibaothoa@fsoft.com.vn',NULL,'Bùi Bảo Thoa',1,NULL,'$2a$10$tfR61fVSBiwfiNdls3TN9.NUyHJb8O7dhPx8aMMab0biktzrmJ3YK',0,NULL,NULL,'b424387c-4def-11ed-bdc3-0242ac120002'),('dcdbf7ff-8e23-4129-a9db-48bf52c322b5',NULL,'1997-12-18 00:00:00','2022-12-02 00:00:00','damhavy@fsoft.com.vn',NULL,'Dàm Hạ Vy',1,NULL,'$2a$10$aj2xR7NzNTW/CZYXl83Z1e9uRQgzx/4pCG8m7qaMievte51Kxj5Ba',0,NULL,NULL,'b424387c-4def-11ed-bdc3-0242ac120002'),('dd69628a-13b2-4dec-bac6-e94137be7bc1',NULL,'2001-10-29 00:00:00','2022-12-02 00:00:00','leminhdan@fsoft.com.vn',NULL,'Lê Minh Dân',0,NULL,'$2a$10$DQMgZH.nfpYTqJeF18Yne.j2NgGGRpEAo6xTxYVDyKodVXEImPCfy',0,NULL,NULL,'b424387c-4def-11ed-bdc3-0242ac120002'),('dd951e03-b3ac-42eb-a684-c05cbe0397d0',NULL,'1997-05-13 00:00:00','2022-12-02 00:00:00','antienphuong@fsoft.com.vn',NULL,'An Tiên Phương',0,NULL,'$2a$10$O6kMhhuG4XPiFWHryVlXGuOTkCeYPwFF6q6/TOzqGFNPiCWzsky8i',0,NULL,NULL,'b424387c-4def-11ed-bdc3-0242ac120002'),('ddc1144b-da8e-41e7-8f0a-934987ac3265',NULL,'2001-08-13 00:00:00','2022-12-02 00:00:00','antantruong@fsoft.com.vn',NULL,'An Tấn Trương',0,NULL,'$2a$10$TXeJgkdCTKvXnWQzIeqYBuBaUbCQYsIqZsQ9TFgYAem7S7wJpCN3S',3,NULL,NULL,'b424387c-4def-11ed-bdc3-0242ac120002'),('deadb4d4-fce0-4fec-8c5b-cdcb23ee464b',NULL,'1991-03-17 00:00:00','2022-12-02 00:00:00','nguyenmythuan@fsoft.com.vn',NULL,'Nguyễn Mỹ Thuận',0,NULL,'$2a$10$aoSJBtxELe5IbdHEuHjxCOdfEtgE9dr/O/glkJIBAWR9BrEwONL86',0,NULL,NULL,'b424387c-4def-11ed-bdc3-0242ac120002'),('df33d1ec-6bcc-4224-b0fa-7c221b01180e',NULL,'1998-10-15 00:00:00','2022-12-02 00:00:00','huynhminhhong@fsoft.com.vn',NULL,'Huỳnh Minh Hồng',1,NULL,'$2a$10$QaIxLLYHT3PWxko.1bodoeKHYJjuBTLzT1ZYLPox91zZskALK/8iu',0,NULL,NULL,'b424387c-4def-11ed-bdc3-0242ac120002'),('df34d4cc-672b-44b3-9d6f-b2d6c3511903',NULL,'1998-11-29 00:00:00','2022-12-02 00:00:00','anxuanloan@fsoft.com.vn',NULL,'An Xuân Loan',0,NULL,'$2a$10$RkqrWaZAoJplIj4cKK0s..tq3Le8H5AQtolBOVk8c/W8FXYsAJCUi',4,NULL,NULL,'b424387c-4def-11ed-bdc3-0242ac120002'),('dfb57d22-73c4-47be-a021-f67b9fdfdc44',NULL,'1999-04-15 00:00:00','2022-12-02 00:00:00','anmainhi@fsoft.com.vn',NULL,'An Mai Nhi',1,NULL,'$2a$10$ZLZF9wIfznimilGZ6ax88.t5t0MikT2zO3EujQMPsfezqeRsbfaKi',3,NULL,NULL,'b424387c-4def-11ed-bdc3-0242ac120002'),('e005136d-b2dc-4ab2-8634-b7cb09b155bf',NULL,'2002-02-18 00:00:00','2022-12-02 00:00:00','anhaimy@fsoft.com.vn',NULL,'An Hải My',1,NULL,'$2a$10$36DPWyGDKbFBT9zEo/K3n.tYU65L9QCfndXt566x1PzPTI3PzwA82',3,NULL,NULL,'b424387c-4def-11ed-bdc3-0242ac120002'),('e0bfb1de-b1f3-4d12-8ae3-89102670274c',NULL,'1999-02-11 00:00:00','2022-12-02 00:00:00','huynhngochanh@fsoft.com.vn',NULL,'Huỳnh Ngọc Hạnh',1,NULL,'$2a$10$fwtzkhbfGXHvk67ilNz9F.qIMDhTaE2D26Tk2VKXQQ2krWLV/bmYW',4,NULL,NULL,'b424387c-4def-11ed-bdc3-0242ac120002'),('e18a3270-3648-4c1d-8311-6e8cd5110893',NULL,'1992-08-13 00:00:00','2022-12-02 00:00:00','huynhhaiduyen@fsoft.com.vn',NULL,'Huỳnh Hải Duyên',0,NULL,'$2a$10$/dfnOXLDtchMIYiIJWqbI.lm8e6llYVjP/u.BEO/LYqKiH5YNScU6',4,NULL,NULL,'b424387c-4def-11ed-bdc3-0242ac120002'),('e1da8b78-e25c-4fcd-8899-6978966d4b87',NULL,'1978-12-10 00:00:00','2022-12-02 00:00:00','anminhhue@fsoft.com.vn',NULL,'An Minh Huệ',0,NULL,'$2a$10$wvE7BJuYFmleqiUcZTRa1ek4pna/eOpzCWw1CpM.uoMVpwNXQpXW6',1,NULL,NULL,'9821f52e-4def-11ed-bdc3-0242ac120002'),('e20686f4-9b84-4079-ac4e-1e027d97e182',NULL,'1994-12-04 00:00:00','2022-12-02 00:00:00','ancamlien@fsoft.com.vn',NULL,'An Cẩm Liên',1,NULL,'$2a$10$LW/ENKv4d4nX0knkSrgrhucJ7elTRCJC6DfPGRITuzCms3BpM6TXe',3,NULL,NULL,'b424387c-4def-11ed-bdc3-0242ac120002'),('e2a85b1c-8dfa-489a-977d-79734986eb1d',NULL,'2003-03-17 00:00:00','2022-12-02 00:00:00','hoangmanhnghiem@fsoft.com.vn',NULL,'Hoàng Mạnh Nghiêm',0,NULL,'$2a$10$dtXsM.h.4j4TNpjmIIDxm.gfpy2PEje/EntvcOWB16Iz4VuvBgnje',4,NULL,NULL,'b424387c-4def-11ed-bdc3-0242ac120002'),('e341ca64-15e0-4c63-bace-93a076b53dbd',NULL,'1993-04-15 00:00:00','2022-12-02 00:00:00','anminhhoang@fsoft.com.vn',NULL,'An Minh Hoàng',1,NULL,'$2a$10$cqr4vFeopfrL3lGKOF0iLeUIMU1otxCnf0igMf6DZOwdXvJqPmiuu',3,NULL,NULL,'b424387c-4def-11ed-bdc3-0242ac120002'),('e41902c8-1374-4a04-966a-f9d908901f6b',NULL,'1994-06-08 00:00:00','2022-12-02 00:00:00','ngoduyenmy@fsoft.com.vn',NULL,'Ngô Duyên My',1,NULL,'$2a$10$XI5zIzyZkDI6GSqTHnKROuLfXB0.n.2WG1i5Xl7O5a54dSqCp3zam',1,NULL,NULL,'9f64df36-4def-11ed-bdc3-0242ac120002'),('e446a767-ffcc-448d-a978-6d2e3ce7f265',NULL,'1975-04-15 00:00:00','2022-12-02 00:00:00','ngohonghanh@fsoft.com.vn',NULL,'Ngô Hồng Hạnh',0,NULL,'$2a$10$NMsmQ3B8CdySYLR44rFkXuJ9rREAnS2iEz2HQMcFGAnKnPYSKtyN.',0,NULL,NULL,'9821f52e-4def-11ed-bdc3-0242ac120002'),('e4f404a4-e549-4dcb-af89-6b27965e0fcc',NULL,'1971-09-08 00:00:00','2022-12-02 00:00:00','anxuantam@fsoft.com.vn',NULL,'An Xuân Tâm',0,NULL,'$2a$10$bfAKI/lPu9BmbJdOt2ik7uOz0iB5YGWpOOP8xF7EYHFZiCVmSnp9K',1,NULL,NULL,'9f64df36-4def-11ed-bdc3-0242ac120002'),('e527a30a-3815-4c3f-9512-c21947e7670c',NULL,'1988-05-17 00:00:00','2022-12-02 00:00:00','antheduyet@fsoft.com.vn',NULL,'An Thế Duyệt',0,NULL,'$2a$10$FJQsGtrQZCbT2ZkMvkJCQ.oJCm4xNqzo3vU7sdRs84g.Yn5uFCsy6',1,NULL,NULL,'9821f52e-4def-11ed-bdc3-0242ac120002'),('e53fa201-35c1-46eb-91c6-76acb5df4bc1',NULL,'1998-11-28 00:00:00','2022-12-02 00:00:00','homanhdinh@fsoft.com.vn',NULL,'Hồ Mạnh Ðình',1,NULL,'$2a$10$yw1irX0sNx0PxIK6dCOje.0Pr0QPiHDjzwbjSvoX.Mm3N7h9xwkwW',3,NULL,NULL,'b424387c-4def-11ed-bdc3-0242ac120002'),('e546909a-71da-4a44-afcb-3a2f04b7180f',NULL,'1999-09-19 00:00:00','2022-12-02 00:00:00','damphuonggiang@fsoft.com.vn',NULL,'Dàm Phương Giang',0,NULL,'$2a$10$p7pw4N70yofLG5CcaW9Gs.yU4hLxSgJllFFMn1MJWHGZQls5rVFRq',2,NULL,NULL,'b424387c-4def-11ed-bdc3-0242ac120002'),('e6c6f135-d09e-4d4c-9a48-88f3cf7bb4ca',NULL,'1997-03-13 00:00:00','2022-12-02 00:00:00','huynhuyennha@fsoft.com.vn',NULL,'Huỳnh Uyển Nhã',0,NULL,'$2a$10$i/8Prd8ISb9FIXEhfw9fnOWuZ3mIhXf9B/cXyZCwSmb0AWWW4IbWy',2,NULL,NULL,'b424387c-4def-11ed-bdc3-0242ac120002'),('e6f1d6bd-bfbb-49b8-86a4-9a9e50feace0',NULL,'2001-04-10 00:00:00','2022-12-02 00:00:00','huynhhamtho@fsoft.com.vn',NULL,'Huỳnh Hàm Thơ',1,NULL,'$2a$10$s71LinlLzusJGYk.R2/NDuidNGIWIrARUnFZEJWkLdxhf6JvU3kj6',2,NULL,NULL,'b424387c-4def-11ed-bdc3-0242ac120002'),('e7037857-bfe9-4480-b722-3e2b1b09ca8f',NULL,'2002-10-26 00:00:00','2022-12-02 00:00:00','lethuhau@fsoft.com.vn',NULL,'Lê Thu Hậu',0,NULL,'$2a$10$Ttap/4UfudOaBhwzKIkCmuTnMz4AWEyz78OM.wPHU5f6FGucI0U/a',2,NULL,NULL,'b424387c-4def-11ed-bdc3-0242ac120002'),('e8257b83-d02f-4bac-b29b-5627aa5ab4a3',NULL,'1997-01-09 00:00:00','2022-12-02 00:00:00','huynhtuyetanh@fsoft.com.vn',NULL,'Huỳnh Tuyết Anh',1,NULL,'$2a$10$AwHInoqrcYuaJ9l2zV0znOQu1N6YCa4Gjeh0fh.wx3xYUauauuJB6',2,NULL,NULL,'b424387c-4def-11ed-bdc3-0242ac120002'),('e8772593-54d1-460f-8ca9-5447e04fe4f7',NULL,'1990-12-25 00:00:00','2022-12-02 00:00:00','vungocthien@fsoft.com.vn',NULL,'Vũ Ngọc Thiện',1,NULL,'$2a$10$Gi4QvllV1lhfLFa.eBOJ1..Tv2hbeutpWYlilnFtA5VFNRFia6Cdq',2,NULL,NULL,'b424387c-4def-11ed-bdc3-0242ac120002'),('e8c15413-6f8c-45dd-998c-ebe08b624bab',NULL,'1992-06-02 00:00:00','2022-12-02 00:00:00','builethu@fsoft.com.vn',NULL,'Bùi Lệ Thu',0,NULL,'$2a$10$3lDlKbuQEBmK0nZSHKQPHe3CLmTe9TVqFW.D82MoKEA9/YXHC4ovO',2,NULL,NULL,'b424387c-4def-11ed-bdc3-0242ac120002'),('e928688f-04a1-4889-a042-044ee445d867',NULL,'1995-06-01 00:00:00','2022-12-02 00:00:00','hoangkhoivi@fsoft.com.vn',NULL,'Hoàng Khôi Vĩ',0,NULL,'$2a$10$9VL7bgP0Ywq1A9UlOpQV0u2L.EUCjg4kH/UXsJd1e6ellKUx7Dqae',2,NULL,NULL,'b424387c-4def-11ed-bdc3-0242ac120002'),('e96a1a06-26f2-44ee-8dfd-ec184dde9292',NULL,'1998-11-20 00:00:00','2022-12-02 00:00:00','anxuanthien@fsoft.com.vn',NULL,'An Xuân Thiện',1,NULL,'$2a$10$vFAe81o6TdCSRH/OfQ/iYO.gh9r5EOU/L7Q/.DFM2SqU5WXdVgbQu',1,NULL,NULL,'9f64df36-4def-11ed-bdc3-0242ac120002'),('ea1f91fc-a739-4b5a-b128-c64ba5888989',NULL,'1998-08-19 00:00:00','2022-12-02 00:00:00','anthuhong@fsoft.com.vn',NULL,'An Thu Hồng',0,NULL,'$2a$10$3VkTWPF85bfyk7Yp4Orq5.aVi98N7Cd79ju1ohX.2rK.4IrlQ74eu',2,NULL,NULL,'b424387c-4def-11ed-bdc3-0242ac120002'),('ea384dc3-a517-46f9-a820-f5e4133f3fbf',NULL,'1992-08-30 00:00:00','2022-12-02 00:00:00','lequoctruong@fsoft.com.vn',NULL,'Lê Quốc Trường',1,NULL,'$2a$10$HKXCuRP6K8JyjMmOUH/BlOTJFlFsb7nrPeFgzlhYjMcNmZ9BhHqtW',1,NULL,NULL,'9821f52e-4def-11ed-bdc3-0242ac120002'),('eaf98fe9-8254-4f90-a255-ef52b40d7735',NULL,'1995-07-12 00:00:00','2022-12-02 00:00:00','nguyentungchau@fsoft.com.vn',NULL,'Nguyễn Tùng Châu',1,NULL,'$2a$10$FWf6IDca8tIfMMgMUJf4B.StgLqUybuCzIaGgeW.NZeS5ORad.IK6',2,NULL,NULL,'b424387c-4def-11ed-bdc3-0242ac120002'),('eb322987-4892-4c66-b499-55449c8bc6b8',NULL,'1993-10-25 00:00:00','2022-12-02 00:00:00','huynhphuongloan@fsoft.com.vn',NULL,'Huỳnh Phượng Loan',1,NULL,'$2a$10$9CqYf6i3qZLrof4UAJfRDO1I4kRkn.xYHpOnFMamHiJlXnaEdYi/.',2,NULL,NULL,'b424387c-4def-11ed-bdc3-0242ac120002'),('eb3fff68-559a-4b26-befe-1be92c160c0f',NULL,'1996-03-15 00:00:00','2022-12-02 00:00:00','ancatly@fsoft.com.vn',NULL,'An Cát Ly',0,NULL,'$2a$10$ZQcTG1eiaGVcalq5EafuvOkB7AiHXkn96tJICIpnqywSDDpup7rh2',3,NULL,NULL,'b424387c-4def-11ed-bdc3-0242ac120002'),('ebad1c7c-95e7-4ba5-8819-fa1e779a7c6b',NULL,'1999-05-30 00:00:00','2022-12-02 00:00:00','lecamlinh@fsoft.com.vn',NULL,'Lê Cẩm Linh',1,NULL,'$2a$10$cXZHX1iT.is2JRe3O7nJ9eYcZYMh9IB3cNQa3mAHAHPw4ENObhksW',2,NULL,NULL,'b424387c-4def-11ed-bdc3-0242ac120002'),('ebbae1c9-89e2-4b55-a006-d9c9e4ae96bc',NULL,'1987-06-06 00:00:00','2022-12-02 00:00:00','phamdoanthanh@fsoft.com.vn',NULL,'Phạm Ðoan Thanh',1,NULL,'$2a$10$VMtCnzCcraTICJA3rUiP6ep9odB4uiKPd1qH8foOc2Z7/3ixSy1hq',1,NULL,NULL,'9821f52e-4def-11ed-bdc3-0242ac120002'),('ec098c87-e952-4100-a117-d3ccb7999c3a',NULL,'2001-07-19 00:00:00','2022-12-02 00:00:00','vuphucduy@fsoft.com.vn',NULL,'Vũ Phúc Duy',0,NULL,'$2a$10$Ep63Zhfn9KdnNIx/HCdCFuLx7/WLPm89ilbktEDD4rwcGh.RwXgOe',2,NULL,NULL,'b424387c-4def-11ed-bdc3-0242ac120002'),('ec211113-fce4-4ff2-b400-23b276af10f8',NULL,'2000-08-10 00:00:00','2022-12-02 00:00:00','anhongque@fsoft.com.vn',NULL,'An Hồng Quế',0,NULL,'$2a$10$Nv5a..97C6UYiZNT8Td7gujUlkzS2N7KfN.zC.3hu.eJrtJtltbbu',3,NULL,NULL,'b424387c-4def-11ed-bdc3-0242ac120002'),('ecbc77f3-d13a-4388-b116-08fb221e5f7d',NULL,'1998-12-31 00:00:00','2022-12-02 00:00:00','ngohoaitrang@fsoft.com.vn',NULL,'Ngô Hoài Trang',1,NULL,'$2a$10$owka6nyEh5PR3AAqnENTo.Dd5dvoLbVBXGYLgJUfPTRT1XqHbrNA6',2,NULL,NULL,'b424387c-4def-11ed-bdc3-0242ac120002'),('ed7d8ee0-46a8-4bda-ac5f-6ec186de0d5a',NULL,'1999-05-21 00:00:00','2022-12-02 00:00:00','levietphong@fsoft.com.vn',NULL,'Lê Việt Phong',1,NULL,'$2a$10$LMwnoHTRbBVNqYwGsIbDGuTrb69LVUx1GmbmrszS0C/Ydvam/snZe',2,NULL,NULL,'b424387c-4def-11ed-bdc3-0242ac120002'),('ed8bf39d-be3b-4df0-8336-5630b6b13687',NULL,'1994-01-14 00:00:00','2022-12-02 00:00:00','phamngocmai@fsoft.com.vn',NULL,'Phạm Ngọc Mai',1,NULL,'$2a$10$kZ0AUbV.uF6wi3mkfk5sjuQOeGDmx8kUrgmoI/5LeSL5nPa/K//De',1,NULL,NULL,'9821f52e-4def-11ed-bdc3-0242ac120002'),('ed99e0d9-4cad-4384-b756-d2ccf35a1422',NULL,'1975-04-25 00:00:00','2022-12-02 00:00:00','leduyennuong@fsoft.com.vn',NULL,'Lê Duyên Nương',1,NULL,'$2a$10$272PKVYkVni0Ww1NDEFIp.WW132OVXLmLa5kADmd6YRN7F1i7EzXm',1,NULL,NULL,'9f64df36-4def-11ed-bdc3-0242ac120002'),('ee69dd31-1f01-4a51-8c1e-348e558b6e96',NULL,'1990-06-05 00:00:00','2022-12-02 00:00:00','lenhatha@fsoft.com.vn',NULL,'Lê Nhật Hạ',0,NULL,'$2a$10$W9PkdR/.FURXJDvl7nyAWe4De.eq7g3/NKCTtuQwnixb52/gMueDG',1,NULL,NULL,'9f64df36-4def-11ed-bdc3-0242ac120002'),('eeab235a-45b9-43e7-8220-53c3d53d2299',NULL,'1991-12-18 00:00:00','2022-12-02 00:00:00','antuyetoanh@fsoft.com.vn',NULL,'An Tuyết Oanh',1,NULL,'$2a$10$DogtCxfouc90XIL6dwZzauSwRhzFCqnNvRt5vcwtYMRMIUHtoGWEu',2,NULL,NULL,'b424387c-4def-11ed-bdc3-0242ac120002'),('eefef8c4-9e8a-44f9-9bd7-b2654669fee6','https://firebasestorage.googleapis.com/v0/b/testproject-369415.appspot.com/o/hinh-anh-mem-cheems-lam-hinh-nen-292x600.jpg?alt=media&token=483ff77a-0824-438d-86a1-4bf39153eaa1','1990-05-07 00:00:00','2022-08-30 12:11:42','nguyenquocbao@gmail.com',NULL,'Nguyễn Quốc Bảo',1,NULL,'$2a$10$uJYvciCabW2soL3ZR/d5Wu7G0Xz7WfnW4TmzWa.ysR/JaD25cy5Ji',3,NULL,NULL,'b424387c-4def-11ed-bdc3-0242ac120002'),('eff31f33-3f2c-4a2c-ac73-d7f2bfd6e290','https://firebasestorage.googleapis.com/v0/b/testproject-369415.appspot.com/o/anh-sieu-nhan-gao-chibi-cute-05.jpg?alt=media&token=bb621675-43ab-43a0-bc8a-62b23f902d9c','1993-03-05 00:00:00','2022-11-28 00:00:00','namthse150941@gmail.com',NULL,'Hoainam',0,'asd','$2a$10$U235CuUt/5RJUJVIY1jV1.7Y.f075l3yUW8NnCDQC/5VI3ZH4jnO.',5,NULL,NULL,'b424387c-4def-11ed-bdc3-0242ac120002'),('f1d2ae81-5237-4e71-bf4d-b693fc8a13d6',NULL,'1977-12-20 00:00:00','2022-12-02 00:00:00','vudinhnam@fsoft.com.vn',NULL,'Vũ Ðình Nam',1,NULL,'$2a$10$s78FAPFvCcyPINrdHalxAe3kZX44nYbksvBEQQFqlMkDurCIre2oe',1,NULL,NULL,'9821f52e-4def-11ed-bdc3-0242ac120002'),('f1f38aa0-2457-48e7-a654-ee98899784c7',NULL,'1993-03-01 00:00:00','2022-12-02 00:00:00','vuquangdanh@fsoft.com.vn',NULL,'Vũ Quang Danh',0,NULL,'$2a$10$qKxWUZkMIwvIZ4vVodwnEuq0TVfaGKzvOrWUggsNiTPBMeRHLmbW.',2,NULL,NULL,'b424387c-4def-11ed-bdc3-0242ac120002'),('f277cdda-08df-4fe0-acaf-2063a06c020f',NULL,'1996-06-20 00:00:00','2022-12-02 00:00:00','nguyenhuean@fsoft.com.vn',NULL,'Nguyễn Huệ An',1,NULL,'$2a$10$9O4tlZcclK1TfZTW92HW2Ol6g8kdgJNwqlUK71QncXP52qFJVJrV2',2,NULL,NULL,'b424387c-4def-11ed-bdc3-0242ac120002'),('f2a41291-5719-414d-9d81-9d207d0d73f6',NULL,'1993-03-09 00:00:00','2022-12-02 00:00:00','nguyenngocai@fsoft.com.vn',NULL,'Nguyễn Ngọc Ái',1,NULL,'$2a$10$9RgD08Sg1rAngACnSR72ouxSVPNv7GnfgnUAb3Lvhpc2tMdF5/Xyq',2,NULL,NULL,'b424387c-4def-11ed-bdc3-0242ac120002'),('f410d44f-d77a-44b4-8500-17683176a87f',NULL,'2003-12-21 00:00:00','2022-12-02 00:00:00','huynhmauxuan@fsoft.com.vn',NULL,'Huỳnh Mậu Xuân',1,NULL,'$2a$10$DBaeesRsrs3SWGvFK4JG5.GYGQOI18dVkw5cPN/lXaOVbmhYjXQkO',2,NULL,NULL,'b424387c-4def-11ed-bdc3-0242ac120002'),('f4258bef-a114-4ec4-a470-6771253c726d',NULL,'1972-06-25 00:00:00','2022-12-02 00:00:00','lehanhmy@fsoft.com.vn',NULL,'Lê Hạnh My',1,NULL,'$2a$10$HWrhWIYQYRQoskRkbVR2mOEeT.aHSgaBkpWNKF12u9B.F2pM6tP/y',1,NULL,NULL,'9f64df36-4def-11ed-bdc3-0242ac120002'),('f49d3171-8d08-4aff-957e-c01eb1bcff16',NULL,'2001-09-05 00:00:00','2022-12-02 00:00:00','vubaoquoc@fsoft.com.vn',NULL,'Vũ Bảo Quốc',1,NULL,'$2a$10$E1.jP5P45CVsXaW5tb4mhOlrkyhUouUrywQV/x4OhXLnHYyw.8ony',2,NULL,NULL,'b424387c-4def-11ed-bdc3-0242ac120002'),('f501726d-9c22-4159-acae-22987f719811',NULL,'2003-01-06 00:00:00','2022-12-02 00:00:00','anthuyvan@fsoft.com.vn',NULL,'An Thùy Vân',0,NULL,'$2a$10$05OQuONlpcFyrkuraWgPVeFGLUHaCVLLejBJcQZPr9ELHMAW/4F7.',3,NULL,NULL,'b424387c-4def-11ed-bdc3-0242ac120002'),('f560f0c7-4231-4422-9fe5-d7b807a07bc5',NULL,'2003-09-29 00:00:00','2022-12-02 00:00:00','hoangtantrinh@fsoft.com.vn',NULL,'Hoàng Tấn Trình',0,NULL,'$2a$10$kzZPbBX/FWNuG4Y6dN9OA.baCEKREytfDevtwPBtMLR3KiAk0Sfcy',3,NULL,NULL,'b424387c-4def-11ed-bdc3-0242ac120002'),('f59fbe48-3f55-4209-9035-f7ecc4ecdec4',NULL,'1999-06-23 00:00:00','2022-12-02 00:00:00','huynhdiemthu@fsoft.com.vn',NULL,'Huỳnh Diễm Thư',1,NULL,'$2a$10$3bBJ8iZTHZXC11J7rUYXpu74vzYEE9DwJoxoXpljDO7Im5kqkJdEG',3,NULL,NULL,'b424387c-4def-11ed-bdc3-0242ac120002'),('f7dcab53-52e8-450b-9e07-dbae6e420e1a',NULL,'1989-05-30 00:00:00','2022-12-02 00:00:00','anduythach@fsoft.com.vn',NULL,'An Duy Thạch',0,NULL,'$2a$10$JhZXG3t29S4u14M5xXMooucPto7zJNuJcQb4xy33YaKG8uMtmCa92',1,NULL,NULL,'9821f52e-4def-11ed-bdc3-0242ac120002'),('f82f6c33-714e-4760-b518-872b68300888','https://firebasestorage.googleapis.com/v0/b/testproject-369415.appspot.com/o/images.jpg?alt=media&token=c247ef0e-16b3-4cc0-875b-a1310b2c0443','1999-07-27 00:00:00','2021-12-17 06:41:14','ashleighguirard@gmail.com',NULL,'Ashleigh Guirard',0,NULL,'$2a$10$uJYvciCabW2soL3ZR/d5Wu7G0Xz7WfnW4TmzWa.ysR/JaD25cy5Ji',3,NULL,NULL,'b424387c-4def-11ed-bdc3-0242ac120002'),('f8d6b8b9-d506-45ee-a71d-beccaeb5e081',NULL,'1996-03-13 00:00:00','2022-12-02 00:00:00','vulienkiet@fsoft.com.vn',NULL,'Vũ Liên Kiệt',0,NULL,'$2a$10$1tDw/H46chttcJbpKSL7AuaS/TteBYnWldcyskOgMcigWwoRtzRTe',3,NULL,NULL,'b424387c-4def-11ed-bdc3-0242ac120002'),('f9056f96-bfd4-40b0-9d11-a06344d7b438',NULL,'2000-03-12 00:00:00','2022-12-02 00:00:00','anbaoquoc@fsoft.com.vn',NULL,'An Bảo Quốc',0,NULL,'$2a$10$at1qHfwCkLFheHm8BkehzOGi7SworvWEKyMyN..H45/aUJ3s3q.sW',3,NULL,NULL,'b424387c-4def-11ed-bdc3-0242ac120002'),('f991f777-01f1-4e24-9bec-4cecd53df981',NULL,'2000-02-15 00:00:00','2022-12-02 00:00:00','vuthuydu@fsoft.com.vn',NULL,'Vũ Thụy Du',1,NULL,'$2a$10$bKJHbByUd9cza99itArR7uh5Byj2pmcb00MJN.L/8a7YKT7/Pkbhy',4,NULL,NULL,'b424387c-4def-11ed-bdc3-0242ac120002'),('fa038316-5255-48c7-b8a7-41b154741513',NULL,'1993-08-29 00:00:00','2022-12-02 00:00:00','huynhmaianh@fsoft.com.vn',NULL,'Huỳnh Mai Anh',1,NULL,'$2a$10$DzxIgq2MBfwZCT3baDDzCethNR0X/RtWJRpRhru4AV8DZOrVx/3Re',2,NULL,NULL,'b424387c-4def-11ed-bdc3-0242ac120002'),('fa38f7fb-0466-4db7-839d-b0fe622ab781',NULL,'1992-01-24 00:00:00','2022-12-02 00:00:00','lekhanhlinh@fsoft.com.vn',NULL,'Lê Khánh Linh',0,NULL,'$2a$10$RXE.kjrJgWW32r3SdjA2eOGIHLi5Jo14GuExx1AGk4FDQjuZEQ8Ry',4,NULL,NULL,'b424387c-4def-11ed-bdc3-0242ac120002'),('fa3c869f-8095-4b18-b162-ac14064d65e5',NULL,'1994-11-24 00:00:00','2022-12-02 00:00:00','hoangdangkhanh@fsoft.com.vn',NULL,'Hoàng Ðăng Khánh',0,NULL,'$2a$10$/Fd4m4w5bsgMIq.k5OJZzeLCUX4JGbHittABKAYd7TyLFfsQBhujm',2,NULL,NULL,'b424387c-4def-11ed-bdc3-0242ac120002'),('fa5fb466-68d1-4da0-a5f0-bf9fee7ac702',NULL,'1992-06-10 00:00:00','2022-12-02 00:00:00','buivannhi@fsoft.com.vn',NULL,'Bùi Vân Nhi',0,NULL,'$2a$10$9iRp/WT8Z7/IDMavPqzI1.5EDpk95LDbFSoPkLUL9VWf2sbz1xPMu',2,NULL,NULL,'b424387c-4def-11ed-bdc3-0242ac120002'),('faecd053-6391-42e8-947a-42faa97a7cea',NULL,'1996-11-26 00:00:00','2022-12-02 00:00:00','buithanhthu@fsoft.com.vn',NULL,'Bùi Thanh Thư',1,NULL,'$2a$10$WpFX3wqTha11jIBvJRV8GONCACdljC7ztvSYwL.WQY6GpFZu2siqi',2,NULL,NULL,'b424387c-4def-11ed-bdc3-0242ac120002'),('fb866e02-a360-4859-9a42-dcfaa812db15',NULL,'1999-09-26 00:00:00','2022-12-02 00:00:00','nguyennhathoa@fsoft.com.vn',NULL,'Nguyễn Nhật Hòa',0,NULL,'$2a$10$78s3aw3B44iBdwcXt.mVGuabwuJXZANz0HBblnOWLiKuC4h5FBy06',0,NULL,NULL,'b424387c-4def-11ed-bdc3-0242ac120002'),('fbc1781d-9b3f-4087-93fb-0b2d11a4f15e',NULL,'2001-06-11 00:00:00','2022-12-02 00:00:00','huynhthuyminh@fsoft.com.vn',NULL,'Huỳnh Thúy Minh',0,NULL,'$2a$10$qiNfQl3eczWboIwBZ8aQfuUrdgfxEUB/TEHk0v3tBPnGhmaI0Im1G',0,NULL,NULL,'b424387c-4def-11ed-bdc3-0242ac120002'),('fc5013fa-4b0a-4c61-9028-7f81de302325',NULL,'1998-02-05 00:00:00','2022-12-02 00:00:00','phamphongchau@fsoft.com.vn',NULL,'Phạm Phong Châu',1,NULL,'$2a$10$ZKeoIzdZw4yzM1Y.OPKauecC/A4uzxrBQbeDnbJ3h5I/FOcQEloeG',0,NULL,NULL,'b424387c-4def-11ed-bdc3-0242ac120002'),('fcfe5740-d2c9-49f4-bccc-04d858b9ebc0',NULL,'1997-05-24 00:00:00','2022-12-02 00:00:00','anhuutho@fsoft.com.vn',NULL,'An Hữu Thọ',1,NULL,'$2a$10$QWMgvYbeyVtWS3GIGQ9vieKRLnFGTg22pI4p4jn.woQD7sUdHkWv2',3,NULL,NULL,'b424387c-4def-11ed-bdc3-0242ac120002'),('fe046326-7a53-4bd4-b2da-c195e53e01d2',NULL,'1993-01-28 00:00:00','2022-12-02 00:00:00','levanphi@fsoft.com.vn',NULL,'Lê Vân Phi',1,NULL,'$2a$10$m9376DfBn6F5YtVGbZIO.O61YvzglP0BDp3RgY3Ld4hjHpsSBER62',3,NULL,NULL,'b424387c-4def-11ed-bdc3-0242ac120002'),('fea51949-a999-4df5-acaf-d6f889ae933d',NULL,'2000-04-24 00:00:00','2022-12-02 00:00:00','nguyentuanngoc@fsoft.com.vn',NULL,'Nguyễn Tuấn Ngọc',0,NULL,'$2a$10$iII/aNWNWcxXin7QRtJ/hev2wVrZBkPtNXMmOhXW6iVy0zHJtfpdi',3,NULL,NULL,'b424387c-4def-11ed-bdc3-0242ac120002'),('fff8b9ec-4d70-4713-85aa-1154bdd65707',NULL,'1987-11-22 00:00:00','2022-12-02 00:00:00','huynhngocquyen@fsoft.com.vn',NULL,'Huỳnh Ngọc Quyên',0,NULL,'$2a$10$miil0oybOU3V/2oMOIbIBO60evpkR6iA994XBZ3oaLtL0e4/FV8AC',1,NULL,NULL,'9821f52e-4def-11ed-bdc3-0242ac120002');


INSERT INTO `training_program`
VALUES ('029cac58-1bdb-4ae9-a38c-99164e90930b', 'f82f6c33-714e-4760-b518-872b68300888', '2021-01-25 00:00:00',
        _binary '\0', 'Java Advance', 3, NULL, NULL, NULL, NULL)
     , ('041bd987-9e66-4ffd-9f96-1078327b3004', 'dbb52b61-3c56-4512-8508-9a9f74fd9fd2', '2020-04-20 00:00:00',
        _binary '\0', 'Spring Foundation', 1, 'dbb52b61-3c56-4512-8508-9a9f74fd9fd2', '2020-04-20 00:00:00', '1.0',
        NULL)
     , ('1728428c-cc2c-4750-bb07-3be9a8e097ed', 'ca7b5850-67e3-4db7-bbc3-b94afd38e256', '2020-01-31 00:00:00',
        _binary '\0', 'DevOps Foundation', 2, 'ca7b5850-67e3-4db7-bbc3-b94afd38e256', '2020-01-31 00:00:00', '2.0',
        NULL)
     , ('2f4b0772-4208-4a74-a3f8-d86b5df0fe4a', '68bdc059-51d1-4287-ae7c-6010470d3312', '2020-02-20 00:00:00',
        _binary '\0', 'Fullstack Java Web Developer Foundation', 0, '68bdc059-51d1-4287-ae7c-6010470d3312',
        '2020-02-20 00:00:00', '1.0', NULL)
     , ('31e7956c-b065-4c8c-bd23-44c948108504', '68bdc059-51d1-4287-ae7c-6010470d3312', '2020-03-01 00:00:00',
        _binary '\0', 'Fullstack Java Web Developer Foundation', 3, NULL, NULL, NULL, NULL)
     , ('325bd358-c118-4fb9-82cf-eb2811c4d431', '79e79294-2287-40ac-bd74-4c65acb83e0d', '2020-09-17 00:00:00',
        _binary '\0', 'IT Business Analyst Foundation', 3, NULL, NULL, NULL, NULL)
     , ('4290bb36-9912-41d3-89c3-88c1b1191e40', 'ca7b5850-67e3-4db7-bbc3-b94afd38e256', '2020-10-07 00:00:00',
        _binary '\0', 'C Foundation', 1, 'ca7b5850-67e3-4db7-bbc3-b94afd38e256', '2020-10-07 00:00:00', '2.0', NULL)
     , ('68e2e978-86f2-4b79-acb8-cd437ab3a573', '6ff5e1c0-5516-4695-91a0-02fc6c055beb', '2020-08-28 00:00:00',
        _binary '\0', 'IT Business Analyst Foundation', 0, '6ff5e1c0-5516-4695-91a0-02fc6c055beb',
        '2020-08-28 00:00:00', '2.0', NULL)
     , ('6ae4331c-6fa9-499a-a742-610db8ead4cf', '68bdc059-51d1-4287-ae7c-6010470d3312', '2020-03-11 00:00:00',
        _binary '\0', '.NET foundation program', 0, '68bdc059-51d1-4287-ae7c-6010470d3312', '2020-03-11 00:00:00',
        '2.0', NULL)
     , ('6f347bf5-6cbd-49ae-9f79-76afedb94c42', 'f82f6c33-714e-4760-b518-872b68300888', '2020-06-09 00:00:00',
        _binary '\0', 'Angula foundation', 0, 'f82f6c33-714e-4760-b518-872b68300888', '2020-06-09 00:00:00', '2.0',
        NULL)
     , ('7c61663e-17e7-457a-bf15-77eef2f409d6', 'f82f6c33-714e-4760-b518-872b68300888', '2021-01-15 00:00:00',
        _binary '\0', 'Java Advance', 1, 'f82f6c33-714e-4760-b518-872b68300888', '2021-01-15 00:00:00', '3.0', NULL)
     , ('7d9ecbee-e599-4d75-abd2-09b57c5c6dff', '79e79294-2287-40ac-bd74-4c65acb83e0d', '2020-07-19 00:00:00',
        _binary '\0', 'Testing Foundation', 0, '79e79294-2287-40ac-bd74-4c65acb83e0d', '2020-07-19 00:00:00', '1.0',
        NULL)
     , ('7f51fca7-50c3-49c4-9d75-836a50538e01', 'ce994ec9-b4a2-4f03-83fe-37b62952c182', '2020-06-19 00:00:00',
        _binary '\0', 'Angula foudation', 2, 'ce994ec9-b4a2-4f03-83fe-37b62952c182', '2020-06-19 00:00:00', '1.0', NULL)
     , ('7f8c4db0-cda1-42d2-acca-c35e3602e443', '3022b7f2-84ee-4287-ab53-0dd884d9e47a', '2020-07-29 00:00:00',
        _binary '\0', 'Testing Foundation', 1, '3022b7f2-84ee-4287-ab53-0dd884d9e47a', '2020-07-29 00:00:00', '2.0',
        NULL)
     , ('82681b2e-a0a3-4376-8466-076eae33cf1b', '3022b7f2-84ee-4287-ab53-0dd884d9e47a', '2020-01-21 00:00:00',
        _binary '\0', 'DevOps Foundation', 0, '3022b7f2-84ee-4287-ab53-0dd884d9e47a', '2020-01-21 00:00:00', '1.0',
        NULL)
     , ('85ad094b-328e-4d16-938d-dd31cd0f6259', 'd4c33086-3516-4512-9511-2c229d9836ce', '2020-05-30 00:00:00',
        _binary '\0', 'Python Foundation', 0, 'd4c33086-3516-4512-9511-2c229d9836ce', '2020-05-30 00:00:00', '2.0',
        NULL)
     , ('9136b9bf-0734-4a59-b95e-53c9fc65206b', '68bdc059-51d1-4287-ae7c-6010470d3312', '2020-11-16 00:00:00',
        _binary '\0', 'React Advance', 0, '68bdc059-51d1-4287-ae7c-6010470d3312', '2020-11-16 00:00:00', '2.0', NULL)
     , ('979fea1a-88c2-4ab0-97cd-3f368736f4b8', 'eefef8c4-9e8a-44f9-9bd7-b2654669fee6', '2020-04-10 00:00:00',
        _binary '\0', 'React basic foundation', 0, 'eefef8c4-9e8a-44f9-9bd7-b2654669fee6', '2020-04-10 00:00:00', '1.0',
        NULL)
     , ('a0d13ff1-c77a-49c9-bddd-64e21163e017', 'ca7b5850-67e3-4db7-bbc3-b94afd38e256', '2020-03-21 00:00:00',
        _binary '\0', 'Fullstack .NET Web Developer foudation', 0, 'ca7b5850-67e3-4db7-bbc3-b94afd38e256',
        '2020-03-21 00:00:00', '1.0', NULL)
     , ('a1cb6928-4f1a-4f38-a0d6-35d5dffd6b65', 'd4c33086-3516-4512-9511-2c229d9836ce', '2020-12-16 00:00:00',
        _binary '\0', 'Testing Advance', 3, NULL, NULL, NULL, NULL)
     , ('a28bc298-309a-4874-b46a-78e4e86a5347', 'eefef8c4-9e8a-44f9-9bd7-b2654669fee6', '2020-07-09 00:00:00',
        _binary '\0', 'React basic foundation', 0, 'eefef8c4-9e8a-44f9-9bd7-b2654669fee6', '2020-07-09 00:00:00', '3.0',
        NULL)
     , ('a490de3c-5974-440b-9193-edeb9c030b9d', 'dbb52b61-3c56-4512-8508-9a9f74fd9fd2', '2020-09-27 00:00:00',
        _binary '\0', 'C Foundation', 0, 'dbb52b61-3c56-4512-8508-9a9f74fd9fd2', '2020-09-27 00:00:00', '1.0', NULL)
     , ('a4af9fd3-2789-4a88-8c80-282cfd672a5f', 'dbb52b61-3c56-4512-8508-9a9f74fd9fd2', '2020-05-10 00:00:00',
        _binary '\0', 'Spring foundation program', 2, 'dbb52b61-3c56-4512-8508-9a9f74fd9fd2', '2020-05-10 00:00:00',
        '3.0', NULL)
     , ('a4b3f93b-d283-4bbd-b28d-5eed315544c8', 'ce994ec9-b4a2-4f03-83fe-37b62952c182', '2020-12-06 00:00:00',
        _binary '\0', 'Testing Advance', 2, 'ce994ec9-b4a2-4f03-83fe-37b62952c182', '2020-12-06 00:00:00', '2.0', NULL)
     , ('b2419e9f-82dd-4738-ae46-fe3e7b47e44c', '3022b7f2-84ee-4287-ab53-0dd884d9e47a', '2021-01-05 00:00:00',
        _binary '\0', 'Java Advance', 2, '3022b7f2-84ee-4287-ab53-0dd884d9e47a', '2021-01-05 00:00:00', '2.0', NULL)
     , ('b690cdad-4edc-4c15-b3f4-c2483d4813d7', '6ff5e1c0-5516-4695-91a0-02fc6c055beb', '2020-04-30 00:00:00',
        _binary '\0', 'Spring Foundation', 2, '6ff5e1c0-5516-4695-91a0-02fc6c055beb', '2020-04-30 00:00:00', '2.0',
        NULL)
     , ('bffb669e-3764-41ca-a143-640b84aa776f', '3022b7f2-84ee-4287-ab53-0dd884d9e47a', '2020-01-01 00:00:00',
        _binary '\0', 'C# basic Foundation', 2, '3022b7f2-84ee-4287-ab53-0dd884d9e47a', '2020-01-01 00:00:00', '1.0',
        NULL)
     , ('c20ea7c4-0c68-4952-90c3-2530497a1889', '6ff5e1c0-5516-4695-91a0-02fc6c055beb', '2020-06-29 00:00:00',
        _binary '\0', 'React basic Foundation', 0, '6ff5e1c0-5516-4695-91a0-02fc6c055beb', '2020-06-29 00:00:00', '2.0',
        NULL)
     , ('c3eca215-d668-4caa-9928-c6fcfa1c8a23', '6ff5e1c0-5516-4695-91a0-02fc6c055beb', '2020-08-18 00:00:00',
        _binary '\0', 'IT Business Analyst Foundation', 0, '6ff5e1c0-5516-4695-91a0-02fc6c055beb',
        '2020-08-18 00:00:00', '1.0', NULL)
     , ('c6907e05-fe7a-4437-9b84-707496a34360', '79e79294-2287-40ac-bd74-4c65acb83e0d', '2020-03-31 00:00:00',
        _binary '\0', 'Java basic Foundation', 1, '79e79294-2287-40ac-bd74-4c65acb83e0d', '2020-03-31 00:00:00', '1.0',
        NULL)
     , ('c7a2bc0d-1299-4e27-b0e9-2b0f314e4504', 'dbb52b61-3c56-4512-8508-9a9f74fd9fd2', '2020-10-17 00:00:00',
        _binary '\0', 'NodeJs foundation', 3, NULL, NULL, NULL, NULL)
     , ('cc4185a6-1af7-4251-bb6a-1602f234e91c', 'd4c33086-3516-4512-9511-2c229d9836ce', '2020-09-07 00:00:00',
        _binary '\0', 'IT Business Analyst Foundation', 1, 'd4c33086-3516-4512-9511-2c229d9836ce',
        '2020-09-07 00:00:00', '3.0', NULL)
     , ('e75b908b-6f31-471c-a4a7-2e6ed0517b6c', '79e79294-2287-40ac-bd74-4c65acb83e0d', '2020-05-20 00:00:00',
        _binary '\0', 'Python Foundation', 2, '79e79294-2287-40ac-bd74-4c65acb83e0d', '2020-05-20 00:00:00', '1.0',
        NULL)
     , ('ef796941-6379-4dd5-a419-ff61312ba40a', 'eefef8c4-9e8a-44f9-9bd7-b2654669fee6', '2020-01-11 00:00:00',
        _binary '\0', '.NET basic foundation', 1, 'eefef8c4-9e8a-44f9-9bd7-b2654669fee6', '2020-01-11 00:00:00', '1.0',
        NULL)
     , ('ef9fb26c-7351-452f-b193-5e8317dd1c1b', 'ca7b5850-67e3-4db7-bbc3-b94afd38e256', '2020-12-26 00:00:00',
        _binary '\0', 'Java Advance', 0, 'ca7b5850-67e3-4db7-bbc3-b94afd38e256', '2020-12-26 00:00:00', '1.0', NULL)
     , ('f0f6e942-e050-41d2-aae2-df494fe3324c', 'eefef8c4-9e8a-44f9-9bd7-b2654669fee6', '2020-11-06 00:00:00',
        _binary '\0', 'React Advance', 1, 'eefef8c4-9e8a-44f9-9bd7-b2654669fee6', '2020-11-06 00:00:00', '1.0', NULL)
     , ('f3cdbf6f-a2ee-4b17-8862-4db61cb165b9', 'ce994ec9-b4a2-4f03-83fe-37b62952c182', '2020-02-10 00:00:00',
        _binary '\0', '.NET foundation program', 2, 'ce994ec9-b4a2-4f03-83fe-37b62952c182', '2020-02-10 00:00:00',
        '3.0', NULL)
     , ('f9fcaf23-959f-47d0-b9f3-6f1464ca2b1b', 'f82f6c33-714e-4760-b518-872b68300888', '2020-08-08 00:00:00',
        _binary '\0', 'Testing Foundation', 3, NULL, NULL, NULL, NULL)
     , ('fa85beb1-e7ef-449f-b159-5559d247392d', 'ce994ec9-b4a2-4f03-83fe-37b62952c182', '2020-11-26 00:00:00',
        _binary '\0', 'Testing Advance', 0, 'ce994ec9-b4a2-4f03-83fe-37b62952c182', '2020-11-26 00:00:00', '1.0', NULL)
     , ('fb453f99-2819-46fe-ac83-ea5c2bd9adb3', 'd4c33086-3516-4512-9511-2c229d9836ce', '2020-10-27 00:00:00',
        _binary '\0', 'NodeJs foundation', 2, 'd4c33086-3516-4512-9511-2c229d9836ce', '2020-10-27 00:00:00', '1.0',
        NULL);
INSERT INTO `delivery_type`
VALUES ('08e635bd-3a1d-40cc-b890-b723e4228ddf', 'Daily quiz', 'Test/Quiz'),
       ('9a226b15-038b-42ca-9a4d-ebf2f13a479a', 'Assignment, Lab', 'Assignment/Lab'),
       ('af835041-2072-49e2-951b-f43b985573d5', 'Seminar, Workshop', 'Seminar/Workshop'),
       ('bdd335ee-d8ae-4024-b01d-ed49d14aae9c', 'Concepts, Theory', 'Concept/Lecture'),
       ('e3786dd5-4e73-41f8-bc97-1d7cffe8a313', 'Topic Exams', 'Exam'),
       ('e447bbe0-e681-4805-8486-924da7e2e40d', 'Assignment review, Assignment guides', 'Guide/Review');
INSERT INTO `output_standard`
VALUES ('25adde40-2f90-4592-b984-b1d995a23254', 'K1SD', 'Có kiến thức cơ bản về lập trình hướng đối tượng',
        'OOAD, OOP'),
       ('2f2d2e36-07c5-4392-a098-1a901bedebc5', 'H4SD',
        'Có kỹ năng viết chương trình một cách tối ưu, dễ sửa đổi. Biết tuân thủ Coding Convention, không mắc lỗi cơ bản.',
        'Coding convention'),
       ('e25bffec-60cd-4f1a-818d-79370d2cd88a', 'H7SD',
        'Có khả năng phát triển phần mềm cơ bản (ứng dụng console) sử dụng C#.NET', 'Programming using a PL');
INSERT INTO `syllabus_level`
VALUES ('1d69a686-936e-4004-96f1-c22770cb6b4c',
        'Freshers who are software developers (SD) with basic backgroud and skills on object oriented design, programming.'),
       ('926d6623-fd10-442c-8a4f-9da196c41692', 'All Levels'),
       ('ccad7523-b8f9-4ea4-bceb-afe0e5df0e28', 'Interns who are software developers');
INSERT INTO `syllabus`
VALUES ('239be19f-72ee-4def-950c-cfb7ff306066', 20, 'BTNB',
        'This topic is to introduce about C# programming language knowledge; adapt trainees with skills, lessons and practices which is specifically used in the Fsoft projects. ',
        '9cfe7658-8c3d-4fab-aa07-ce5802914180', '2022-10-20 08:30:41', 7, 21, _binary '\0',
        'Basic Technical .NET-Based', 0,
        'Trainee\'s PC need to have following software installed and run without any issues : Microsoft SQL Server 2005 Express, Microsoft Visual Studio 2017, Microsoft Office 2007 (Visio, Word, PowerPoint)',
        '006737ec-a384-44de-9716-74bd3a6a1158', '2022-10-25 10:12:54', 'v2.0', '1d69a686-936e-4004-96f1-c22770cb6b4c')
     , ('5d2a9b26-29d0-447d-991f-308a0fa15dd6', 20, 'JAT',
        'This topic is to introduce about Java programming language knowledge; adapt trainees with skills, lessons and practices which is specifically used in the Fsoft projects. ',
        '9cfe7658-8c3d-4fab-aa07-ce5802914180', '2022-10-20 08:30:41', 14, 42, _binary '\0', 'Basic Java', 0,
        'Trainee\'s PC need to have following software installed and run without any issues : Microsoft SQL Server 2005 Express, Microsoft Visual Studio 2017, Microsoft Office 2007 (Visio, Word, PowerPoint)',
        '006737ec-a384-44de-9716-74bd3a6a1158', '2022-10-25 10:12:54', 'v2.0', '1d69a686-936e-4004-96f1-c22770cb6b4c')
     , ('954e8ca1-68e6-4c3b-b297-cca5818e433b', 20, 'PYT',
        'This topic is to introduce about Python programming language knowledge; adapt trainees with skills, lessons and practices which is specifically used in the Fsoft projects. ',
        '9cfe7658-8c3d-4fab-aa07-ce5802914180', '2022-10-20 08:30:41', 7, 21, _binary '\0', 'Basic Python', 0,
        'Trainee\'s PC need to have following software installed and run without any issues : Microsoft SQL Server 2005 Express, Microsoft Visual Studio 2017, Microsoft Office 2007 (Visio, Word, PowerPoint)',
        '006737ec-a384-44de-9716-74bd3a6a1158', '2022-10-25 10:12:54', 'v2.0', '1d69a686-936e-4004-96f1-c22770cb6b4c')
     , ('9ebe29ed-8fba-4d70-b6ce-c64dcba816c5', 20, 'NJSB',
        'This topic is to introduce about NodeJS programming language knowledge; adapt trainees with skills, lessons and practices which is specifically used in the Fsoft projects. ',
        '9cfe7658-8c3d-4fab-aa07-ce5802914180', '2022-10-20 08:30:41', 14, 42, _binary '\0', 'Basic NodeJS', 0,
        'Trainee\'s PC need to have following software installed and run without any issues : Microsoft SQL Server 2005 Express, Microsoft Visual Studio 2017, Microsoft Office 2007 (Visio, Word, PowerPoint)',
        '006737ec-a384-44de-9716-74bd3a6a1158', '2022-10-25 10:12:54', 'v2.0', '1d69a686-936e-4004-96f1-c22770cb6b4c')
     , ('d2b7c8e3-3981-4dc5-a7cf-2c80e91cb853', 20, 'JST',
        'This topic is to introduce about NodeJSscript programming language knowledge; adapt trainees with skills, lessons and practices which is specifically used in the Fsoft projects. ',
        '9cfe7658-8c3d-4fab-aa07-ce5802914180', '2022-10-20 08:30:41', 7, 21, _binary '\0', 'Basic Javascript', 0,
        'Trainee\'s PC need to have following software installed and run without any issues : Microsoft SQL Server 2005 Express, Microsoft Visual Studio 2017, Microsoft Office 2007 (Visio, Word, PowerPoint)',
        '006737ec-a384-44de-9716-74bd3a6a1158', '2022-10-25 10:12:54', 'v2.0', '1d69a686-936e-4004-96f1-c22770cb6b4c');

INSERT INTO `syllabus_day`
VALUES ('a12a7297-cc05-4ec8-aa04-1400ff34dbac', 4, 0, '239be19f-72ee-4def-950c-cfb7ff306066'),
       ('a4f0ddbb-e579-4ae0-820e-a430744e707a', 2, 0, '239be19f-72ee-4def-950c-cfb7ff306066'),
       ('aafd2469-a707-41ef-a300-aabb2b9929c2', 3, 0, '239be19f-72ee-4def-950c-cfb7ff306066'),
       ('acda7eab-d39c-4fe1-80c2-3d3a9fa896ab', 1, 0, '239be19f-72ee-4def-950c-cfb7ff306066'),
       ('b12a7297-cc05-4ec8-aa04-1400ff34dbac', 4, 0, '5d2a9b26-29d0-447d-991f-308a0fa15dd6'),
       ('b4f0ddbb-e579-4ae0-820e-a430744e707a', 2, 0, '5d2a9b26-29d0-447d-991f-308a0fa15dd6'),
       ('bafd2469-a707-41ef-a300-aabb2b9929c2', 3, 0, '5d2a9b26-29d0-447d-991f-308a0fa15dd6'),
       ('bcda7eab-d39c-4fe1-80c2-3d3a9fa896ab', 1, 0, '5d2a9b26-29d0-447d-991f-308a0fa15dd6'),
       ('c12a7297-cc05-4ec8-aa04-1400ff34dbac', 4, 0, '954e8ca1-68e6-4c3b-b297-cca5818e433b'),
       ('c4f0ddbb-e579-4ae0-820e-a430744e707a', 2, 0, '954e8ca1-68e6-4c3b-b297-cca5818e433b'),
       ('cafd2469-a707-41ef-a300-aabb2b9929c2', 3, 0, '954e8ca1-68e6-4c3b-b297-cca5818e433b'),
       ('ccda7eab-d39c-4fe1-80c2-3d3a9fa896ab', 1, 0, '954e8ca1-68e6-4c3b-b297-cca5818e433b'),
       ('d12a7297-cc05-4ec8-aa04-1400ff34dbac', 4, 0, '9ebe29ed-8fba-4d70-b6ce-c64dcba816c5'),
       ('d4f0ddbb-e579-4ae0-820e-a430744e707a', 2, 0, '9ebe29ed-8fba-4d70-b6ce-c64dcba816c5'),
       ('dafd2469-a707-41ef-a300-aabb2b9929c2', 3, 0, '9ebe29ed-8fba-4d70-b6ce-c64dcba816c5'),
       ('dcda7eab-d39c-4fe1-80c2-3d3a9fa896ab', 1, 0, '9ebe29ed-8fba-4d70-b6ce-c64dcba816c5'),
       ('e12a7297-cc05-4ec8-aa04-1400ff34dbac', 4, 0, 'd2b7c8e3-3981-4dc5-a7cf-2c80e91cb853'),
       ('e4f0ddbb-e579-4ae0-820e-a430744e707a', 2, 0, 'd2b7c8e3-3981-4dc5-a7cf-2c80e91cb853'),
       ('eafd2469-a707-41ef-a300-aabb2b9929c2', 3, 0, 'd2b7c8e3-3981-4dc5-a7cf-2c80e91cb853'),
       ('ecda7eab-d39c-4fe1-80c2-3d3a9fa896ab', 1, 0, 'd2b7c8e3-3981-4dc5-a7cf-2c80e91cb853');
INSERT INTO `syllabus_unit`
VALUES ('a4ffbe3c-1e75-4700-9331-51539e51ccb3', 8, 'Advanced features in C#', 2, '239be19f-72ee-4def-950c-cfb7ff306066',
        'a4f0ddbb-e579-4ae0-820e-a430744e707a'),
       ('a625c78e-5cd8-4273-8bd3-230623fe5383', 8, 'ADO.NET & Winform', 4, '239be19f-72ee-4def-950c-cfb7ff306066',
        'a12a7297-cc05-4ec8-aa04-1400ff34dbac'),
       ('a72c5fb8-f32c-418a-8167-f3b8372fc91c', 8, 'Exception Handling & Utility Classes ', 3,
        '239be19f-72ee-4def-950c-cfb7ff306066', 'aafd2469-a707-41ef-a300-aabb2b9929c2'),
       ('ab21f344-7701-4935-9048-ec47c1bc6892', 8, 'OOP in C#', 1, '239be19f-72ee-4def-950c-cfb7ff306066',
        'acda7eab-d39c-4fe1-80c2-3d3a9fa896ab'),
       ('b4ffbe3c-1e75-4700-9331-51539e51ccb3', 8, 'Advanced features in Java', 2,
        '5d2a9b26-29d0-447d-991f-308a0fa15dd6', 'b4f0ddbb-e579-4ae0-820e-a430744e707a'),
       ('b625c78e-5cd8-4273-8bd3-230623fe5383', 8, 'Web & Mobile', 4, '5d2a9b26-29d0-447d-991f-308a0fa15dd6',
        'b12a7297-cc05-4ec8-aa04-1400ff34dbac'),
       ('b72c5fb8-f32c-418a-8167-f3b8372fc91c', 8, 'Exception Handling & Utility Classes ', 3,
        '5d2a9b26-29d0-447d-991f-308a0fa15dd6', 'bafd2469-a707-41ef-a300-aabb2b9929c2'),
       ('bb21f344-7701-4935-9048-ec47c1bc6892', 8, 'OOP in Java', 1, '5d2a9b26-29d0-447d-991f-308a0fa15dd6',
        'bcda7eab-d39c-4fe1-80c2-3d3a9fa896ab'),
       ('c4ffbe3c-1e75-4700-9331-51539e51ccb3', 8, 'Advanced features in Python', 2,
        '954e8ca1-68e6-4c3b-b297-cca5818e433b', 'c4f0ddbb-e579-4ae0-820e-a430744e707a'),
       ('c625c78e-5cd8-4273-8bd3-230623fe5383', 8, 'Web & AI', 4, '954e8ca1-68e6-4c3b-b297-cca5818e433b',
        'c12a7297-cc05-4ec8-aa04-1400ff34dbac'),
       ('c72c5fb8-f32c-418a-8167-f3b8372fc91c', 8, 'Exception Handling & Utility Classes ', 3,
        '954e8ca1-68e6-4c3b-b297-cca5818e433b', 'cafd2469-a707-41ef-a300-aabb2b9929c2'),
       ('cb21f344-7701-4935-9048-ec47c1bc6892', 8, 'OOP in Python', 1, '954e8ca1-68e6-4c3b-b297-cca5818e433b',
        'ccda7eab-d39c-4fe1-80c2-3d3a9fa896ab'),
       ('d4ffbe3c-1e75-4700-9331-51539e51ccb3', 8, 'Advanced features in NodeJS', 2,
        '9ebe29ed-8fba-4d70-b6ce-c64dcba816c5', 'd4f0ddbb-e579-4ae0-820e-a430744e707a'),
       ('d625c78e-5cd8-4273-8bd3-230623fe5383', 8, 'Web & Mobile', 4, '9ebe29ed-8fba-4d70-b6ce-c64dcba816c5',
        'd12a7297-cc05-4ec8-aa04-1400ff34dbac'),
       ('d72c5fb8-f32c-418a-8167-f3b8372fc91c', 8, 'Exception Handling & Utility Classes ', 3,
        '9ebe29ed-8fba-4d70-b6ce-c64dcba816c5', 'dafd2469-a707-41ef-a300-aabb2b9929c2'),
       ('db21f344-7701-4935-9048-ec47c1bc6892', 8, 'OOP in NodeJS', 1, '9ebe29ed-8fba-4d70-b6ce-c64dcba816c5',
        'dcda7eab-d39c-4fe1-80c2-3d3a9fa896ab'),
       ('e4ffbe3c-1e75-4700-9331-51539e51ccb3', 8, 'Advanced features in Javascript', 2,
        'd2b7c8e3-3981-4dc5-a7cf-2c80e91cb853', 'e4f0ddbb-e579-4ae0-820e-a430744e707a'),
       ('e625c78e-5cd8-4273-8bd3-230623fe5383', 8, 'Web & Mobile', 4, 'd2b7c8e3-3981-4dc5-a7cf-2c80e91cb853',
        'e12a7297-cc05-4ec8-aa04-1400ff34dbac'),
       ('e72c5fb8-f32c-418a-8167-f3b8372fc91c', 8, 'Exception Handling & Utility Classes ', 3,
        'd2b7c8e3-3981-4dc5-a7cf-2c80e91cb853', 'eafd2469-a707-41ef-a300-aabb2b9929c2'),
       ('eb21f344-7701-4935-9048-ec47c1bc6892', 8, 'OOP in Javascript', 1, 'd2b7c8e3-3981-4dc5-a7cf-2c80e91cb853',
        'ecda7eab-d39c-4fe1-80c2-3d3a9fa896ab');
INSERT INTO `syllabus_unit_chapter`
VALUES ('a050bd74-8161-4340-81e2-9e1fd40ed325', 2, _binary '\0', 'Advanced features in C#',
        'bdd335ee-d8ae-4024-b01d-ed49d14aae9c', '2f2d2e36-07c5-4392-a098-1a901bedebc5',
        'a4ffbe3c-1e75-4700-9331-51539e51ccb3'),
       ('a0d06395-d774-4c75-836c-cea4abe2a550', 0.75, _binary '\0', 'Daily Assignment Giving',
        'e447bbe0-e681-4805-8486-924da7e2e40d', 'e25bffec-60cd-4f1a-818d-79370d2cd88a',
        'a625c78e-5cd8-4273-8bd3-230623fe5383'),
       ('a0f96493-e450-42b9-aa7d-1f4089ca5faf', 1.5, _binary '\0', 'Daily Quiz', '08e635bd-3a1d-40cc-b890-b723e4228ddf',
        '2f2d2e36-07c5-4392-a098-1a901bedebc5', 'a72c5fb8-f32c-418a-8167-f3b8372fc91c'),
       ('a106572e-fa86-4b4b-85d6-63a3f2ebf476', 0.25, _binary '\0', 'Guide to answer Interview Question',
        'e447bbe0-e681-4805-8486-924da7e2e40d', '2f2d2e36-07c5-4392-a098-1a901bedebc5',
        'a625c78e-5cd8-4273-8bd3-230623fe5383'),
       ('a1d2714b-7291-4e06-a1ef-4ec5165a487a', 1.75, _binary '\0', 'Daily Assignment Review & Guides',
        'e447bbe0-e681-4805-8486-924da7e2e40d', '2f2d2e36-07c5-4392-a098-1a901bedebc5',
        'a72c5fb8-f32c-418a-8167-f3b8372fc91c'),
       ('a1eecb32-db6e-4899-8264-9bdaa8008c72', 0.75, _binary '\0', 'Daily Quiz Review',
        'e447bbe0-e681-4805-8486-924da7e2e40d', '2f2d2e36-07c5-4392-a098-1a901bedebc5',
        'a625c78e-5cd8-4273-8bd3-230623fe5383'),
       ('a271ca0a-3dce-4eac-81d9-5ecf4d830b05', 4.25, _binary '\0', 'Practice Time: Assignment',
        '9a226b15-038b-42ca-9a4d-ebf2f13a479a', '2f2d2e36-07c5-4392-a098-1a901bedebc5',
        'a4ffbe3c-1e75-4700-9331-51539e51ccb3'),
       ('a2ef28e6-259b-4b87-a0a8-855a65dd3aae', 0.25, _binary '\0', 'Guide to answer Interview Question',
        'e447bbe0-e681-4805-8486-924da7e2e40d', '2f2d2e36-07c5-4392-a098-1a901bedebc5',
        'a4ffbe3c-1e75-4700-9331-51539e51ccb3'),
       ('a3dba29b-e397-4fb5-b98b-698c7673973c', 1.75, _binary '\0', 'ADO.NET', 'bdd335ee-d8ae-4024-b01d-ed49d14aae9c',
        '2f2d2e36-07c5-4392-a098-1a901bedebc5', 'a625c78e-5cd8-4273-8bd3-230623fe5383'),
       ('a41960a2-94f6-4f1f-8993-3db3ea78e51b', 1, _binary '\0', 'Daily Assignment Review & Guides',
        'e447bbe0-e681-4805-8486-924da7e2e40d', '2f2d2e36-07c5-4392-a098-1a901bedebc5',
        'a4ffbe3c-1e75-4700-9331-51539e51ccb3'),
       ('a4f7a8b7-6697-4f14-a7bd-230386cf0754', 1.5, _binary '\0', 'Daily Quiz', '08e635bd-3a1d-40cc-b890-b723e4228ddf',
        '2f2d2e36-07c5-4392-a098-1a901bedebc5', 'a4ffbe3c-1e75-4700-9331-51539e51ccb3'),
       ('a5e9c058-8270-4ce2-9b1b-9fc94efbd573', 4.75, _binary '\0', 'Practice Time: Assignment',
        '9a226b15-038b-42ca-9a4d-ebf2f13a479a', 'e25bffec-60cd-4f1a-818d-79370d2cd88a',
        'a625c78e-5cd8-4273-8bd3-230623fe5383'),
       ('a67a1093-33d9-4e6f-ba98-e321950e6e5e', 2.75, _binary '\0', 'Exception Handling & Utility Classes',
        'bdd335ee-d8ae-4024-b01d-ed49d14aae9c', '2f2d2e36-07c5-4392-a098-1a901bedebc5',
        'a72c5fb8-f32c-418a-8167-f3b8372fc91c'),
       ('a7139e68-e9c5-4e0d-b043-e794b2877986', 0.25, _binary '\0', 'Guide to answer Interview Question',
        'e447bbe0-e681-4805-8486-924da7e2e40d', '2f2d2e36-07c5-4392-a098-1a901bedebc5',
        'a72c5fb8-f32c-418a-8167-f3b8372fc91c'),
       ('a7a97c27-e191-46b2-bf51-8196c125d8c9', 0.75, _binary '\0', 'Daily Assignment Giving',
        'e447bbe0-e681-4805-8486-924da7e2e40d', '2f2d2e36-07c5-4392-a098-1a901bedebc5',
        'a72c5fb8-f32c-418a-8167-f3b8372fc91c'),
       ('a8866ebc-d0c8-4a96-8614-67c609643596', 1.75, _binary '\0', 'Daily Quiz',
        '08e635bd-3a1d-40cc-b890-b723e4228ddf', '2f2d2e36-07c5-4392-a098-1a901bedebc5',
        'a625c78e-5cd8-4273-8bd3-230623fe5383'),
       ('a97a0cb7-602f-41d1-a77e-8640c1334820', 1.75, _binary '\0', 'Daily Assignment Review & Guides',
        'e447bbe0-e681-4805-8486-924da7e2e40d', 'e25bffec-60cd-4f1a-818d-79370d2cd88a',
        'a625c78e-5cd8-4273-8bd3-230623fe5383'),
       ('aa9bc771-349a-4294-8947-cb9685de09ae', 4.75, _binary '\0', 'Practice Time: Assignment',
        '9a226b15-038b-42ca-9a4d-ebf2f13a479a', '2f2d2e36-07c5-4392-a098-1a901bedebc5',
        'a72c5fb8-f32c-418a-8167-f3b8372fc91c'),
       ('aaf8ae14-ffa2-4e4a-a8bd-b9be4831ea85', 0.25, _binary '\0', 'Daily Quiz Review',
        'e447bbe0-e681-4805-8486-924da7e2e40d', '2f2d2e36-07c5-4392-a098-1a901bedebc5',
        'a4ffbe3c-1e75-4700-9331-51539e51ccb3'),
       ('ab1af724-e2da-4d85-a3bd-4c224f1d6e1b', 0.25, _binary '\0', 'Daily Quiz Review',
        'e447bbe0-e681-4805-8486-924da7e2e40d', '2f2d2e36-07c5-4392-a098-1a901bedebc5',
        'a72c5fb8-f32c-418a-8167-f3b8372fc91c'),
       ('aca788e1-e8d8-4bf7-8395-7e9ec584c887', 0.5, _binary '\0', 'Daily Assignment Giving',
        'e447bbe0-e681-4805-8486-924da7e2e40d', '2f2d2e36-07c5-4392-a098-1a901bedebc5',
        'a4ffbe3c-1e75-4700-9331-51539e51ccb3'),
       ('acda12ed-44cb-4a1d-95f6-1c46272c89fb', 1, _binary '\0', 'Working with winform',
        'bdd335ee-d8ae-4024-b01d-ed49d14aae9c', 'e25bffec-60cd-4f1a-818d-79370d2cd88a',
        'a625c78e-5cd8-4273-8bd3-230623fe5383'),
       ('ace894d0-95bd-4fd6-8987-ce4dcca19b26', 4, _binary '\0', 'Practice Time: Assignment',
        '9a226b15-038b-42ca-9a4d-ebf2f13a479a', '2f2d2e36-07c5-4392-a098-1a901bedebc5',
        'ab21f344-7701-4935-9048-ec47c1bc6892'),
       ('ad653929-9ca6-4ee9-9979-230f3d34aff7', 1, _binary '\0', 'Introduction to the course',
        'bdd335ee-d8ae-4024-b01d-ed49d14aae9c', '25adde40-2f90-4592-b984-b1d995a23254',
        'ab21f344-7701-4935-9048-ec47c1bc6892'),
       ('adec4322-35ea-41b3-902b-99385e760b56', 0.5, _binary '\0', 'Daily Assignment Giving',
        'e447bbe0-e681-4805-8486-924da7e2e40d', '2f2d2e36-07c5-4392-a098-1a901bedebc5',
        'ab21f344-7701-4935-9048-ec47c1bc6892'),
       ('ae394969-1b0a-458d-ac92-9b21f90ad86b', 1.75, _binary '\0', 'Daily Assignment Review & Guides',
        'e447bbe0-e681-4805-8486-924da7e2e40d', '2f2d2e36-07c5-4392-a098-1a901bedebc5',
        'ab21f344-7701-4935-9048-ec47c1bc6892'),
       ('af5fc4a2-ef9c-47c2-9e95-2313a9231fbf', 3.5, _binary '\0', 'OOP in C#', 'bdd335ee-d8ae-4024-b01d-ed49d14aae9c',
        '25adde40-2f90-4592-b984-b1d995a23254', 'ab21f344-7701-4935-9048-ec47c1bc6892'),
       ('b050bd74-8161-4340-81e2-9e1fd40ed325', 2, _binary '\0', 'Advanced features in Java',
        'bdd335ee-d8ae-4024-b01d-ed49d14aae9c', '2f2d2e36-07c5-4392-a098-1a901bedebc5',
        'b4ffbe3c-1e75-4700-9331-51539e51ccb3'),
       ('b0d06395-d774-4c75-836c-cea4abe2a550', 0.25, _binary '\0', 'Daily Assignment Giving',
        'e447bbe0-e681-4805-8486-924da7e2e40d', 'e25bffec-60cd-4f1a-818d-79370d2cd88a',
        'b625c78e-5cd8-4273-8bd3-230623fe5383'),
       ('b0f96493-e450-42b9-aa7d-1f4089ca5faf', 1.5, _binary '\0', 'Daily Quiz', '08e635bd-3a1d-40cc-b890-b723e4228ddf',
        '2f2d2e36-07c5-4392-a098-1a901bedebc5', 'b72c5fb8-f32c-418a-8167-f3b8372fc91c'),
       ('b106572e-fa86-4b4b-85d6-63a3f2ebf476', 0.25, _binary '\0', 'Guide to answer Interview Question',
        'e447bbe0-e681-4805-8486-924da7e2e40d', '2f2d2e36-07c5-4392-a098-1a901bedebc5',
        'b625c78e-5cd8-4273-8bd3-230623fe5383'),
       ('b1d2714b-7291-4e06-a1ef-4ec5165a487a', 1, _binary '\0', 'Daily Assignment Review & Guides',
        'e447bbe0-e681-4805-8486-924da7e2e40d', '2f2d2e36-07c5-4392-a098-1a901bedebc5',
        'b72c5fb8-f32c-418a-8167-f3b8372fc91c'),
       ('b1eecb32-db6e-4899-8264-9bdaa8008c72', 0.25, _binary '\0', 'Daily Quiz Review',
        'e447bbe0-e681-4805-8486-924da7e2e40d', '2f2d2e36-07c5-4392-a098-1a901bedebc5',
        'b625c78e-5cd8-4273-8bd3-230623fe5383'),
       ('b271ca0a-3dce-4eac-81d9-5ecf4d830b05', 4, _binary '\0', 'Practice Time: Assignment',
        '9a226b15-038b-42ca-9a4d-ebf2f13a479a', '2f2d2e36-07c5-4392-a098-1a901bedebc5',
        'b4ffbe3c-1e75-4700-9331-51539e51ccb3'),
       ('b2ef28e6-259b-4b87-a0a8-855a65dd3aae', 0.5, _binary '\0', 'Guide to answer Interview Question',
        'e447bbe0-e681-4805-8486-924da7e2e40d', '2f2d2e36-07c5-4392-a098-1a901bedebc5',
        'b4ffbe3c-1e75-4700-9331-51539e51ccb3'),
       ('b3dba29b-e397-4fb5-b98b-698c7673973c', 1.5, _binary '\0', 'Web', 'bdd335ee-d8ae-4024-b01d-ed49d14aae9c',
        '2f2d2e36-07c5-4392-a098-1a901bedebc5', 'b625c78e-5cd8-4273-8bd3-230623fe5383'),
       ('b41960a2-94f6-4f1f-8993-3db3ea78e51b', 1.25, _binary '\0', 'Daily Assignment Review & Guides',
        'e447bbe0-e681-4805-8486-924da7e2e40d', '2f2d2e36-07c5-4392-a098-1a901bedebc5',
        'b4ffbe3c-1e75-4700-9331-51539e51ccb3'),
       ('b4f7a8b7-6697-4f14-a7bd-230386cf0754', 1.5, _binary '\0', 'Daily Quiz', '08e635bd-3a1d-40cc-b890-b723e4228ddf',
        '2f2d2e36-07c5-4392-a098-1a901bedebc5', 'b4ffbe3c-1e75-4700-9331-51539e51ccb3'),
       ('b5e9c058-8270-4ce2-9b1b-9fc94efbd573', 4.75, _binary '\0', 'Practice Time: Assignment',
        '9a226b15-038b-42ca-9a4d-ebf2f13a479a', 'e25bffec-60cd-4f1a-818d-79370d2cd88a',
        'b625c78e-5cd8-4273-8bd3-230623fe5383'),
       ('b67a1093-33d9-4e6f-ba98-e321950e6e5e', 2, _binary '\0', 'Exception Handling & Utility Classes',
        'bdd335ee-d8ae-4024-b01d-ed49d14aae9c', '2f2d2e36-07c5-4392-a098-1a901bedebc5',
        'b72c5fb8-f32c-418a-8167-f3b8372fc91c'),
       ('b7139e68-e9c5-4e0d-b043-e794b2877986', 0.25, _binary '\0', 'Guide to answer Interview Question',
        'e447bbe0-e681-4805-8486-924da7e2e40d', '2f2d2e36-07c5-4392-a098-1a901bedebc5',
        'b72c5fb8-f32c-418a-8167-f3b8372fc91c'),
       ('b7a97c27-e191-46b2-bf51-8196c125d8c9', 0.25, _binary '\0', 'Daily Assignment Giving',
        'e447bbe0-e681-4805-8486-924da7e2e40d', '2f2d2e36-07c5-4392-a098-1a901bedebc5',
        'b72c5fb8-f32c-418a-8167-f3b8372fc91c'),
       ('b8866ebc-d0c8-4a96-8614-67c609643596', 1.5, _binary '\0', 'Daily Quiz', '08e635bd-3a1d-40cc-b890-b723e4228ddf',
        '2f2d2e36-07c5-4392-a098-1a901bedebc5', 'b625c78e-5cd8-4273-8bd3-230623fe5383'),
       ('b97a0cb7-602f-41d1-a77e-8640c1334820', 1, _binary '\0', 'Daily Assignment Review & Guides',
        'e447bbe0-e681-4805-8486-924da7e2e40d', 'e25bffec-60cd-4f1a-818d-79370d2cd88a',
        'b625c78e-5cd8-4273-8bd3-230623fe5383'),
       ('ba9bc771-349a-4294-8947-cb9685de09ae', 4.75, _binary '\0', 'Practice Time: Assignment',
        '9a226b15-038b-42ca-9a4d-ebf2f13a479a', '2f2d2e36-07c5-4392-a098-1a901bedebc5',
        'b72c5fb8-f32c-418a-8167-f3b8372fc91c'),
       ('baf8ae14-ffa2-4e4a-a8bd-b9be4831ea85', 0.5, _binary '\0', 'Daily Quiz Review',
        'e447bbe0-e681-4805-8486-924da7e2e40d', '2f2d2e36-07c5-4392-a098-1a901bedebc5',
        'b4ffbe3c-1e75-4700-9331-51539e51ccb3'),
       ('bb1af724-e2da-4d85-a3bd-4c224f1d6e1b', 0.5, _binary '\0', 'Daily Quiz Review',
        'e447bbe0-e681-4805-8486-924da7e2e40d', '2f2d2e36-07c5-4392-a098-1a901bedebc5',
        'b72c5fb8-f32c-418a-8167-f3b8372fc91c'),
       ('bca788e1-e8d8-4bf7-8395-7e9ec584c887', 0.5, _binary '\0', 'Daily Assignment Giving',
        'e447bbe0-e681-4805-8486-924da7e2e40d', '2f2d2e36-07c5-4392-a098-1a901bedebc5',
        'b4ffbe3c-1e75-4700-9331-51539e51ccb3'),
       ('bcda12ed-44cb-4a1d-95f6-1c46272c89fb', 1.25, _binary '\0', 'Working with Mobile',
        'bdd335ee-d8ae-4024-b01d-ed49d14aae9c', 'e25bffec-60cd-4f1a-818d-79370d2cd88a',
        'b625c78e-5cd8-4273-8bd3-230623fe5383'),
       ('bce894d0-95bd-4fd6-8987-ce4dcca19b26', 4.5, _binary '\0', 'Practice Time: Assignment',
        '9a226b15-038b-42ca-9a4d-ebf2f13a479a', '2f2d2e36-07c5-4392-a098-1a901bedebc5',
        'bb21f344-7701-4935-9048-ec47c1bc6892'),
       ('bd653929-9ca6-4ee9-9979-230f3d34aff7', 1, _binary '\0', 'Introduction to the course',
        'bdd335ee-d8ae-4024-b01d-ed49d14aae9c', '25adde40-2f90-4592-b984-b1d995a23254',
        'bb21f344-7701-4935-9048-ec47c1bc6892'),
       ('bdec4322-35ea-41b3-902b-99385e760b56', 0.5, _binary '\0', 'Daily Assignment Giving',
        'e447bbe0-e681-4805-8486-924da7e2e40d', '2f2d2e36-07c5-4392-a098-1a901bedebc5',
        'bb21f344-7701-4935-9048-ec47c1bc6892'),
       ('be394969-1b0a-458d-ac92-9b21f90ad86b', 1, _binary '\0', 'Daily Assignment Review & Guides',
        'e447bbe0-e681-4805-8486-924da7e2e40d', '2f2d2e36-07c5-4392-a098-1a901bedebc5',
        'bb21f344-7701-4935-9048-ec47c1bc6892'),
       ('bf5fc4a2-ef9c-47c2-9e95-2313a9231fbf', 3.75, _binary '\0', 'OOP in Java',
        'bdd335ee-d8ae-4024-b01d-ed49d14aae9c', '25adde40-2f90-4592-b984-b1d995a23254',
        'bb21f344-7701-4935-9048-ec47c1bc6892'),
       ('c050bd74-8161-4340-81e2-9e1fd40ed325', 2.5, _binary '\0', 'Advanced features in Python',
        'bdd335ee-d8ae-4024-b01d-ed49d14aae9c', '2f2d2e36-07c5-4392-a098-1a901bedebc5',
        'c4ffbe3c-1e75-4700-9331-51539e51ccb3'),
       ('c0d06395-d774-4c75-836c-cea4abe2a550', 0.25, _binary '\0', 'Daily Assignment Giving',
        'e447bbe0-e681-4805-8486-924da7e2e40d', 'e25bffec-60cd-4f1a-818d-79370d2cd88a',
        'c625c78e-5cd8-4273-8bd3-230623fe5383'),
       ('c0f96493-e450-42b9-aa7d-1f4089ca5faf', 1.5, _binary '\0', 'Daily Quiz', '08e635bd-3a1d-40cc-b890-b723e4228ddf',
        '2f2d2e36-07c5-4392-a098-1a901bedebc5', 'c72c5fb8-f32c-418a-8167-f3b8372fc91c'),
       ('c106572e-fa86-4b4b-85d6-63a3f2ebf476', 0.75, _binary '\0', 'Guide to answer Interview Question',
        'e447bbe0-e681-4805-8486-924da7e2e40d', '2f2d2e36-07c5-4392-a098-1a901bedebc5',
        'c625c78e-5cd8-4273-8bd3-230623fe5383'),
       ('c1d2714b-7291-4e06-a1ef-4ec5165a487a', 1.25, _binary '\0', 'Daily Assignment Review & Guides',
        'e447bbe0-e681-4805-8486-924da7e2e40d', '2f2d2e36-07c5-4392-a098-1a901bedebc5',
        'c72c5fb8-f32c-418a-8167-f3b8372fc91c'),
       ('c1eecb32-db6e-4899-8264-9bdaa8008c72', 0.75, _binary '\0', 'Daily Quiz Review',
        'e447bbe0-e681-4805-8486-924da7e2e40d', '2f2d2e36-07c5-4392-a098-1a901bedebc5',
        'c625c78e-5cd8-4273-8bd3-230623fe5383'),
       ('c271ca0a-3dce-4eac-81d9-5ecf4d830b05', 4.75, _binary '\0', 'Practice Time: Assignment',
        '9a226b15-038b-42ca-9a4d-ebf2f13a479a', '2f2d2e36-07c5-4392-a098-1a901bedebc5',
        'c4ffbe3c-1e75-4700-9331-51539e51ccb3'),
       ('c2ef28e6-259b-4b87-a0a8-855a65dd3aae', 0.25, _binary '\0', 'Guide to answer Interview Question',
        'e447bbe0-e681-4805-8486-924da7e2e40d', '2f2d2e36-07c5-4392-a098-1a901bedebc5',
        'c4ffbe3c-1e75-4700-9331-51539e51ccb3'),
       ('c3dba29b-e397-4fb5-b98b-698c7673973c', 1.75, _binary '\0', 'Web', 'bdd335ee-d8ae-4024-b01d-ed49d14aae9c',
        '2f2d2e36-07c5-4392-a098-1a901bedebc5', 'c625c78e-5cd8-4273-8bd3-230623fe5383'),
       ('c41960a2-94f6-4f1f-8993-3db3ea78e51b', 1, _binary '\0', 'Daily Assignment Review & Guides',
        'e447bbe0-e681-4805-8486-924da7e2e40d', '2f2d2e36-07c5-4392-a098-1a901bedebc5',
        'c4ffbe3c-1e75-4700-9331-51539e51ccb3'),
       ('c4f7a8b7-6697-4f14-a7bd-230386cf0754', 1.5, _binary '\0', 'Daily Quiz', '08e635bd-3a1d-40cc-b890-b723e4228ddf',
        '2f2d2e36-07c5-4392-a098-1a901bedebc5', 'c4ffbe3c-1e75-4700-9331-51539e51ccb3'),
       ('c5e9c058-8270-4ce2-9b1b-9fc94efbd573', 4.25, _binary '\0', 'Practice Time: Assignment',
        '9a226b15-038b-42ca-9a4d-ebf2f13a479a', 'e25bffec-60cd-4f1a-818d-79370d2cd88a',
        'c625c78e-5cd8-4273-8bd3-230623fe5383'),
       ('c67a1093-33d9-4e6f-ba98-e321950e6e5e', 2, _binary '\0', 'Exception Handling & Utility Classes',
        'bdd335ee-d8ae-4024-b01d-ed49d14aae9c', '2f2d2e36-07c5-4392-a098-1a901bedebc5',
        'c72c5fb8-f32c-418a-8167-f3b8372fc91c'),
       ('c7139e68-e9c5-4e0d-b043-e794b2877986', 0.75, _binary '\0', 'Guide to answer Interview Question',
        'e447bbe0-e681-4805-8486-924da7e2e40d', '2f2d2e36-07c5-4392-a098-1a901bedebc5',
        'c72c5fb8-f32c-418a-8167-f3b8372fc91c'),
       ('c7a97c27-e191-46b2-bf51-8196c125d8c9', 0.25, _binary '\0', 'Daily Assignment Giving',
        'e447bbe0-e681-4805-8486-924da7e2e40d', '2f2d2e36-07c5-4392-a098-1a901bedebc5',
        'c72c5fb8-f32c-418a-8167-f3b8372fc91c'),
       ('c8866ebc-d0c8-4a96-8614-67c609643596', 1.75, _binary '\0', 'Daily Quiz',
        '08e635bd-3a1d-40cc-b890-b723e4228ddf', '2f2d2e36-07c5-4392-a098-1a901bedebc5',
        'c625c78e-5cd8-4273-8bd3-230623fe5383'),
       ('c97a0cb7-602f-41d1-a77e-8640c1334820', 1.75, _binary '\0', 'Daily Assignment Review & Guides',
        'e447bbe0-e681-4805-8486-924da7e2e40d', 'e25bffec-60cd-4f1a-818d-79370d2cd88a',
        'c625c78e-5cd8-4273-8bd3-230623fe5383'),
       ('ca9bc771-349a-4294-8947-cb9685de09ae', 4, _binary '\0', 'Practice Time: Assignment',
        '9a226b15-038b-42ca-9a4d-ebf2f13a479a', '2f2d2e36-07c5-4392-a098-1a901bedebc5',
        'c72c5fb8-f32c-418a-8167-f3b8372fc91c'),
       ('caf8ae14-ffa2-4e4a-a8bd-b9be4831ea85', 0.5, _binary '\0', 'Daily Quiz Review',
        'e447bbe0-e681-4805-8486-924da7e2e40d', '2f2d2e36-07c5-4392-a098-1a901bedebc5',
        'c4ffbe3c-1e75-4700-9331-51539e51ccb3'),
       ('cb1af724-e2da-4d85-a3bd-4c224f1d6e1b', 0.25, _binary '\0', 'Daily Quiz Review',
        'e447bbe0-e681-4805-8486-924da7e2e40d', '2f2d2e36-07c5-4392-a098-1a901bedebc5',
        'c72c5fb8-f32c-418a-8167-f3b8372fc91c'),
       ('cca788e1-e8d8-4bf7-8395-7e9ec584c887', 0.25, _binary '\0', 'Daily Assignment Giving',
        'e447bbe0-e681-4805-8486-924da7e2e40d', '2f2d2e36-07c5-4392-a098-1a901bedebc5',
        'c4ffbe3c-1e75-4700-9331-51539e51ccb3'),
       ('ccda12ed-44cb-4a1d-95f6-1c46272c89fb', 1.5, _binary '\0', 'Working with AI',
        'bdd335ee-d8ae-4024-b01d-ed49d14aae9c', 'e25bffec-60cd-4f1a-818d-79370d2cd88a',
        'c625c78e-5cd8-4273-8bd3-230623fe5383'),
       ('cce894d0-95bd-4fd6-8987-ce4dcca19b26', 4.75, _binary '\0', 'Practice Time: Assignment',
        '9a226b15-038b-42ca-9a4d-ebf2f13a479a', '2f2d2e36-07c5-4392-a098-1a901bedebc5',
        'cb21f344-7701-4935-9048-ec47c1bc6892'),
       ('cd653929-9ca6-4ee9-9979-230f3d34aff7', 1, _binary '\0', 'Introduction to the course',
        'bdd335ee-d8ae-4024-b01d-ed49d14aae9c', '25adde40-2f90-4592-b984-b1d995a23254',
        'cb21f344-7701-4935-9048-ec47c1bc6892'),
       ('cdec4322-35ea-41b3-902b-99385e760b56', 0.75, _binary '\0', 'Daily Assignment Giving',
        'e447bbe0-e681-4805-8486-924da7e2e40d', '2f2d2e36-07c5-4392-a098-1a901bedebc5',
        'cb21f344-7701-4935-9048-ec47c1bc6892'),
       ('ce394969-1b0a-458d-ac92-9b21f90ad86b', 1.25, _binary '\0', 'Daily Assignment Review & Guides',
        'e447bbe0-e681-4805-8486-924da7e2e40d', '2f2d2e36-07c5-4392-a098-1a901bedebc5',
        'cb21f344-7701-4935-9048-ec47c1bc6892'),
       ('cf5fc4a2-ef9c-47c2-9e95-2313a9231fbf', 3.5, _binary '\0', 'OOP in Python',
        'bdd335ee-d8ae-4024-b01d-ed49d14aae9c', '25adde40-2f90-4592-b984-b1d995a23254',
        'cb21f344-7701-4935-9048-ec47c1bc6892'),
       ('d050bd74-8161-4340-81e2-9e1fd40ed325', 2.25, _binary '\0', 'Advanced features in NodeJS',
        'bdd335ee-d8ae-4024-b01d-ed49d14aae9c', '2f2d2e36-07c5-4392-a098-1a901bedebc5',
        'd4ffbe3c-1e75-4700-9331-51539e51ccb3'),
       ('d0d06395-d774-4c75-836c-cea4abe2a550', 0.25, _binary '\0', 'Daily Assignment Giving',
        'e447bbe0-e681-4805-8486-924da7e2e40d', 'e25bffec-60cd-4f1a-818d-79370d2cd88a',
        'd625c78e-5cd8-4273-8bd3-230623fe5383'),
       ('d0f96493-e450-42b9-aa7d-1f4089ca5faf', 1.5, _binary '\0', 'Daily Quiz', '08e635bd-3a1d-40cc-b890-b723e4228ddf',
        '2f2d2e36-07c5-4392-a098-1a901bedebc5', 'd72c5fb8-f32c-418a-8167-f3b8372fc91c'),
       ('d106572e-fa86-4b4b-85d6-63a3f2ebf476', 0.75, _binary '\0', 'Guide to answer Interview Question',
        'e447bbe0-e681-4805-8486-924da7e2e40d', '2f2d2e36-07c5-4392-a098-1a901bedebc5',
        'd625c78e-5cd8-4273-8bd3-230623fe5383'),
       ('d1d2714b-7291-4e06-a1ef-4ec5165a487a', 1.5, _binary '\0', 'Daily Assignment Review & Guides',
        'e447bbe0-e681-4805-8486-924da7e2e40d', '2f2d2e36-07c5-4392-a098-1a901bedebc5',
        'd72c5fb8-f32c-418a-8167-f3b8372fc91c'),
       ('d1eecb32-db6e-4899-8264-9bdaa8008c72', 0.75, _binary '\0', 'Daily Quiz Review',
        'e447bbe0-e681-4805-8486-924da7e2e40d', '2f2d2e36-07c5-4392-a098-1a901bedebc5',
        'd625c78e-5cd8-4273-8bd3-230623fe5383'),
       ('d271ca0a-3dce-4eac-81d9-5ecf4d830b05', 4.5, _binary '\0', 'Practice Time: Assignment',
        '9a226b15-038b-42ca-9a4d-ebf2f13a479a', '2f2d2e36-07c5-4392-a098-1a901bedebc5',
        'd4ffbe3c-1e75-4700-9331-51539e51ccb3'),
       ('d2ef28e6-259b-4b87-a0a8-855a65dd3aae', 0.75, _binary '\0', 'Guide to answer Interview Question',
        'e447bbe0-e681-4805-8486-924da7e2e40d', '2f2d2e36-07c5-4392-a098-1a901bedebc5',
        'd4ffbe3c-1e75-4700-9331-51539e51ccb3'),
       ('d3dba29b-e397-4fb5-b98b-698c7673973c', 1.75, _binary '\0', 'Web', 'bdd335ee-d8ae-4024-b01d-ed49d14aae9c',
        '2f2d2e36-07c5-4392-a098-1a901bedebc5', 'd625c78e-5cd8-4273-8bd3-230623fe5383'),
       ('d41960a2-94f6-4f1f-8993-3db3ea78e51b', 1.75, _binary '\0', 'Daily Assignment Review & Guides',
        'e447bbe0-e681-4805-8486-924da7e2e40d', '2f2d2e36-07c5-4392-a098-1a901bedebc5',
        'd4ffbe3c-1e75-4700-9331-51539e51ccb3'),
       ('d4f7a8b7-6697-4f14-a7bd-230386cf0754', 1, _binary '\0', 'Daily Quiz', '08e635bd-3a1d-40cc-b890-b723e4228ddf',
        '2f2d2e36-07c5-4392-a098-1a901bedebc5', 'd4ffbe3c-1e75-4700-9331-51539e51ccb3'),
       ('d5e9c058-8270-4ce2-9b1b-9fc94efbd573', 4.5, _binary '\0', 'Practice Time: Assignment',
        '9a226b15-038b-42ca-9a4d-ebf2f13a479a', 'e25bffec-60cd-4f1a-818d-79370d2cd88a',
        'd625c78e-5cd8-4273-8bd3-230623fe5383'),
       ('d67a1093-33d9-4e6f-ba98-e321950e6e5e', 2.25, _binary '\0', 'Exception Handling & Utility Classes',
        'bdd335ee-d8ae-4024-b01d-ed49d14aae9c', '2f2d2e36-07c5-4392-a098-1a901bedebc5',
        'd72c5fb8-f32c-418a-8167-f3b8372fc91c'),
       ('d7139e68-e9c5-4e0d-b043-e794b2877986', 0.75, _binary '\0', 'Guide to answer Interview Question',
        'e447bbe0-e681-4805-8486-924da7e2e40d', '2f2d2e36-07c5-4392-a098-1a901bedebc5',
        'd72c5fb8-f32c-418a-8167-f3b8372fc91c'),
       ('d7a97c27-e191-46b2-bf51-8196c125d8c9', 0.25, _binary '\0', 'Daily Assignment Giving',
        'e447bbe0-e681-4805-8486-924da7e2e40d', '2f2d2e36-07c5-4392-a098-1a901bedebc5',
        'd72c5fb8-f32c-418a-8167-f3b8372fc91c'),
       ('d8866ebc-d0c8-4a96-8614-67c609643596', 1.25, _binary '\0', 'Daily Quiz',
        '08e635bd-3a1d-40cc-b890-b723e4228ddf', '2f2d2e36-07c5-4392-a098-1a901bedebc5',
        'd625c78e-5cd8-4273-8bd3-230623fe5383'),
       ('d97a0cb7-602f-41d1-a77e-8640c1334820', 1.75, _binary '\0', 'Daily Assignment Review & Guides',
        'e447bbe0-e681-4805-8486-924da7e2e40d', 'e25bffec-60cd-4f1a-818d-79370d2cd88a',
        'd625c78e-5cd8-4273-8bd3-230623fe5383'),
       ('da9bc771-349a-4294-8947-cb9685de09ae', 4.25, _binary '\0', 'Practice Time: Assignment',
        '9a226b15-038b-42ca-9a4d-ebf2f13a479a', '2f2d2e36-07c5-4392-a098-1a901bedebc5',
        'd72c5fb8-f32c-418a-8167-f3b8372fc91c'),
       ('daf8ae14-ffa2-4e4a-a8bd-b9be4831ea85', 0.5, _binary '\0', 'Daily Quiz Review',
        'e447bbe0-e681-4805-8486-924da7e2e40d', '2f2d2e36-07c5-4392-a098-1a901bedebc5',
        'd4ffbe3c-1e75-4700-9331-51539e51ccb3'),
       ('db1af724-e2da-4d85-a3bd-4c224f1d6e1b', 0.5, _binary '\0', 'Daily Quiz Review',
        'e447bbe0-e681-4805-8486-924da7e2e40d', '2f2d2e36-07c5-4392-a098-1a901bedebc5',
        'd72c5fb8-f32c-418a-8167-f3b8372fc91c'),
       ('dca788e1-e8d8-4bf7-8395-7e9ec584c887', 0.25, _binary '\0', 'Daily Assignment Giving',
        'e447bbe0-e681-4805-8486-924da7e2e40d', '2f2d2e36-07c5-4392-a098-1a901bedebc5',
        'd4ffbe3c-1e75-4700-9331-51539e51ccb3'),
       ('dcda12ed-44cb-4a1d-95f6-1c46272c89fb', 1.25, _binary '\0', 'Working with Mobile',
        'bdd335ee-d8ae-4024-b01d-ed49d14aae9c', 'e25bffec-60cd-4f1a-818d-79370d2cd88a',
        'd625c78e-5cd8-4273-8bd3-230623fe5383'),
       ('dce894d0-95bd-4fd6-8987-ce4dcca19b26', 4.75, _binary '\0', 'Practice Time: Assignment',
        '9a226b15-038b-42ca-9a4d-ebf2f13a479a', '2f2d2e36-07c5-4392-a098-1a901bedebc5',
        'db21f344-7701-4935-9048-ec47c1bc6892'),
       ('dd653929-9ca6-4ee9-9979-230f3d34aff7', 1.5, _binary '\0', 'Introduction to the course',
        'bdd335ee-d8ae-4024-b01d-ed49d14aae9c', '25adde40-2f90-4592-b984-b1d995a23254',
        'db21f344-7701-4935-9048-ec47c1bc6892'),
       ('ddec4322-35ea-41b3-902b-99385e760b56', 0.25, _binary '\0', 'Daily Assignment Giving',
        'e447bbe0-e681-4805-8486-924da7e2e40d', '2f2d2e36-07c5-4392-a098-1a901bedebc5',
        'db21f344-7701-4935-9048-ec47c1bc6892'),
       ('de394969-1b0a-458d-ac92-9b21f90ad86b', 1.25, _binary '\0', 'Daily Assignment Review & Guides',
        'e447bbe0-e681-4805-8486-924da7e2e40d', '2f2d2e36-07c5-4392-a098-1a901bedebc5',
        'db21f344-7701-4935-9048-ec47c1bc6892'),
       ('df5fc4a2-ef9c-47c2-9e95-2313a9231fbf', 3, _binary '\0', 'OOP in NodeJS',
        'bdd335ee-d8ae-4024-b01d-ed49d14aae9c', '25adde40-2f90-4592-b984-b1d995a23254',
        'db21f344-7701-4935-9048-ec47c1bc6892'),
       ('e050bd74-8161-4340-81e2-9e1fd40ed325', 2.75, _binary '\0', 'Advanced features in Javascript',
        'bdd335ee-d8ae-4024-b01d-ed49d14aae9c', '2f2d2e36-07c5-4392-a098-1a901bedebc5',
        'e4ffbe3c-1e75-4700-9331-51539e51ccb3'),
       ('e0d06395-d774-4c75-836c-cea4abe2a550', 0.5, _binary '\0', 'Daily Assignment Giving',
        'e447bbe0-e681-4805-8486-924da7e2e40d', 'e25bffec-60cd-4f1a-818d-79370d2cd88a',
        'e625c78e-5cd8-4273-8bd3-230623fe5383'),
       ('e0f96493-e450-42b9-aa7d-1f4089ca5faf', 1.5, _binary '\0', 'Daily Quiz', '08e635bd-3a1d-40cc-b890-b723e4228ddf',
        '2f2d2e36-07c5-4392-a098-1a901bedebc5', 'e72c5fb8-f32c-418a-8167-f3b8372fc91c'),
       ('e106572e-fa86-4b4b-85d6-63a3f2ebf476', 0.5, _binary '\0', 'Guide to answer Interview Question',
        'e447bbe0-e681-4805-8486-924da7e2e40d', '2f2d2e36-07c5-4392-a098-1a901bedebc5',
        'e625c78e-5cd8-4273-8bd3-230623fe5383'),
       ('e1d2714b-7291-4e06-a1ef-4ec5165a487a', 1.75, _binary '\0', 'Daily Assignment Review & Guides',
        'e447bbe0-e681-4805-8486-924da7e2e40d', '2f2d2e36-07c5-4392-a098-1a901bedebc5',
        'e72c5fb8-f32c-418a-8167-f3b8372fc91c'),
       ('e1eecb32-db6e-4899-8264-9bdaa8008c72', 0.5, _binary '\0', 'Daily Quiz Review',
        'e447bbe0-e681-4805-8486-924da7e2e40d', '2f2d2e36-07c5-4392-a098-1a901bedebc5',
        'e625c78e-5cd8-4273-8bd3-230623fe5383'),
       ('e271ca0a-3dce-4eac-81d9-5ecf4d830b05', 4.75, _binary '\0', 'Practice Time: Assignment',
        '9a226b15-038b-42ca-9a4d-ebf2f13a479a', '2f2d2e36-07c5-4392-a098-1a901bedebc5',
        'e4ffbe3c-1e75-4700-9331-51539e51ccb3'),
       ('e2ef28e6-259b-4b87-a0a8-855a65dd3aae', 0.5, _binary '\0', 'Guide to answer Interview Question',
        'e447bbe0-e681-4805-8486-924da7e2e40d', '2f2d2e36-07c5-4392-a098-1a901bedebc5',
        'e4ffbe3c-1e75-4700-9331-51539e51ccb3'),
       ('e3dba29b-e397-4fb5-b98b-698c7673973c', 1.25, _binary '\0', 'Web', 'bdd335ee-d8ae-4024-b01d-ed49d14aae9c',
        '2f2d2e36-07c5-4392-a098-1a901bedebc5', 'e625c78e-5cd8-4273-8bd3-230623fe5383'),
       ('e41960a2-94f6-4f1f-8993-3db3ea78e51b', 1.5, _binary '\0', 'Daily Assignment Review & Guides',
        'e447bbe0-e681-4805-8486-924da7e2e40d', '2f2d2e36-07c5-4392-a098-1a901bedebc5',
        'e4ffbe3c-1e75-4700-9331-51539e51ccb3'),
       ('e4f7a8b7-6697-4f14-a7bd-230386cf0754', 1.5, _binary '\0', 'Daily Quiz', '08e635bd-3a1d-40cc-b890-b723e4228ddf',
        '2f2d2e36-07c5-4392-a098-1a901bedebc5', 'e4ffbe3c-1e75-4700-9331-51539e51ccb3'),
       ('e5e9c058-8270-4ce2-9b1b-9fc94efbd573', 4.5, _binary '\0', 'Practice Time: Assignment',
        '9a226b15-038b-42ca-9a4d-ebf2f13a479a', 'e25bffec-60cd-4f1a-818d-79370d2cd88a',
        'e625c78e-5cd8-4273-8bd3-230623fe5383'),
       ('e67a1093-33d9-4e6f-ba98-e321950e6e5e', 2.75, _binary '\0', 'Exception Handling & Utility Classes',
        'bdd335ee-d8ae-4024-b01d-ed49d14aae9c', '2f2d2e36-07c5-4392-a098-1a901bedebc5',
        'e72c5fb8-f32c-418a-8167-f3b8372fc91c'),
       ('e7139e68-e9c5-4e0d-b043-e794b2877986', 0.25, _binary '\0', 'Guide to answer Interview Question',
        'e447bbe0-e681-4805-8486-924da7e2e40d', '2f2d2e36-07c5-4392-a098-1a901bedebc5',
        'e72c5fb8-f32c-418a-8167-f3b8372fc91c'),
       ('e7a97c27-e191-46b2-bf51-8196c125d8c9', 0.5, _binary '\0', 'Daily Assignment Giving',
        'e447bbe0-e681-4805-8486-924da7e2e40d', '2f2d2e36-07c5-4392-a098-1a901bedebc5',
        'e72c5fb8-f32c-418a-8167-f3b8372fc91c'),
       ('e8866ebc-d0c8-4a96-8614-67c609643596', 1.25, _binary '\0', 'Daily Quiz',
        '08e635bd-3a1d-40cc-b890-b723e4228ddf', '2f2d2e36-07c5-4392-a098-1a901bedebc5',
        'e625c78e-5cd8-4273-8bd3-230623fe5383'),
       ('e97a0cb7-602f-41d1-a77e-8640c1334820', 1.25, _binary '\0', 'Daily Assignment Review & Guides',
        'e447bbe0-e681-4805-8486-924da7e2e40d', 'e25bffec-60cd-4f1a-818d-79370d2cd88a',
        'e625c78e-5cd8-4273-8bd3-230623fe5383'),
       ('ea9bc771-349a-4294-8947-cb9685de09ae', 4.75, _binary '\0', 'Practice Time: Assignment',
        '9a226b15-038b-42ca-9a4d-ebf2f13a479a', '2f2d2e36-07c5-4392-a098-1a901bedebc5',
        'e72c5fb8-f32c-418a-8167-f3b8372fc91c'),
       ('eaf8ae14-ffa2-4e4a-a8bd-b9be4831ea85', 0.5, _binary '\0', 'Daily Quiz Review',
        'e447bbe0-e681-4805-8486-924da7e2e40d', '2f2d2e36-07c5-4392-a098-1a901bedebc5',
        'e4ffbe3c-1e75-4700-9331-51539e51ccb3'),
       ('eb1af724-e2da-4d85-a3bd-4c224f1d6e1b', 0.25, _binary '\0', 'Daily Quiz Review',
        'e447bbe0-e681-4805-8486-924da7e2e40d', '2f2d2e36-07c5-4392-a098-1a901bedebc5',
        'e72c5fb8-f32c-418a-8167-f3b8372fc91c'),
       ('eca788e1-e8d8-4bf7-8395-7e9ec584c887', 0.5, _binary '\0', 'Daily Assignment Giving',
        'e447bbe0-e681-4805-8486-924da7e2e40d', '2f2d2e36-07c5-4392-a098-1a901bedebc5',
        'e4ffbe3c-1e75-4700-9331-51539e51ccb3'),
       ('ecda12ed-44cb-4a1d-95f6-1c46272c89fb', 1, _binary '\0', 'Working with Mobile',
        'bdd335ee-d8ae-4024-b01d-ed49d14aae9c', 'e25bffec-60cd-4f1a-818d-79370d2cd88a',
        'e625c78e-5cd8-4273-8bd3-230623fe5383'),
       ('ece894d0-95bd-4fd6-8987-ce4dcca19b26', 4.25, _binary '\0', 'Practice Time: Assignment',
        '9a226b15-038b-42ca-9a4d-ebf2f13a479a', '2f2d2e36-07c5-4392-a098-1a901bedebc5',
        'eb21f344-7701-4935-9048-ec47c1bc6892'),
       ('ed653929-9ca6-4ee9-9979-230f3d34aff7', 1.75, _binary '\0', 'Introduction to the course',
        'bdd335ee-d8ae-4024-b01d-ed49d14aae9c', '25adde40-2f90-4592-b984-b1d995a23254',
        'eb21f344-7701-4935-9048-ec47c1bc6892'),
       ('edec4322-35ea-41b3-902b-99385e760b56', 0.5, _binary '\0', 'Daily Assignment Giving',
        'e447bbe0-e681-4805-8486-924da7e2e40d', '2f2d2e36-07c5-4392-a098-1a901bedebc5',
        'eb21f344-7701-4935-9048-ec47c1bc6892'),
       ('ee394969-1b0a-458d-ac92-9b21f90ad86b', 1, _binary '\0', 'Daily Assignment Review & Guides',
        'e447bbe0-e681-4805-8486-924da7e2e40d', '2f2d2e36-07c5-4392-a098-1a901bedebc5',
        'eb21f344-7701-4935-9048-ec47c1bc6892'),
       ('ef5fc4a2-ef9c-47c2-9e95-2313a9231fbf', 3.75, _binary '\0', 'OOP in Javascript',
        'bdd335ee-d8ae-4024-b01d-ed49d14aae9c', '25adde40-2f90-4592-b984-b1d995a23254',
        'eb21f344-7701-4935-9048-ec47c1bc6892');
INSERT INTO `delivery_principle`
VALUES ('a3e943f8-c2eb-42da-a47e-69fb0be2a39b',
        'GV thực hành có đánh giá trong quá trình giảng dạy và chữa bài vào buổi chiều..',
        'Các bài thực hành cho học viên có thể có yêu cầu cụ thể riêng liên quan đến phần mềm, các cài đặt dữ liệu. Giảng viên thực hành và quản lý lớp cần kiểm tra kỹ trong nội dung yêu cầu các bài thực hành và chuẩn bị tương ứng trước.',
        NULL,
        'Tối ưu không quá 20 học viên/lớp thực hành, tối đa không quá 30. Không hạn chế số lượng học viên trong giờ học lý thuyết.',
        'Giảng viên cần ít nhất 2 năm kinh nghiệm tham gia các dự án phát triển phần mềm và thao tác trực tiếp với .NET.',
        'Chủ nhiệm lớp thống nhất với GV lý thuyết và GV thực hành về các bài assignments sẽ áp dụng trong các ngày trước khi bắt đầu môn học. Giảng viên lý thuyết: dạy lý thuyết vào buổi sáng (sau khi HV làm xong quiz hàng ngày) và giao bài tập thực hành buổi chiều (có trao đổi để HV nắm được yêu cầu). Giảng viên thực hành: dành toàn thời gian buổi chiều để giải đáp thắc mắc và trợ giúp khi học viên làm bài tập assignment được giao.',
        NULL, '239be19f-72ee-4def-950c-cfb7ff306066'),
       ('b3e943f8-c2eb-42da-a47e-69fb0be2a39b',
        'GV thực hành có đánh giá trong quá trình giảng dạy và chữa bài vào buổi chiều..',
        'Các bài thực hành cho học viên có thể có yêu cầu cụ thể riêng liên quan đến phần mềm, các cài đặt dữ liệu. Giảng viên thực hành và quản lý lớp cần kiểm tra kỹ trong nội dung yêu cầu các bài thực hành và chuẩn bị tương ứng trước.',
        NULL,
        'Tối ưu không quá 20 học viên/lớp thực hành, tối đa không quá 30. Không hạn chế số lượng học viên trong giờ học lý thuyết.',
        'Giảng viên cần ít nhất 2 năm kinh nghiệm tham gia các dự án phát triển phần mềm và thao tác trực tiếp với Java.',
        'Chủ nhiệm lớp thống nhất với GV lý thuyết và GV thực hành về các bài assignments sẽ áp dụng trong các ngày trước khi bắt đầu môn học. Giảng viên lý thuyết: dạy lý thuyết vào buổi sáng (sau khi HV làm xong quiz hàng ngày) và giao bài tập thực hành buổi chiều (có trao đổi để HV nắm được yêu cầu). Giảng viên thực hành: dành toàn thời gian buổi chiều để giải đáp thắc mắc và trợ giúp khi học viên làm bài tập assignment được giao.',
        NULL, '5d2a9b26-29d0-447d-991f-308a0fa15dd6'),
       ('c3e943f8-c2eb-42da-a47e-69fb0be2a39b',
        'GV thực hành có đánh giá trong quá trình giảng dạy và chữa bài vào buổi chiều..',
        'Các bài thực hành cho học viên có thể có yêu cầu cụ thể riêng liên quan đến phần mềm, các cài đặt dữ liệu. Giảng viên thực hành và quản lý lớp cần kiểm tra kỹ trong nội dung yêu cầu các bài thực hành và chuẩn bị tương ứng trước.',
        NULL,
        'Tối ưu không quá 20 học viên/lớp thực hành, tối đa không quá 30. Không hạn chế số lượng học viên trong giờ học lý thuyết.',
        'Giảng viên cần ít nhất 2 năm kinh nghiệm tham gia các dự án phát triển phần mềm và thao tác trực tiếp với Python.',
        'Chủ nhiệm lớp thống nhất với GV lý thuyết và GV thực hành về các bài assignments sẽ áp dụng trong các ngày trước khi bắt đầu môn học. Giảng viên lý thuyết: dạy lý thuyết vào buổi sáng (sau khi HV làm xong quiz hàng ngày) và giao bài tập thực hành buổi chiều (có trao đổi để HV nắm được yêu cầu). Giảng viên thực hành: dành toàn thời gian buổi chiều để giải đáp thắc mắc và trợ giúp khi học viên làm bài tập assignment được giao.',
        NULL, '954e8ca1-68e6-4c3b-b297-cca5818e433b'),
       ('d3e943f8-c2eb-42da-a47e-69fb0be2a39b',
        'GV thực hành có đánh giá trong quá trình giảng dạy và chữa bài vào buổi chiều..',
        'Các bài thực hành cho học viên có thể có yêu cầu cụ thể riêng liên quan đến phần mềm, các cài đặt dữ liệu. Giảng viên thực hành và quản lý lớp cần kiểm tra kỹ trong nội dung yêu cầu các bài thực hành và chuẩn bị tương ứng trước.',
        NULL,
        'Tối ưu không quá 20 học viên/lớp thực hành, tối đa không quá 30. Không hạn chế số lượng học viên trong giờ học lý thuyết.',
        'Giảng viên cần ít nhất 2 năm kinh nghiệm tham gia các dự án phát triển phần mềm và thao tác trực tiếp với NodeJS.',
        'Chủ nhiệm lớp thống nhất với GV lý thuyết và GV thực hành về các bài assignments sẽ áp dụng trong các ngày trước khi bắt đầu môn học. Giảng viên lý thuyết: dạy lý thuyết vào buổi sáng (sau khi HV làm xong quiz hàng ngày) và giao bài tập thực hành buổi chiều (có trao đổi để HV nắm được yêu cầu). Giảng viên thực hành: dành toàn thời gian buổi chiều để giải đáp thắc mắc và trợ giúp khi học viên làm bài tập assignment được giao.',
        NULL, '9ebe29ed-8fba-4d70-b6ce-c64dcba816c5'),
       ('e3e943f8-c2eb-42da-a47e-69fb0be2a39b',
        'GV thực hành có đánh giá trong quá trình giảng dạy và chữa bài vào buổi chiều..',
        'Các bài thực hành cho học viên có thể có yêu cầu cụ thể riêng liên quan đến phần mềm, các cài đặt dữ liệu. Giảng viên thực hành và quản lý lớp cần kiểm tra kỹ trong nội dung yêu cầu các bài thực hành và chuẩn bị tương ứng trước.',
        NULL,
        'Tối ưu không quá 20 học viên/lớp thực hành, tối đa không quá 30. Không hạn chế số lượng học viên trong giờ học lý thuyết.',
        'Giảng viên cần ít nhất 2 năm kinh nghiệm tham gia các dự án phát triển phần mềm và thao tác trực tiếp với Javascript.',
        'Chủ nhiệm lớp thống nhất với GV lý thuyết và GV thực hành về các bài assignments sẽ áp dụng trong các ngày trước khi bắt đầu môn học. Giảng viên lý thuyết: dạy lý thuyết vào buổi sáng (sau khi HV làm xong quiz hàng ngày) và giao bài tập thực hành buổi chiều (có trao đổi để HV nắm được yêu cầu). Giảng viên thực hành: dành toàn thời gian buổi chiều để giải đáp thắc mắc và trợ giúp khi học viên làm bài tập assignment được giao.',
        NULL, 'd2b7c8e3-3981-4dc5-a7cf-2c80e91cb853');
INSERT INTO `program_syllabus`
VALUES ('239be19f-72ee-4def-950c-cfb7ff306066', '029cac58-1bdb-4ae9-a38c-99164e90930b', 0),
       ('239be19f-72ee-4def-950c-cfb7ff306066', '1728428c-cc2c-4750-bb07-3be9a8e097ed', 0),
       ('239be19f-72ee-4def-950c-cfb7ff306066', '31e7956c-b065-4c8c-bd23-44c948108504', 0),
       ('239be19f-72ee-4def-950c-cfb7ff306066', '325bd358-c118-4fb9-82cf-eb2811c4d431', 0),
       ('239be19f-72ee-4def-950c-cfb7ff306066', '4290bb36-9912-41d3-89c3-88c1b1191e40', 0),
       ('239be19f-72ee-4def-950c-cfb7ff306066', '68e2e978-86f2-4b79-acb8-cd437ab3a573', 0),
       ('239be19f-72ee-4def-950c-cfb7ff306066', '7c61663e-17e7-457a-bf15-77eef2f409d6', 0),
       ('239be19f-72ee-4def-950c-cfb7ff306066', '7f51fca7-50c3-49c4-9d75-836a50538e01', 0),
       ('239be19f-72ee-4def-950c-cfb7ff306066', '82681b2e-a0a3-4376-8466-076eae33cf1b', 0),
       ('239be19f-72ee-4def-950c-cfb7ff306066', '85ad094b-328e-4d16-938d-dd31cd0f6259', 0),
       ('239be19f-72ee-4def-950c-cfb7ff306066', 'a0d13ff1-c77a-49c9-bddd-64e21163e017', 0),
       ('239be19f-72ee-4def-950c-cfb7ff306066', 'a1cb6928-4f1a-4f38-a0d6-35d5dffd6b65', 0),
       ('239be19f-72ee-4def-950c-cfb7ff306066', 'a28bc298-309a-4874-b46a-78e4e86a5347', 0),
       ('239be19f-72ee-4def-950c-cfb7ff306066', 'b2419e9f-82dd-4738-ae46-fe3e7b47e44c', 0),
       ('239be19f-72ee-4def-950c-cfb7ff306066', 'b690cdad-4edc-4c15-b3f4-c2483d4813d7', 0),
       ('239be19f-72ee-4def-950c-cfb7ff306066', 'bffb669e-3764-41ca-a143-640b84aa776f', 0),
       ('239be19f-72ee-4def-950c-cfb7ff306066', 'c20ea7c4-0c68-4952-90c3-2530497a1889', 0),
       ('239be19f-72ee-4def-950c-cfb7ff306066', 'c3eca215-d668-4caa-9928-c6fcfa1c8a23', 0),
       ('239be19f-72ee-4def-950c-cfb7ff306066', 'c7a2bc0d-1299-4e27-b0e9-2b0f314e4504', 0),
       ('239be19f-72ee-4def-950c-cfb7ff306066', 'f3cdbf6f-a2ee-4b17-8862-4db61cb165b9', 0),
       ('239be19f-72ee-4def-950c-cfb7ff306066', 'f9fcaf23-959f-47d0-b9f3-6f1464ca2b1b', 0),
       ('239be19f-72ee-4def-950c-cfb7ff306066', 'fa85beb1-e7ef-449f-b159-5559d247392d', 0),
       ('5d2a9b26-29d0-447d-991f-308a0fa15dd6', '029cac58-1bdb-4ae9-a38c-99164e90930b', 0),
       ('5d2a9b26-29d0-447d-991f-308a0fa15dd6', '041bd987-9e66-4ffd-9f96-1078327b3004', 0),
       ('5d2a9b26-29d0-447d-991f-308a0fa15dd6', '2f4b0772-4208-4a74-a3f8-d86b5df0fe4a', 0),
       ('5d2a9b26-29d0-447d-991f-308a0fa15dd6', '31e7956c-b065-4c8c-bd23-44c948108504', 0),
       ('5d2a9b26-29d0-447d-991f-308a0fa15dd6', '325bd358-c118-4fb9-82cf-eb2811c4d431', 0),
       ('5d2a9b26-29d0-447d-991f-308a0fa15dd6', '6f347bf5-6cbd-49ae-9f79-76afedb94c42', 0),
       ('5d2a9b26-29d0-447d-991f-308a0fa15dd6', '7c61663e-17e7-457a-bf15-77eef2f409d6', 0),
       ('5d2a9b26-29d0-447d-991f-308a0fa15dd6', '7d9ecbee-e599-4d75-abd2-09b57c5c6dff', 0),
       ('5d2a9b26-29d0-447d-991f-308a0fa15dd6', '7f8c4db0-cda1-42d2-acca-c35e3602e443', 0),
       ('5d2a9b26-29d0-447d-991f-308a0fa15dd6', '82681b2e-a0a3-4376-8466-076eae33cf1b', 0),
       ('5d2a9b26-29d0-447d-991f-308a0fa15dd6', '85ad094b-328e-4d16-938d-dd31cd0f6259', 0),
       ('5d2a9b26-29d0-447d-991f-308a0fa15dd6', '9136b9bf-0734-4a59-b95e-53c9fc65206b', 0),
       ('5d2a9b26-29d0-447d-991f-308a0fa15dd6', 'a0d13ff1-c77a-49c9-bddd-64e21163e017', 0),
       ('5d2a9b26-29d0-447d-991f-308a0fa15dd6', 'a28bc298-309a-4874-b46a-78e4e86a5347', 0),
       ('5d2a9b26-29d0-447d-991f-308a0fa15dd6', 'a490de3c-5974-440b-9193-edeb9c030b9d', 0),
       ('5d2a9b26-29d0-447d-991f-308a0fa15dd6', 'a4af9fd3-2789-4a88-8c80-282cfd672a5f', 0),
       ('5d2a9b26-29d0-447d-991f-308a0fa15dd6', 'b690cdad-4edc-4c15-b3f4-c2483d4813d7', 0),
       ('5d2a9b26-29d0-447d-991f-308a0fa15dd6', 'c3eca215-d668-4caa-9928-c6fcfa1c8a23', 0),
       ('5d2a9b26-29d0-447d-991f-308a0fa15dd6', 'c6907e05-fe7a-4437-9b84-707496a34360', 0),
       ('5d2a9b26-29d0-447d-991f-308a0fa15dd6', 'cc4185a6-1af7-4251-bb6a-1602f234e91c', 0),
       ('5d2a9b26-29d0-447d-991f-308a0fa15dd6', 'e75b908b-6f31-471c-a4a7-2e6ed0517b6c', 0),
       ('5d2a9b26-29d0-447d-991f-308a0fa15dd6', 'ef9fb26c-7351-452f-b193-5e8317dd1c1b', 0),
       ('5d2a9b26-29d0-447d-991f-308a0fa15dd6', 'f9fcaf23-959f-47d0-b9f3-6f1464ca2b1b', 0),
       ('5d2a9b26-29d0-447d-991f-308a0fa15dd6', 'fb453f99-2819-46fe-ac83-ea5c2bd9adb3', 0),
       ('954e8ca1-68e6-4c3b-b297-cca5818e433b', '041bd987-9e66-4ffd-9f96-1078327b3004', 0),
       ('954e8ca1-68e6-4c3b-b297-cca5818e433b', '4290bb36-9912-41d3-89c3-88c1b1191e40', 0),
       ('954e8ca1-68e6-4c3b-b297-cca5818e433b', '68e2e978-86f2-4b79-acb8-cd437ab3a573', 0),
       ('954e8ca1-68e6-4c3b-b297-cca5818e433b', '6f347bf5-6cbd-49ae-9f79-76afedb94c42', 0),
       ('954e8ca1-68e6-4c3b-b297-cca5818e433b', '7d9ecbee-e599-4d75-abd2-09b57c5c6dff', 0),
       ('954e8ca1-68e6-4c3b-b297-cca5818e433b', '7f8c4db0-cda1-42d2-acca-c35e3602e443', 0),
       ('954e8ca1-68e6-4c3b-b297-cca5818e433b', '82681b2e-a0a3-4376-8466-076eae33cf1b', 0),
       ('954e8ca1-68e6-4c3b-b297-cca5818e433b', '85ad094b-328e-4d16-938d-dd31cd0f6259', 0),
       ('954e8ca1-68e6-4c3b-b297-cca5818e433b', '9136b9bf-0734-4a59-b95e-53c9fc65206b', 0),
       ('954e8ca1-68e6-4c3b-b297-cca5818e433b', '979fea1a-88c2-4ab0-97cd-3f368736f4b8', 0),
       ('954e8ca1-68e6-4c3b-b297-cca5818e433b', 'a28bc298-309a-4874-b46a-78e4e86a5347', 0),
       ('954e8ca1-68e6-4c3b-b297-cca5818e433b', 'a490de3c-5974-440b-9193-edeb9c030b9d', 0),
       ('954e8ca1-68e6-4c3b-b297-cca5818e433b', 'a4b3f93b-d283-4bbd-b28d-5eed315544c8', 0),
       ('954e8ca1-68e6-4c3b-b297-cca5818e433b', 'c3eca215-d668-4caa-9928-c6fcfa1c8a23', 0),
       ('954e8ca1-68e6-4c3b-b297-cca5818e433b', 'c6907e05-fe7a-4437-9b84-707496a34360', 0),
       ('954e8ca1-68e6-4c3b-b297-cca5818e433b', 'cc4185a6-1af7-4251-bb6a-1602f234e91c', 0),
       ('954e8ca1-68e6-4c3b-b297-cca5818e433b', 'ef796941-6379-4dd5-a419-ff61312ba40a', 0),
       ('954e8ca1-68e6-4c3b-b297-cca5818e433b', 'ef9fb26c-7351-452f-b193-5e8317dd1c1b', 0),
       ('954e8ca1-68e6-4c3b-b297-cca5818e433b', 'f3cdbf6f-a2ee-4b17-8862-4db61cb165b9', 0),
       ('954e8ca1-68e6-4c3b-b297-cca5818e433b', 'f9fcaf23-959f-47d0-b9f3-6f1464ca2b1b', 0),
       ('954e8ca1-68e6-4c3b-b297-cca5818e433b', 'fa85beb1-e7ef-449f-b159-5559d247392d', 0),
       ('954e8ca1-68e6-4c3b-b297-cca5818e433b', 'fb453f99-2819-46fe-ac83-ea5c2bd9adb3', 0),
       ('9ebe29ed-8fba-4d70-b6ce-c64dcba816c5', '029cac58-1bdb-4ae9-a38c-99164e90930b', 0),
       ('9ebe29ed-8fba-4d70-b6ce-c64dcba816c5', '041bd987-9e66-4ffd-9f96-1078327b3004', 0),
       ('9ebe29ed-8fba-4d70-b6ce-c64dcba816c5', '2f4b0772-4208-4a74-a3f8-d86b5df0fe4a', 0),
       ('9ebe29ed-8fba-4d70-b6ce-c64dcba816c5', '31e7956c-b065-4c8c-bd23-44c948108504', 0),
       ('9ebe29ed-8fba-4d70-b6ce-c64dcba816c5', '325bd358-c118-4fb9-82cf-eb2811c4d431', 0),
       ('9ebe29ed-8fba-4d70-b6ce-c64dcba816c5', '4290bb36-9912-41d3-89c3-88c1b1191e40', 0),
       ('9ebe29ed-8fba-4d70-b6ce-c64dcba816c5', '6ae4331c-6fa9-499a-a742-610db8ead4cf', 0),
       ('9ebe29ed-8fba-4d70-b6ce-c64dcba816c5', '7c61663e-17e7-457a-bf15-77eef2f409d6', 0),
       ('9ebe29ed-8fba-4d70-b6ce-c64dcba816c5', '7d9ecbee-e599-4d75-abd2-09b57c5c6dff', 0),
       ('9ebe29ed-8fba-4d70-b6ce-c64dcba816c5', '7f51fca7-50c3-49c4-9d75-836a50538e01', 0),
       ('9ebe29ed-8fba-4d70-b6ce-c64dcba816c5', '85ad094b-328e-4d16-938d-dd31cd0f6259', 0),
       ('9ebe29ed-8fba-4d70-b6ce-c64dcba816c5', '9136b9bf-0734-4a59-b95e-53c9fc65206b', 0),
       ('9ebe29ed-8fba-4d70-b6ce-c64dcba816c5', '979fea1a-88c2-4ab0-97cd-3f368736f4b8', 0),
       ('9ebe29ed-8fba-4d70-b6ce-c64dcba816c5', 'a0d13ff1-c77a-49c9-bddd-64e21163e017', 0),
       ('9ebe29ed-8fba-4d70-b6ce-c64dcba816c5', 'a28bc298-309a-4874-b46a-78e4e86a5347', 0),
       ('9ebe29ed-8fba-4d70-b6ce-c64dcba816c5', 'a490de3c-5974-440b-9193-edeb9c030b9d', 0),
       ('9ebe29ed-8fba-4d70-b6ce-c64dcba816c5', 'a4af9fd3-2789-4a88-8c80-282cfd672a5f', 0),
       ('9ebe29ed-8fba-4d70-b6ce-c64dcba816c5', 'b2419e9f-82dd-4738-ae46-fe3e7b47e44c', 0),
       ('9ebe29ed-8fba-4d70-b6ce-c64dcba816c5', 'b690cdad-4edc-4c15-b3f4-c2483d4813d7', 0),
       ('9ebe29ed-8fba-4d70-b6ce-c64dcba816c5', 'bffb669e-3764-41ca-a143-640b84aa776f', 0),
       ('9ebe29ed-8fba-4d70-b6ce-c64dcba816c5', 'c20ea7c4-0c68-4952-90c3-2530497a1889', 0),
       ('9ebe29ed-8fba-4d70-b6ce-c64dcba816c5', 'c3eca215-d668-4caa-9928-c6fcfa1c8a23', 0),
       ('9ebe29ed-8fba-4d70-b6ce-c64dcba816c5', 'c7a2bc0d-1299-4e27-b0e9-2b0f314e4504', 0),
       ('9ebe29ed-8fba-4d70-b6ce-c64dcba816c5', 'cc4185a6-1af7-4251-bb6a-1602f234e91c', 0),
       ('9ebe29ed-8fba-4d70-b6ce-c64dcba816c5', 'ef796941-6379-4dd5-a419-ff61312ba40a', 0),
       ('9ebe29ed-8fba-4d70-b6ce-c64dcba816c5', 'f0f6e942-e050-41d2-aae2-df494fe3324c', 0),
       ('9ebe29ed-8fba-4d70-b6ce-c64dcba816c5', 'f3cdbf6f-a2ee-4b17-8862-4db61cb165b9', 0),
       ('9ebe29ed-8fba-4d70-b6ce-c64dcba816c5', 'fa85beb1-e7ef-449f-b159-5559d247392d', 0),
       ('9ebe29ed-8fba-4d70-b6ce-c64dcba816c5', 'fb453f99-2819-46fe-ac83-ea5c2bd9adb3', 0),
       ('d2b7c8e3-3981-4dc5-a7cf-2c80e91cb853', '041bd987-9e66-4ffd-9f96-1078327b3004', 0),
       ('d2b7c8e3-3981-4dc5-a7cf-2c80e91cb853', '1728428c-cc2c-4750-bb07-3be9a8e097ed', 0),
       ('d2b7c8e3-3981-4dc5-a7cf-2c80e91cb853', '2f4b0772-4208-4a74-a3f8-d86b5df0fe4a', 0),
       ('d2b7c8e3-3981-4dc5-a7cf-2c80e91cb853', '325bd358-c118-4fb9-82cf-eb2811c4d431', 0),
       ('d2b7c8e3-3981-4dc5-a7cf-2c80e91cb853', '4290bb36-9912-41d3-89c3-88c1b1191e40', 0),
       ('d2b7c8e3-3981-4dc5-a7cf-2c80e91cb853', '68e2e978-86f2-4b79-acb8-cd437ab3a573', 0),
       ('d2b7c8e3-3981-4dc5-a7cf-2c80e91cb853', '6ae4331c-6fa9-499a-a742-610db8ead4cf', 0),
       ('d2b7c8e3-3981-4dc5-a7cf-2c80e91cb853', '7d9ecbee-e599-4d75-abd2-09b57c5c6dff', 0),
       ('d2b7c8e3-3981-4dc5-a7cf-2c80e91cb853', '7f51fca7-50c3-49c4-9d75-836a50538e01', 0),
       ('d2b7c8e3-3981-4dc5-a7cf-2c80e91cb853', '82681b2e-a0a3-4376-8466-076eae33cf1b', 0),
       ('d2b7c8e3-3981-4dc5-a7cf-2c80e91cb853', '9136b9bf-0734-4a59-b95e-53c9fc65206b', 0),
       ('d2b7c8e3-3981-4dc5-a7cf-2c80e91cb853', 'a1cb6928-4f1a-4f38-a0d6-35d5dffd6b65', 0),
       ('d2b7c8e3-3981-4dc5-a7cf-2c80e91cb853', 'a490de3c-5974-440b-9193-edeb9c030b9d', 0),
       ('d2b7c8e3-3981-4dc5-a7cf-2c80e91cb853', 'a4af9fd3-2789-4a88-8c80-282cfd672a5f', 0),
       ('d2b7c8e3-3981-4dc5-a7cf-2c80e91cb853', 'a4b3f93b-d283-4bbd-b28d-5eed315544c8', 0),
       ('d2b7c8e3-3981-4dc5-a7cf-2c80e91cb853', 'b2419e9f-82dd-4738-ae46-fe3e7b47e44c', 0),
       ('d2b7c8e3-3981-4dc5-a7cf-2c80e91cb853', 'cc4185a6-1af7-4251-bb6a-1602f234e91c', 0),
       ('d2b7c8e3-3981-4dc5-a7cf-2c80e91cb853', 'e75b908b-6f31-471c-a4a7-2e6ed0517b6c', 0),
       ('d2b7c8e3-3981-4dc5-a7cf-2c80e91cb853', 'f0f6e942-e050-41d2-aae2-df494fe3324c', 0),
       ('d2b7c8e3-3981-4dc5-a7cf-2c80e91cb853', 'f9fcaf23-959f-47d0-b9f3-6f1464ca2b1b', 0),
       ('d2b7c8e3-3981-4dc5-a7cf-2c80e91cb853', 'fb453f99-2819-46fe-ac83-ea5c2bd9adb3', 0);
INSERT INTO `material`
VALUES ('a03094db-b817-40d5-8f55-3a1c99955b2b', '32b84114-c95e-4ee6-9d5d-599e1cbc06e9', '2022-10-20 08:30:41', NULL, 0,
        'Daily Quiz', '32b84114-c95e-4ee6-9d5d-599e1cbc06e9', '2022-10-23 16:53:12', 'https://kahoot.it/',
        'a4f7a8b7-6697-4f14-a7bd-230386cf0754'),
       ('a0f00100-d45c-43bb-8a06-72142ef2a3f0', 'ce994ec9-b4a2-4f03-83fe-37b62952c182', '2022-10-22 08:30:41', NULL, 0,
        'Training Schedule.pptx', '68bdc059-51d1-4287-ae7c-6010470d3312', '2022-10-20 08:30:41',
        'https://docs.google.com/presentation/d/1YBmDRsQD3RooV3Z7hV-ewLHfOrVsJ4mw/edit?usp=share_link&ouid=105192065088706620417&rtpof=true&sd=true',
        'ad653929-9ca6-4ee9-9979-230f3d34aff7'),
       ('a273f5d5-b15e-44c8-8d54-444cb31d010f', 'eefef8c4-9e8a-44f9-9bd7-b2654669fee6', '2022-10-20 08:30:41', NULL, 0,
        'Assignment_Day01.zip', '79e79294-2287-40ac-bd74-4c65acb83e0d', '2022-10-20 08:30:41', '',
        'adec4322-35ea-41b3-902b-99385e760b56'),
       ('a3b02f06-fdee-48db-8feb-66886c76ac9d', '32b84114-c95e-4ee6-9d5d-599e1cbc06e9', '2022-10-20 08:30:41', NULL, 0,
        'Daily Quiz', 'dbb52b61-3c56-4512-8508-9a9f74fd9fd2', '2022-10-20 08:30:41', 'https://kahoot.it/',
        'a0f96493-e450-42b9-aa7d-1f4089ca5faf'),
       ('a3e193f2-8d99-425d-9076-d8815924f87d', 'acf8ebd3-1cdc-492f-bede-4db1ead6da87', '2022-10-20 08:30:41', NULL, 0,
        'Lesson4.2_Working with WinForm.pptx', '006737ec-a384-44de-9716-74bd3a6a1158', '2022-10-25 10:12:54',
        'https://docs.google.com/presentation/d/184VChdQ8X-CsbKOz8QTsHbqbs5bRavYg/edit?usp=share_link&ouid=105192065088706620417&rtpof=true&sd=true',
        'acda12ed-44cb-4a1d-95f6-1c46272c89fb'),
       ('a438779b-c651-4cb6-90fb-1b6dea0cce49', '32b84114-c95e-4ee6-9d5d-599e1cbc06e9', '2022-10-20 08:30:41', NULL, 0,
        'Assignment_Day03.zip', 'eefef8c4-9e8a-44f9-9bd7-b2654669fee6', '2022-10-23 16:53:12', '',
        'a7a97c27-e191-46b2-bf51-8196c125d8c9'),
       ('a4698d2a-001e-4d5f-bbff-dfa9385361bf', 'eefef8c4-9e8a-44f9-9bd7-b2654669fee6', '2022-10-20 08:30:41', NULL, 0,
        'Lesson3_Exception Handling & Utility Classes.pptx', '01d817a2-5a50-11ed-9b6a-0242ac120002',
        '2022-10-23 16:53:12',
        'https://docs.google.com/presentation/d/1ouTsgLZ_SWM15zlZrY6C2XiupCsYz30g/edit?usp=share_link&ouid=105192065088706620417&rtpof=true&sd=true',
        'a67a1093-33d9-4e6f-ba98-e321950e6e5e'),
       ('a4db6b74-8266-4e41-9c42-e5b3756bf42e', '006737ec-a384-44de-9716-74bd3a6a1158', '2022-10-20 08:30:41', NULL, 0,
        'Lesson4.1_Working with Database.pptx', 'ce994ec9-b4a2-4f03-83fe-37b62952c182', '2022-10-25 10:12:54',
        'https://docs.google.com/presentation/d/17BmvOp3sn2LNVFFVlheMhbij6KdnFzVV/edit?usp=share_link&ouid=105192065088706620417&rtpof=true&sd=true',
        'a3dba29b-e397-4fb5-b98b-698c7673973c'),
       ('a52b414e-2464-45b1-a9dc-9fa79c96e397', '3022b7f2-84ee-4287-ab53-0dd884d9e47a', '2022-10-20 08:30:41', NULL, 0,
        'Daily Quiz', 'acf8ebd3-1cdc-492f-bede-4db1ead6da87', '2022-10-20 08:30:41', 'https://kahoot.it/',
        'a8866ebc-d0c8-4a96-8614-67c609643596'),
       ('a5e3c473-88e6-4d56-82f9-95dcf52ff301', 'dbb52b61-3c56-4512-8508-9a9f74fd9fd2', '2022-10-20 08:30:41', NULL, 0,
        'Lesson1_OOP in C#.pptx', '9cfe7658-8c3d-4fab-aa07-ce5802914180', '2022-10-20 08:30:41',
        'https://docs.google.com/presentation/d/1WifsA7tAkrVG7f8PggM9RGZMG8TX5zVy/edit?usp=share_link&ouid=105192065088706620417&rtpof=true&sd=true',
        'af5fc4a2-ef9c-47c2-9e95-2313a9231fbf'),
       ('a6c8cac8-5cb5-4a8a-86f5-81a39b021706', '79e79294-2287-40ac-bd74-4c65acb83e0d', '2022-10-20 08:30:41', NULL, 0,
        'Assignment_Day04.zip', 'dbb52b61-3c56-4512-8508-9a9f74fd9fd2', '2022-10-20 08:30:41', '',
        'a0d06395-d774-4c75-836c-cea4abe2a550'),
       ('ada648cf-8ac2-4822-bb58-cfbbf0c70567', 'd4c33086-3516-4512-9511-2c229d9836ce', '2022-10-20 08:30:41', NULL, 0,
        'Lesson2_Advanced C# Features.pptx', '79e79294-2287-40ac-bd74-4c65acb83e0d', '2022-10-25 10:12:54',
        'https://docs.google.com/presentation/d/1zqIISEeoquJ1RR9TZtYHf3r4tdTZ9cTF/edit?usp=share_link&ouid=105192065088706620417&rtpof=true&sd=true',
        'a050bd74-8161-4340-81e2-9e1fd40ed325'),
       ('adfd9280-6f1d-4000-bf5e-f1380f30d980', '68bdc059-51d1-4287-ae7c-6010470d3312', '2022-10-20 08:30:41', NULL, 0,
        'Assignment_Day02.zip', '01d817a2-5a50-11ed-9b6a-0242ac120002', '2022-10-23 16:53:12', '',
        'aca788e1-e8d8-4bf7-8395-7e9ec584c887'),
       ('b03094db-b817-40d5-8f55-3a1c99955b2b', '9cfe7658-8c3d-4fab-aa07-ce5802914180', '2022-10-20 08:30:41', NULL, 0,
        'Daily Quiz', 'ca7b5850-67e3-4db7-bbc3-b94afd38e256', '2022-10-23 16:53:12', 'https://kahoot.it/',
        'b4f7a8b7-6697-4f14-a7bd-230386cf0754'),
       ('b0f00100-d45c-43bb-8a06-72142ef2a3f0', '3022b7f2-84ee-4287-ab53-0dd884d9e47a', '2022-10-22 08:30:41', NULL, 0,
        'Training Schedule.pptx', '9cfe7658-8c3d-4fab-aa07-ce5802914180', '2022-10-20 08:30:41',
        'https://docs.google.com/presentation/d/1YBmDRsQD3RooV3Z7hV-ewLHfOrVsJ4mw/edit?usp=share_link&ouid=105192065088706620417&rtpof=true&sd=true',
        'bd653929-9ca6-4ee9-9979-230f3d34aff7'),
       ('b273f5d5-b15e-44c8-8d54-444cb31d010f', '3022b7f2-84ee-4287-ab53-0dd884d9e47a', '2022-10-20 08:30:41', NULL, 0,
        'Assignment_Day01.zip', 'ca7b5850-67e3-4db7-bbc3-b94afd38e256', '2022-10-20 08:30:41', '',
        'bdec4322-35ea-41b3-902b-99385e760b56'),
       ('b3b02f06-fdee-48db-8feb-66886c76ac9d', 'ce994ec9-b4a2-4f03-83fe-37b62952c182', '2022-10-20 08:30:41', NULL, 0,
        'Daily Quiz', '8df34829-00f5-4760-ae4b-2efc9f1e6157', '2022-10-20 08:30:41', 'https://kahoot.it/',
        'b0f96493-e450-42b9-aa7d-1f4089ca5faf'),
       ('b3e193f2-8d99-425d-9076-d8815924f87d', 'ca7b5850-67e3-4db7-bbc3-b94afd38e256', '2022-10-20 08:30:41', NULL, 0,
        'Lesson4.2_Working with Mobile.pptx', '32b84114-c95e-4ee6-9d5d-599e1cbc06e9', '2022-10-25 10:12:54',
        'https://docs.google.com/presentation/d/184VChdQ8X-CsbKOz8QTsHbqbs5bRavYg/edit?usp=share_link&ouid=105192065088706620417&rtpof=true&sd=true',
        'bcda12ed-44cb-4a1d-95f6-1c46272c89fb'),
       ('b438779b-c651-4cb6-90fb-1b6dea0cce49', 'ce994ec9-b4a2-4f03-83fe-37b62952c182', '2022-10-20 08:30:41', NULL, 0,
        'Assignment_Day03.zip', '3022b7f2-84ee-4287-ab53-0dd884d9e47a', '2022-10-23 16:53:12', '',
        'b7a97c27-e191-46b2-bf51-8196c125d8c9'),
       ('b4698d2a-001e-4d5f-bbff-dfa9385361bf', 'd4c33086-3516-4512-9511-2c229d9836ce', '2022-10-20 08:30:41', NULL, 0,
        'Lesson3_Exception Handling & Utility Classes.pptx', '6ff5e1c0-5516-4695-91a0-02fc6c055beb',
        '2022-10-23 16:53:12',
        'https://docs.google.com/presentation/d/1ouTsgLZ_SWM15zlZrY6C2XiupCsYz30g/edit?usp=share_link&ouid=105192065088706620417&rtpof=true&sd=true',
        'b67a1093-33d9-4e6f-ba98-e321950e6e5e'),
       ('b4db6b74-8266-4e41-9c42-e5b3756bf42e', 'eefef8c4-9e8a-44f9-9bd7-b2654669fee6', '2022-10-20 08:30:41', NULL, 0,
        'Lesson4.1_Working with Database.pptx', '3022b7f2-84ee-4287-ab53-0dd884d9e47a', '2022-10-25 10:12:54',
        'https://docs.google.com/presentation/d/17BmvOp3sn2LNVFFVlheMhbij6KdnFzVV/edit?usp=share_link&ouid=105192065088706620417&rtpof=true&sd=true',
        'b3dba29b-e397-4fb5-b98b-698c7673973c'),
       ('b52b414e-2464-45b1-a9dc-9fa79c96e397', '9cfe7658-8c3d-4fab-aa07-ce5802914180', '2022-10-20 08:30:41', NULL, 0,
        'Daily Quiz', '006737ec-a384-44de-9716-74bd3a6a1158', '2022-10-20 08:30:41', 'https://kahoot.it/',
        'b8866ebc-d0c8-4a96-8614-67c609643596'),
       ('b5e3c473-88e6-4d56-82f9-95dcf52ff301', '6ff5e1c0-5516-4695-91a0-02fc6c055beb', '2022-10-20 08:30:41', NULL, 0,
        'Lesson1_OOP in Java.pptx', 'dbb52b61-3c56-4512-8508-9a9f74fd9fd2', '2022-10-20 08:30:41',
        'https://docs.google.com/presentation/d/1WifsA7tAkrVG7f8PggM9RGZMG8TX5zVy/edit?usp=share_link&ouid=105192065088706620417&rtpof=true&sd=true',
        'bf5fc4a2-ef9c-47c2-9e95-2313a9231fbf'),
       ('b6c8cac8-5cb5-4a8a-86f5-81a39b021706', 'ce994ec9-b4a2-4f03-83fe-37b62952c182', '2022-10-20 08:30:41', NULL, 0,
        'Assignment_Day04.zip', '68bdc059-51d1-4287-ae7c-6010470d3312', '2022-10-20 08:30:41', '',
        'b0d06395-d774-4c75-836c-cea4abe2a550'),
       ('bda648cf-8ac2-4822-bb58-cfbbf0c70567', '32b84114-c95e-4ee6-9d5d-599e1cbc06e9', '2022-10-20 08:30:41', NULL, 0,
        'Lesson2_Advanced Java Features.pptx', 'd4c33086-3516-4512-9511-2c229d9836ce', '2022-10-25 10:12:54',
        'https://docs.google.com/presentation/d/1zqIISEeoquJ1RR9TZtYHf3r4tdTZ9cTF/edit?usp=share_link&ouid=105192065088706620417&rtpof=true&sd=true',
        'b050bd74-8161-4340-81e2-9e1fd40ed325'),
       ('bdfd9280-6f1d-4000-bf5e-f1380f30d980', '9cfe7658-8c3d-4fab-aa07-ce5802914180', '2022-10-20 08:30:41', NULL, 0,
        'Assignment_Day02.zip', '006737ec-a384-44de-9716-74bd3a6a1158', '2022-10-23 16:53:12', '',
        'bca788e1-e8d8-4bf7-8395-7e9ec584c887'),
       ('c03094db-b817-40d5-8f55-3a1c99955b2b', 'acf8ebd3-1cdc-492f-bede-4db1ead6da87', '2022-10-20 08:30:41', NULL, 0,
        'Daily Quiz', 'dbb52b61-3c56-4512-8508-9a9f74fd9fd2', '2022-10-23 16:53:12', 'https://kahoot.it/',
        'c4f7a8b7-6697-4f14-a7bd-230386cf0754'),
       ('c0f00100-d45c-43bb-8a06-72142ef2a3f0', 'd4c33086-3516-4512-9511-2c229d9836ce', '2022-10-22 08:30:41', NULL, 0,
        'Training Schedule.pptx', '79e79294-2287-40ac-bd74-4c65acb83e0d', '2022-10-20 08:30:41',
        'https://docs.google.com/presentation/d/1YBmDRsQD3RooV3Z7hV-ewLHfOrVsJ4mw/edit?usp=share_link&ouid=105192065088706620417&rtpof=true&sd=true',
        'cd653929-9ca6-4ee9-9979-230f3d34aff7'),
       ('c273f5d5-b15e-44c8-8d54-444cb31d010f', 'acf8ebd3-1cdc-492f-bede-4db1ead6da87', '2022-10-20 08:30:41', NULL, 0,
        'Assignment_Day01.zip', '01d817a2-5a50-11ed-9b6a-0242ac120002', '2022-10-20 08:30:41', '',
        'cdec4322-35ea-41b3-902b-99385e760b56'),
       ('c3b02f06-fdee-48db-8feb-66886c76ac9d', 'acf8ebd3-1cdc-492f-bede-4db1ead6da87', '2022-10-20 08:30:41', NULL, 0,
        'Daily Quiz', '9cfe7658-8c3d-4fab-aa07-ce5802914180', '2022-10-20 08:30:41', 'https://kahoot.it/',
        'c0f96493-e450-42b9-aa7d-1f4089ca5faf'),
       ('c3e193f2-8d99-425d-9076-d8815924f87d', 'dbb52b61-3c56-4512-8508-9a9f74fd9fd2', '2022-10-20 08:30:41', NULL, 0,
        'Lesson4.2_Working with AI.pptx', 'dbb52b61-3c56-4512-8508-9a9f74fd9fd2', '2022-10-25 10:12:54',
        'https://docs.google.com/presentation/d/184VChdQ8X-CsbKOz8QTsHbqbs5bRavYg/edit?usp=share_link&ouid=105192065088706620417&rtpof=true&sd=true',
        'ccda12ed-44cb-4a1d-95f6-1c46272c89fb'),
       ('c438779b-c651-4cb6-90fb-1b6dea0cce49', '3022b7f2-84ee-4287-ab53-0dd884d9e47a', '2022-10-20 08:30:41', NULL, 0,
        'Assignment_Day03.zip', '79e79294-2287-40ac-bd74-4c65acb83e0d', '2022-10-23 16:53:12', '',
        'c7a97c27-e191-46b2-bf51-8196c125d8c9'),
       ('c4698d2a-001e-4d5f-bbff-dfa9385361bf', 'dbb52b61-3c56-4512-8508-9a9f74fd9fd2', '2022-10-20 08:30:41', NULL, 0,
        'Lesson3_Exception Handling & Utility Classes.pptx', '006737ec-a384-44de-9716-74bd3a6a1158',
        '2022-10-23 16:53:12',
        'https://docs.google.com/presentation/d/1ouTsgLZ_SWM15zlZrY6C2XiupCsYz30g/edit?usp=share_link&ouid=105192065088706620417&rtpof=true&sd=true',
        'c67a1093-33d9-4e6f-ba98-e321950e6e5e'),
       ('c4db6b74-8266-4e41-9c42-e5b3756bf42e', 'ca7b5850-67e3-4db7-bbc3-b94afd38e256', '2022-10-20 08:30:41', NULL, 0,
        'Lesson4.1_Working with Database.pptx', '01d817a2-5a50-11ed-9b6a-0242ac120002', '2022-10-25 10:12:54',
        'https://docs.google.com/presentation/d/17BmvOp3sn2LNVFFVlheMhbij6KdnFzVV/edit?usp=share_link&ouid=105192065088706620417&rtpof=true&sd=true',
        'c3dba29b-e397-4fb5-b98b-698c7673973c'),
       ('c52b414e-2464-45b1-a9dc-9fa79c96e397', 'd4c33086-3516-4512-9511-2c229d9836ce', '2022-10-20 08:30:41', NULL, 0,
        'Daily Quiz', 'eefef8c4-9e8a-44f9-9bd7-b2654669fee6', '2022-10-20 08:30:41', 'https://kahoot.it/',
        'c8866ebc-d0c8-4a96-8614-67c609643596'),
       ('c5e3c473-88e6-4d56-82f9-95dcf52ff301', '68bdc059-51d1-4287-ae7c-6010470d3312', '2022-10-20 08:30:41', NULL, 0,
        'Lesson1_OOP in Python.pptx', 'acf8ebd3-1cdc-492f-bede-4db1ead6da87', '2022-10-20 08:30:41',
        'https://docs.google.com/presentation/d/1WifsA7tAkrVG7f8PggM9RGZMG8TX5zVy/edit?usp=share_link&ouid=105192065088706620417&rtpof=true&sd=true',
        'cf5fc4a2-ef9c-47c2-9e95-2313a9231fbf'),
       ('c6c8cac8-5cb5-4a8a-86f5-81a39b021706', '32b84114-c95e-4ee6-9d5d-599e1cbc06e9', '2022-10-20 08:30:41', NULL, 0,
        'Assignment_Day04.zip', 'dbb52b61-3c56-4512-8508-9a9f74fd9fd2', '2022-10-20 08:30:41', '',
        'c0d06395-d774-4c75-836c-cea4abe2a550'),
       ('cda648cf-8ac2-4822-bb58-cfbbf0c70567', '8df34829-00f5-4760-ae4b-2efc9f1e6157', '2022-10-20 08:30:41', NULL, 0,
        'Lesson2_Advanced Python Features.pptx', '79e79294-2287-40ac-bd74-4c65acb83e0d', '2022-10-25 10:12:54',
        'https://docs.google.com/presentation/d/1zqIISEeoquJ1RR9TZtYHf3r4tdTZ9cTF/edit?usp=share_link&ouid=105192065088706620417&rtpof=true&sd=true',
        'c050bd74-8161-4340-81e2-9e1fd40ed325'),
       ('cdfd9280-6f1d-4000-bf5e-f1380f30d980', '6ff5e1c0-5516-4695-91a0-02fc6c055beb', '2022-10-20 08:30:41', NULL, 0,
        'Assignment_Day02.zip', 'eefef8c4-9e8a-44f9-9bd7-b2654669fee6', '2022-10-23 16:53:12', '',
        'cca788e1-e8d8-4bf7-8395-7e9ec584c887'),
       ('d03094db-b817-40d5-8f55-3a1c99955b2b', 'ca7b5850-67e3-4db7-bbc3-b94afd38e256', '2022-10-20 08:30:41', NULL, 0,
        'Daily Quiz', '6ff5e1c0-5516-4695-91a0-02fc6c055beb', '2022-10-23 16:53:12', 'https://kahoot.it/',
        'd4f7a8b7-6697-4f14-a7bd-230386cf0754'),
       ('d0f00100-d45c-43bb-8a06-72142ef2a3f0', '6ff5e1c0-5516-4695-91a0-02fc6c055beb', '2022-10-22 08:30:41', NULL, 0,
        'Training Schedule.pptx', '68bdc059-51d1-4287-ae7c-6010470d3312', '2022-10-20 08:30:41',
        'https://docs.google.com/presentation/d/1YBmDRsQD3RooV3Z7hV-ewLHfOrVsJ4mw/edit?usp=share_link&ouid=105192065088706620417&rtpof=true&sd=true',
        'dd653929-9ca6-4ee9-9979-230f3d34aff7'),
       ('d273f5d5-b15e-44c8-8d54-444cb31d010f', '9cfe7658-8c3d-4fab-aa07-ce5802914180', '2022-10-20 08:30:41', NULL, 0,
        'Assignment_Day01.zip', '01d817a2-5a50-11ed-9b6a-0242ac120002', '2022-10-20 08:30:41', '',
        'ddec4322-35ea-41b3-902b-99385e760b56'),
       ('d3b02f06-fdee-48db-8feb-66886c76ac9d', '32b84114-c95e-4ee6-9d5d-599e1cbc06e9', '2022-10-20 08:30:41', NULL, 0,
        'Daily Quiz', '79e79294-2287-40ac-bd74-4c65acb83e0d', '2022-10-20 08:30:41', 'https://kahoot.it/',
        'd0f96493-e450-42b9-aa7d-1f4089ca5faf'),
       ('d3e193f2-8d99-425d-9076-d8815924f87d', 'ca7b5850-67e3-4db7-bbc3-b94afd38e256', '2022-10-20 08:30:41', NULL, 0,
        'Lesson4.2_Working with Mobile.pptx', 'd4c33086-3516-4512-9511-2c229d9836ce', '2022-10-25 10:12:54',
        'https://docs.google.com/presentation/d/184VChdQ8X-CsbKOz8QTsHbqbs5bRavYg/edit?usp=share_link&ouid=105192065088706620417&rtpof=true&sd=true',
        'dcda12ed-44cb-4a1d-95f6-1c46272c89fb'),
       ('d438779b-c651-4cb6-90fb-1b6dea0cce49', '32b84114-c95e-4ee6-9d5d-599e1cbc06e9', '2022-10-20 08:30:41', NULL, 0,
        'Assignment_Day03.zip', '01d817a2-5a50-11ed-9b6a-0242ac120002', '2022-10-23 16:53:12', '',
        'd7a97c27-e191-46b2-bf51-8196c125d8c9'),
       ('d4698d2a-001e-4d5f-bbff-dfa9385361bf', 'acf8ebd3-1cdc-492f-bede-4db1ead6da87', '2022-10-20 08:30:41', NULL, 0,
        'Lesson3_Exception Handling & Utility Classes.pptx', '8df34829-00f5-4760-ae4b-2efc9f1e6157',
        '2022-10-23 16:53:12',
        'https://docs.google.com/presentation/d/1ouTsgLZ_SWM15zlZrY6C2XiupCsYz30g/edit?usp=share_link&ouid=105192065088706620417&rtpof=true&sd=true',
        'd67a1093-33d9-4e6f-ba98-e321950e6e5e'),
       ('d4db6b74-8266-4e41-9c42-e5b3756bf42e', 'acf8ebd3-1cdc-492f-bede-4db1ead6da87', '2022-10-20 08:30:41', NULL, 0,
        'Lesson4.1_Working with Database.pptx', '9cfe7658-8c3d-4fab-aa07-ce5802914180', '2022-10-25 10:12:54',
        'https://docs.google.com/presentation/d/17BmvOp3sn2LNVFFVlheMhbij6KdnFzVV/edit?usp=share_link&ouid=105192065088706620417&rtpof=true&sd=true',
        'd3dba29b-e397-4fb5-b98b-698c7673973c'),
       ('d52b414e-2464-45b1-a9dc-9fa79c96e397', '01d817a2-5a50-11ed-9b6a-0242ac120002', '2022-10-20 08:30:41', NULL, 0,
        'Daily Quiz', '006737ec-a384-44de-9716-74bd3a6a1158', '2022-10-20 08:30:41', 'https://kahoot.it/',
        'd8866ebc-d0c8-4a96-8614-67c609643596'),
       ('d5e3c473-88e6-4d56-82f9-95dcf52ff301', 'd4c33086-3516-4512-9511-2c229d9836ce', '2022-10-20 08:30:41', NULL, 0,
        'Lesson1_OOP in NodeJS.pptx', '01d817a2-5a50-11ed-9b6a-0242ac120002', '2022-10-20 08:30:41',
        'https://docs.google.com/presentation/d/1WifsA7tAkrVG7f8PggM9RGZMG8TX5zVy/edit?usp=share_link&ouid=105192065088706620417&rtpof=true&sd=true',
        'df5fc4a2-ef9c-47c2-9e95-2313a9231fbf'),
       ('d6c8cac8-5cb5-4a8a-86f5-81a39b021706', '68bdc059-51d1-4287-ae7c-6010470d3312', '2022-10-20 08:30:41', NULL, 0,
        'Assignment_Day04.zip', '68bdc059-51d1-4287-ae7c-6010470d3312', '2022-10-20 08:30:41', '',
        'd0d06395-d774-4c75-836c-cea4abe2a550'),
       ('dda648cf-8ac2-4822-bb58-cfbbf0c70567', '9cfe7658-8c3d-4fab-aa07-ce5802914180', '2022-10-20 08:30:41', NULL, 0,
        'Lesson2_Advanced NodeJS Features.pptx', 'dbb52b61-3c56-4512-8508-9a9f74fd9fd2', '2022-10-25 10:12:54',
        'https://docs.google.com/presentation/d/1zqIISEeoquJ1RR9TZtYHf3r4tdTZ9cTF/edit?usp=share_link&ouid=105192065088706620417&rtpof=true&sd=true',
        'd050bd74-8161-4340-81e2-9e1fd40ed325'),
       ('ddfd9280-6f1d-4000-bf5e-f1380f30d980', '01d817a2-5a50-11ed-9b6a-0242ac120002', '2022-10-20 08:30:41', NULL, 0,
        'Assignment_Day02.zip', 'ce994ec9-b4a2-4f03-83fe-37b62952c182', '2022-10-23 16:53:12', '',
        'dca788e1-e8d8-4bf7-8395-7e9ec584c887'),
       ('e03094db-b817-40d5-8f55-3a1c99955b2b', '9cfe7658-8c3d-4fab-aa07-ce5802914180', '2022-10-20 08:30:41', NULL, 0,
        'Daily Quiz', '3022b7f2-84ee-4287-ab53-0dd884d9e47a', '2022-10-23 16:53:12', 'https://kahoot.it/',
        'e4f7a8b7-6697-4f14-a7bd-230386cf0754'),
       ('e0f00100-d45c-43bb-8a06-72142ef2a3f0', '6ff5e1c0-5516-4695-91a0-02fc6c055beb', '2022-10-22 08:30:41', NULL, 0,
        'Training Schedule.pptx', '006737ec-a384-44de-9716-74bd3a6a1158', '2022-10-20 08:30:41',
        'https://docs.google.com/presentation/d/1YBmDRsQD3RooV3Z7hV-ewLHfOrVsJ4mw/edit?usp=share_link&ouid=105192065088706620417&rtpof=true&sd=true',
        'ed653929-9ca6-4ee9-9979-230f3d34aff7'),
       ('e273f5d5-b15e-44c8-8d54-444cb31d010f', '68bdc059-51d1-4287-ae7c-6010470d3312', '2022-10-20 08:30:41', NULL, 0,
        'Assignment_Day01.zip', '3022b7f2-84ee-4287-ab53-0dd884d9e47a', '2022-10-20 08:30:41', '',
        'edec4322-35ea-41b3-902b-99385e760b56'),
       ('e3b02f06-fdee-48db-8feb-66886c76ac9d', 'dbb52b61-3c56-4512-8508-9a9f74fd9fd2', '2022-10-20 08:30:41', NULL, 0,
        'Daily Quiz', '6ff5e1c0-5516-4695-91a0-02fc6c055beb', '2022-10-20 08:30:41', 'https://kahoot.it/',
        'e0f96493-e450-42b9-aa7d-1f4089ca5faf'),
       ('e3e193f2-8d99-425d-9076-d8815924f87d', 'dbb52b61-3c56-4512-8508-9a9f74fd9fd2', '2022-10-20 08:30:41', NULL, 0,
        'Lesson4.2_Working with Mobile.pptx', 'eefef8c4-9e8a-44f9-9bd7-b2654669fee6', '2022-10-25 10:12:54',
        'https://docs.google.com/presentation/d/184VChdQ8X-CsbKOz8QTsHbqbs5bRavYg/edit?usp=share_link&ouid=105192065088706620417&rtpof=true&sd=true',
        'ecda12ed-44cb-4a1d-95f6-1c46272c89fb'),
       ('e438779b-c651-4cb6-90fb-1b6dea0cce49', '32b84114-c95e-4ee6-9d5d-599e1cbc06e9', '2022-10-20 08:30:41', NULL, 0,
        'Assignment_Day03.zip', '68bdc059-51d1-4287-ae7c-6010470d3312', '2022-10-23 16:53:12', '',
        'e7a97c27-e191-46b2-bf51-8196c125d8c9'),
       ('e4698d2a-001e-4d5f-bbff-dfa9385361bf', '006737ec-a384-44de-9716-74bd3a6a1158', '2022-10-20 08:30:41', NULL, 0,
        'Lesson3_Exception Handling & Utility Classes.pptx', 'ce994ec9-b4a2-4f03-83fe-37b62952c182',
        '2022-10-23 16:53:12',
        'https://docs.google.com/presentation/d/1ouTsgLZ_SWM15zlZrY6C2XiupCsYz30g/edit?usp=share_link&ouid=105192065088706620417&rtpof=true&sd=true',
        'e67a1093-33d9-4e6f-ba98-e321950e6e5e'),
       ('e4db6b74-8266-4e41-9c42-e5b3756bf42e', '79e79294-2287-40ac-bd74-4c65acb83e0d', '2022-10-20 08:30:41', NULL, 0,
        'Lesson4.1_Working with Database.pptx', '8df34829-00f5-4760-ae4b-2efc9f1e6157', '2022-10-25 10:12:54',
        'https://docs.google.com/presentation/d/17BmvOp3sn2LNVFFVlheMhbij6KdnFzVV/edit?usp=share_link&ouid=105192065088706620417&rtpof=true&sd=true',
        'e3dba29b-e397-4fb5-b98b-698c7673973c'),
       ('e52b414e-2464-45b1-a9dc-9fa79c96e397', '9cfe7658-8c3d-4fab-aa07-ce5802914180', '2022-10-20 08:30:41', NULL, 0,
        'Daily Quiz', 'ca7b5850-67e3-4db7-bbc3-b94afd38e256', '2022-10-20 08:30:41', 'https://kahoot.it/',
        'e8866ebc-d0c8-4a96-8614-67c609643596'),
       ('e5e3c473-88e6-4d56-82f9-95dcf52ff301', 'dbb52b61-3c56-4512-8508-9a9f74fd9fd2', '2022-10-20 08:30:41', NULL, 0,
        'Lesson1_OOP in Javascript.pptx', '9cfe7658-8c3d-4fab-aa07-ce5802914180', '2022-10-20 08:30:41',
        'https://docs.google.com/presentation/d/1WifsA7tAkrVG7f8PggM9RGZMG8TX5zVy/edit?usp=share_link&ouid=105192065088706620417&rtpof=true&sd=true',
        'ef5fc4a2-ef9c-47c2-9e95-2313a9231fbf'),
       ('e6c8cac8-5cb5-4a8a-86f5-81a39b021706', 'd4c33086-3516-4512-9511-2c229d9836ce', '2022-10-20 08:30:41', NULL, 0,
        'Assignment_Day04.zip', '6ff5e1c0-5516-4695-91a0-02fc6c055beb', '2022-10-20 08:30:41', '',
        'e0d06395-d774-4c75-836c-cea4abe2a550'),
       ('eda648cf-8ac2-4822-bb58-cfbbf0c70567', '32b84114-c95e-4ee6-9d5d-599e1cbc06e9', '2022-10-20 08:30:41', NULL, 0,
        'Lesson2_Advanced Javascript Features.pptx', 'd4c33086-3516-4512-9511-2c229d9836ce', '2022-10-25 10:12:54',
        'https://docs.google.com/presentation/d/1zqIISEeoquJ1RR9TZtYHf3r4tdTZ9cTF/edit?usp=share_link&ouid=105192065088706620417&rtpof=true&sd=true',
        'e050bd74-8161-4340-81e2-9e1fd40ed325'),
       ('edfd9280-6f1d-4000-bf5e-f1380f30d980', 'dbb52b61-3c56-4512-8508-9a9f74fd9fd2', '2022-10-20 08:30:41', NULL, 0,
        'Assignment_Day02.zip', '9cfe7658-8c3d-4fab-aa07-ce5802914180', '2022-10-23 16:53:12', '',
        'eca788e1-e8d8-4bf7-8395-7e9ec584c887');

INSERT INTO `assessment_scheme`
VALUES ('a00036a4-f6d2-4b9c-a93a-157bb226e1e6', 0.15, 0, 0.7, 0.6, 0.4, 0.7, 0.15,
        '239be19f-72ee-4def-950c-cfb7ff306066')
     , ('b00036a4-f6d2-4b9c-a93a-157bb226e1e6', 0.15, 0, 0.7, 0.6, 0.4, 0.7, 0.15,
        '5d2a9b26-29d0-447d-991f-308a0fa15dd6')
     , ('c00036a4-f6d2-4b9c-a93a-157bb226e1e6', 0.15, 0, 0.7, 0.6, 0.4, 0.7, 0.15,
        '954e8ca1-68e6-4c3b-b297-cca5818e433b')
     , ('d00036a4-f6d2-4b9c-a93a-157bb226e1e6', 0.15, 0, 0.7, 0.6, 0.4, 0.7, 0.15,
        '9ebe29ed-8fba-4d70-b6ce-c64dcba816c5')
     , ('e00036a4-f6d2-4b9c-a93a-157bb226e1e6', 0.15, 0, 0.7, 0.6, 0.4, 0.7, 0.15,
        'd2b7c8e3-3981-4dc5-a7cf-2c80e91cb853');