
-- insert class_location
insert into class_location(id, name) values(uuid(),'HCM');
insert into class_location(id, name) values(uuid(),'HN');
insert into class_location(id, name) values(uuid(),'DN');

-- insert attendee_level
insert into attendee_level(id, name) values(uuid(), 'FRF');
insert into attendee_level(id, name) values(uuid(), 'FR');
insert into attendee_level(id, name) values(uuid(), 'CPL');
insert into attendee_level(id, name) values(uuid(), 'PFR');
insert into attendee_level(id, name) values(uuid(), 'CPLU');

-- insert format_type
insert into format_type(id, name) values(uuid(), 'Offline');
insert into format_type(id, name) values(uuid(), 'Online');
insert into format_type(id, name) values(uuid(), 'OJT');
insert into format_type(id, name) values(uuid(), 'Virtual Training');
insert into format_type(id, name) values(uuid(), 'Blended');

-- insert technical_group
insert into technical_group(id, name) values(uuid(), 'Java');
insert into technical_group(id, name) values(uuid(), '.NET');
insert into technical_group(id, name) values(uuid(), 'FE');
insert into technical_group(id, name) values(uuid(), 'Android');
insert into technical_group(id, name) values(uuid(), 'Angular');
insert into technical_group(id, name) values(uuid(), 'React');
insert into technical_group(id, name) values(uuid(), 'Embedded');
insert into technical_group(id, name) values(uuid(), 'Out System');
insert into technical_group(id, name) values(uuid(), 'Sharepoint');
insert into technical_group(id, name) values(uuid(), 'IOS');


-- insert program_content
insert into program_content(id, name) values(uuid(), 'JAVA');
insert into program_content(id, name) values(uuid(), 'NET');
insert into program_content(id, name) values(uuid(), 'FE');
insert into program_content(id, name) values(uuid(), 'Android');
insert into program_content(id, name) values(uuid(), 'Angular');
insert into program_content(id, name) values(uuid(), 'REACT');
insert into program_content(id, name) values(uuid(), 'PRN');
insert into program_content(id, name) values(uuid(), 'EMB');
insert into program_content(id, name) values(uuid(), 'OST');
insert into program_content(id, name) values(uuid(), 'SP');


-- insert class_status
insert into class_status(id, name) values(uuid(), 'Planning');
insert into class_status(id, name) values(uuid(), 'Closed');
insert into class_status(id, name) values(uuid(), 'Opening');
insert into class_status(id, name) values(uuid(), 'Ended');


insert into fsu(id, name) values(uuid(), 'FU');
insert into fsu(id, name) values(uuid(), 'FHM');
insert into fsu(id, name) values(uuid(), 'GAM');



INSERT INTO `authority`
VALUES ('1bfd2c0c-5042-11ed-bdc3-0242ac120002', 'NO_ACCESS', 'SYLLABUS')
     , ('2815056e-5042-11ed-bdc3-0242ac120002', 'NO_ACCESS', 'LEARNING_MATERIAL')
     , ('2a9b6440-5042-11ed-bdc3-0242ac120002', 'NO_ACCESS', 'CLASS')
     , ('30051fac-5042-11ed-bdc3-0242ac120002', 'NO_ACCESS', 'USER')
     , ('4f0b4f08-4dee-11ed-bdc3-0242ac120002', 'FULL_ACCESS', 'SYLLABUS')
     , ('59c30ff8-4dee-11ed-bdc3-0242ac120002', 'MODIFY', 'SYLLABUS')
     , ('61c642c4-4dee-11ed-bdc3-0242ac120002', 'CREATE', 'SYLLABUS')
     , ('67f0f02c-4dee-11ed-bdc3-0242ac120002', 'VIEW', 'SYLLABUS')
     , ('6d81e5e6-4dee-11ed-bdc3-0242ac120002', 'FULL_ACCESS', 'TRAINING_PROGRAM')
     , ('72213048-4dee-11ed-bdc3-0242ac120002', 'MODIFY', 'TRAINING_PROGRAM')
     , ('7948057c-4dee-11ed-bdc3-0242ac120002', 'CREATE', 'TRAINING_PROGRAM')
     , ('7e6b83e8-5042-11ed-bdc3-0242ac120002', 'NO_ACCESS', 'TRAINING_PROGRAM')
     , ('7e7076a6-4dee-11ed-bdc3-0242ac120002', 'VIEW', 'TRAINING_PROGRAM')
     , ('82feadd2-4dee-11ed-bdc3-0242ac120002', 'FULL_ACCESS', 'LEARNING_MATERIAL')
     , ('8948ed60-4dee-11ed-bdc3-0242ac120002', 'MODIFY', 'LEARNING_MATERIAL')
     , ('9aba981e-4dee-11ed-bdc3-0242ac120002', 'CREATE', 'LEARNING_MATERIAL')
     , ('a055e742-4dee-11ed-bdc3-0242ac120002', 'VIEW', 'LEARNING_MATERIAL')
     , ('a447f106-4dee-11ed-bdc3-0242ac120002', 'FULL_ACCESS', 'CLASS')
     , ('a7ed6d72-4dee-11ed-bdc3-0242ac120002', 'MODIFY', 'CLASS')
     , ('abd89c5e-4dee-11ed-bdc3-0242ac120002', 'CREATE', 'CLASS')
     , ('b04d483e-4dee-11ed-bdc3-0242ac120002', 'VIEW', 'CLASS')
     , ('b3ebfa26-4dee-11ed-bdc3-0242ac120002', 'FULL_ACCESS', 'USER')
     , ('b75c7bd6-4dee-11ed-bdc3-0242ac120002', 'MODIFY', 'USER')
     , ('ba8758a8-4dee-11ed-bdc3-0242ac120002', 'CREATE', 'USER')
     , ('bf6cbb74-4dee-11ed-bdc3-0242ac120002', 'VIEW', 'USER');

INSERT INTO `role`
VALUES ('4436720a-4def-11ed-bdc3-0242ac120002', 'SUPER_ADMIN')
     , ('9821f52e-4def-11ed-bdc3-0242ac120002', 'TRAINER')
     , ('9f64df36-4def-11ed-bdc3-0242ac120002', 'CLASS_ADMIN')
     , ('b424387c-4def-11ed-bdc3-0242ac120002', 'STUDENT');

INSERT INTO `role_authority`
VALUES ('b424387c-4def-11ed-bdc3-0242ac120002','30051fac-5042-11ed-bdc3-0242ac120002')
     ,('4436720a-4def-11ed-bdc3-0242ac120002','4f0b4f08-4dee-11ed-bdc3-0242ac120002')
     ,('9821f52e-4def-11ed-bdc3-0242ac120002','59c30ff8-4dee-11ed-bdc3-0242ac120002')
     ,('9f64df36-4def-11ed-bdc3-0242ac120002','61c642c4-4dee-11ed-bdc3-0242ac120002')
     ,('b424387c-4def-11ed-bdc3-0242ac120002','67f0f02c-4dee-11ed-bdc3-0242ac120002')
     ,('4436720a-4def-11ed-bdc3-0242ac120002','6d81e5e6-4dee-11ed-bdc3-0242ac120002')
     ,('9821f52e-4def-11ed-bdc3-0242ac120002','72213048-4dee-11ed-bdc3-0242ac120002')
     ,('9f64df36-4def-11ed-bdc3-0242ac120002','7948057c-4dee-11ed-bdc3-0242ac120002')
     ,('b424387c-4def-11ed-bdc3-0242ac120002','7e7076a6-4dee-11ed-bdc3-0242ac120002')
     ,('4436720a-4def-11ed-bdc3-0242ac120002','82feadd2-4dee-11ed-bdc3-0242ac120002')
     ,('9821f52e-4def-11ed-bdc3-0242ac120002','8948ed60-4dee-11ed-bdc3-0242ac120002')
     ,('9f64df36-4def-11ed-bdc3-0242ac120002','9aba981e-4dee-11ed-bdc3-0242ac120002')
     ,('b424387c-4def-11ed-bdc3-0242ac120002','a055e742-4dee-11ed-bdc3-0242ac120002')
     ,('4436720a-4def-11ed-bdc3-0242ac120002','a447f106-4dee-11ed-bdc3-0242ac120002')
     ,('9821f52e-4def-11ed-bdc3-0242ac120002','a7ed6d72-4dee-11ed-bdc3-0242ac120002')
     ,('9f64df36-4def-11ed-bdc3-0242ac120002','abd89c5e-4dee-11ed-bdc3-0242ac120002')
     ,('b424387c-4def-11ed-bdc3-0242ac120002','b04d483e-4dee-11ed-bdc3-0242ac120002')
     ,('4436720a-4def-11ed-bdc3-0242ac120002','b3ebfa26-4dee-11ed-bdc3-0242ac120002')
     ,('9f64df36-4def-11ed-bdc3-0242ac120002','ba8758a8-4dee-11ed-bdc3-0242ac120002')
     ,('9821f52e-4def-11ed-bdc3-0242ac120002','bf6cbb74-4dee-11ed-bdc3-0242ac120002');


INSERT INTO `user` VALUES ('01d817a2-5a50-11ed-9b6a-0242ac120002','https://firebasestorage.googleapis.com/v0/b/testproject-369415.appspot.com/o/anh-sieu-nhan-gao-chibi-cute-06.jpg?alt=media&token=e0feec38-8c7c-490a-9874-adde10b47eb8','1995-06-19 00:00:00','2022-10-18 00:00:00','tminhquan999@gmail.com','2020-10-18 00:00:00','Trần Minh Quân',0,NULL,'$2a$10$dOselD7bdX7FDxBKtVpYgendhmz4gdklLoEyj.gQxkCZnYSH0rlQO',1,NULL,NULL,'9821f52e-4def-11ed-bdc3-0242ac120002')
                        ,('162bc42a-b163-47e1-884f-c5276db0d1f8','https://firebasestorage.googleapis.com/v0/b/testproject-369415.appspot.com/o/anh-sieu-nhan-gao-chibi-cute-07.jpg?alt=media&token=8d24a8d1-0809-49a8-bc06-3d1868a40378','1996-02-23 00:00:00','2022-11-29 01:56:14','9loregodset@gmail.com',NULL,'An Tri Quang',0,NULL,'$2a$10$5MOQGx/T0OliSXM6yM77w.sKn6IWW5e7sX3cW.bP0ESQSnTMXZZ9.',5,NULL,NULL,'9f64df36-4def-11ed-bdc3-0242ac120002')
                        ,('20956846-adc8-4e22-a605-c3744bbe3b49','https://firebasestorage.googleapis.com/v0/b/testproject-369415.appspot.com/o/anh-meme-cheems-adu-631x600.jpg?alt=media&token=b854113f-01b7-4a2c-aaa1-1b17a19433aa','1992-01-18 00:00:00','2022-11-25 00:00:00','conmeo@gmail.com',NULL,'Con Meo',1,NULL,'$2a$10$zmQU/zXuddN3l.0pYpkYFuf4oSDBgSxe7X6gDBL5s8li1WnYTGh5K',5,NULL,NULL,'9f64df36-4def-11ed-bdc3-0242ac120002')
                        ,('213ca0d1-fe1c-4c3b-8696-f9361da19dbd','https://firebasestorage.googleapis.com/v0/b/testproject-369415.appspot.com/o/anh-meme-cheems-cham-thuoc-la-800x534.jpg?alt=media&token=f4926295-9697-4947-abf6-eb4a6325a012','1988-10-12 00:00:00','2021-11-19 06:54:31','student@gmail.com',NULL,'Student',0,NULL,'$2a$10$sYDdp5T/WgVzYnHwx1arwOhV1r93SmTKyC0pmPOTUxu7zI1mlQ6GC',3,NULL,NULL,'9f64df36-4def-11ed-bdc3-0242ac120002')
                        ,('3022b7f2-84ee-4287-ab53-0dd884d9e47a','https://firebasestorage.googleapis.com/v0/b/testproject-369415.appspot.com/o/anh-meme-cheems-chi-tay-600x600.jpg?alt=media&token=120925be-f818-441d-be53-8394725afc46','2001-09-18 00:00:00','2022-04-15 03:11:58','cathikettow@gmail.com',NULL,'Cathi Kettow',0,NULL,'$2a$10$uJYvciCabW2soL3ZR/d5Wu7G0Xz7WfnW4TmzWa.ysR/JaD25cy5Ji',5,NULL,NULL,'9f64df36-4def-11ed-bdc3-0242ac120002'),('3218985b-cc97-4171-8de9-65d32b116160','https://firebasestorage.googleapis.com/v0/b/testproject-369415.appspot.com/o/anh-meme-cheems-deo-no-600x600.jpg?alt=media&token=7af873d8-fb34-4e26-907d-275a04e64a50','2003-10-31 00:00:00','2022-11-29 03:33:06','hukhho@gmail.com',NULL,'Le Van Tien',0,'BB','$2a$10$NrTbP08eNyReijIEYaHLBu2enx9gUl.DVq6mN4Ro0vr0FTAGHNET2',5,NULL,NULL,'9f64df36-4def-11ed-bdc3-0242ac120002')
                        ,('32b84114-c95e-4ee6-9d5d-599e1cbc06e9','https://firebasestorage.googleapis.com/v0/b/testproject-369415.appspot.com/o/anh-sieu-nhan-gao-chibi-cute-01.jpg?alt=media&token=180657c2-bcad-42b1-badc-4961f90db7c2','1986-02-03 00:00:00','2022-10-18 00:00:00','honam267@gmail.com','2026-10-18 00:00:00','Hồ Hải Nam',0,NULL,'$2a$10$W3EGthK.pga0DzLcHBZ./u5hRtF0FbxNFTBF5JrgXkyK1RPBnwA1i',5,NULL,NULL,'9821f52e-4def-11ed-bdc3-0242ac120002')
                        ,('3d502d99-537b-42b9-b3e9-98d0801740e4','https://firebasestorage.googleapis.com/v0/b/testproject-369415.appspot.com/o/anh-sieu-nhan-gao-chibi-cute-08.jpg?alt=media&token=96424402-67fa-4d87-af2f-583bb17c3ae1','1988-06-02 00:00:00','2022-11-25 00:00:00','namthse150923@gmail.com',NULL,'Hoai nam',0,NULL,'$2a$10$PxX8h8hQc/ANCtQkMHr6x.OZnqs9n20l1Nfp7BYs5sosm.0Zu5nB6',5,NULL,NULL,'9f64df36-4def-11ed-bdc3-0242ac120002')
                        ,('68bdc059-51d1-4287-ae7c-6010470d3312','https://firebasestorage.googleapis.com/v0/b/testproject-369415.appspot.com/o/anh-sieu-nhan-gao-chibi-cute-09.jpg?alt=media&token=a227c43a-b6d4-43db-88de-a27ee2d9b981','1999-05-31 00:00:00','2022-07-27 01:02:23','nguyentrunghieu@gmail.com',NULL,'Nguyễn Trung Hiếu',1,NULL,'$2a$10$uJYvciCabW2soL3ZR/d5Wu7G0Xz7WfnW4TmzWa.ysR/JaD25cy5Ji',0,NULL,NULL,'9821f52e-4def-11ed-bdc3-0242ac120002')
                        ,('6ff5e1c0-5516-4695-91a0-02fc6c055beb','https://firebasestorage.googleapis.com/v0/b/testproject-369415.appspot.com/o/anh-sieu-nhan-gao-chibi-cute-11.jpg?alt=media&token=962d02d8-a1d1-4f44-80f4-ce7959073ba6','1985-08-13 00:00:00','2022-03-16 04:38:23','ivarstollwerck@gmail.com',NULL,'Ivar Stollwerck',0,NULL,'$2a$10$uJYvciCabW2soL3ZR/d5Wu7G0Xz7WfnW4TmzWa.ysR/JaD25cy5Ji',5,NULL,NULL,'9821f52e-4def-11ed-bdc3-0242ac120002')
                        ,('79e79294-2287-40ac-bd74-4c65acb83e0d','https://firebasestorage.googleapis.com/v0/b/testproject-369415.appspot.com/o/anh-sieu-nhan-gao-chibi-cute-10.jpg?alt=media&token=6a78fe65-ef6b-4e1b-b352-5e20a7da6058','1985-08-13 00:00:00','2022-07-08 03:12:17','vienquocbinh@gmail.com',NULL,'Viên Quốc Bình',1,NULL,'$2a$10$uJYvciCabW2soL3ZR/d5Wu7G0Xz7WfnW4TmzWa.ysR/JaD25cy5Ji',1,NULL,NULL,'9f64df36-4def-11ed-bdc3-0242ac120002')
                        ,('87ad5bc2-3bde-439a-97d0-63c4e44d19d9','https://firebasestorage.googleapis.com/v0/b/testproject-369415.appspot.com/o/c8c20605-5c2f-456f-ad42-68d108fb83ed.jpg?alt=media','2001-07-05 03:11:53','2022-11-30 03:14:14','hoangquan9851@gmail.com',NULL,'Le Minh Quan',0,NULL,'$2a$10$kQrmPJhKwHrlLSQEDwxtvO5UmLf6OMWSTwmOH/d/zrrFi0qQprMYy',1,NULL,NULL,'9f64df36-4def-11ed-bdc3-0242ac120002')
                        ,('8df34829-00f5-4760-ae4b-2efc9f1e6157','https://firebasestorage.googleapis.com/v0/b/testproject-369415.appspot.com/o/fcc43133-7bac-49fd-af3a-f0afe4e0f6a3.jpg?alt=media','2001-08-12 17:00:00','2022-11-13 10:47:33','admin@gmail.com',NULL,'Super Admin',0,NULL,'$2a$10$7lC4h1GKaDak1t1gP1YepedKoJS70s6LkWTvrx9kKPdPsS7SWvv4K',1,NULL,NULL,'4436720a-4def-11ed-bdc3-0242ac120002')
                        ,('9362282d-e647-4850-9974-bcb1137efbc7','https://firebasestorage.googleapis.com/v0/b/testproject-369415.appspot.com/o/anh-sieu-nhan-gao-chibi-cute-12.jpg?alt=media&token=5fc55a97-896e-4fcc-ac58-d5f52dee0492','2002-01-16 00:00:00','2022-11-29 00:00:00','hungllt001@gmail.com',NULL,'test test',0,'BB','$2a$10$u59fRdr8HWlsJBUlXPvtn.w9nIB4cl24yy0lxSv6CISX9EJ9636ie',2,NULL,NULL,'9f64df36-4def-11ed-bdc3-0242ac120002')
                        ,('9cfe7658-8c3d-4fab-aa07-ce5802914180','https://firebasestorage.googleapis.com/v0/b/testproject-369415.appspot.com/o/anh-sieu-nhan-gao-chibi-cute-12.jpg?alt=media&token=5fc55a97-896e-4fcc-ac58-d5f52dee0492','2001-08-25 00:00:00','2022-04-13 05:38:43','tuankie11111@gmail.com',NULL,'Phan Thanh Tuấn Kiệt',1,NULL,'$2a$10$U235CuUt/5RJUJVIY1jV1.7Y.f075l3yUW8NnCDQC/5VI3ZH4jnO.',5,NULL,NULL,'9821f52e-4def-11ed-bdc3-0242ac120002')
                        ,('a1901670-a354-4106-85b2-f9d3594d9933','https://firebasestorage.googleapis.com/v0/b/testproject-369415.appspot.com/o/anh-sieu-nhan-gao-chibi-cute-12.jpg?alt=media&token=5fc55a97-896e-4fcc-ac58-d5f52dee0492','1989-02-24 00:00:00','2022-11-28 00:00:00','namthse150922@gmail.com',NULL,'Hoai nam',0,NULL,'$2a$10$YLRKmv5q/uevX2kp.4TLXOnB9/D8cm3syUzr1rE8ZUzvKUTZt40UO',2,NULL,NULL,'9f64df36-4def-11ed-bdc3-0242ac120002')
                        ,('acf8ebd3-1cdc-492f-bede-4db1ead6da87','https://firebasestorage.googleapis.com/v0/b/testproject-369415.appspot.com/o/hinh-meme-cheems-nghe-nhac-480x600.jpg?alt=media&token=3037f542-d078-4865-97bd-8461364a9141','1995-02-16 00:00:00','2022-07-03 03:34:43','tantrung875@gmail.com',NULL,'Nguyễn Tấn Trung',1,NULL,'$2a$10$U235CuUt/5RJUJVIY1jV1.7Y.f075l3yUW8NnCDQC/5VI3ZH4jnO.',2,NULL,NULL,'9f64df36-4def-11ed-bdc3-0242ac120002')
                        ,('ca7b5850-67e3-4db7-bbc3-b94afd38e256','https://firebasestorage.googleapis.com/v0/b/testproject-369415.appspot.com/o/hinh-meme-Cheems-Florentino-601x600.jpg?alt=media&token=810bcd89-f004-49e4-bcec-941ca5af0784','1997-11-27 00:00:00','2022-09-06 09:58:09','geriannedumingo@gmail.com',NULL,'Gerianne Dumingo',0,NULL,'$2a$10$uJYvciCabW2soL3ZR/d5Wu7G0Xz7WfnW4TmzWa.ysR/JaD25cy5Ji',5,NULL,NULL,'b424387c-4def-11ed-bdc3-0242ac120002')
                        ,('ce994ec9-b4a2-4f03-83fe-37b62952c182','https://firebasestorage.googleapis.com/v0/b/testproject-369415.appspot.com/o/hinh-anh-meme-cheems-xau-ho-607x600.jpg?alt=media&token=b0de8205-e6eb-4a60-8d6b-6530d7fb1530','1999-06-20 00:00:00','2022-01-03 04:21:39','nguyentrongnguyenvu@gmail.com',NULL,'Nguyễn Trọng Nguyên Vũ',1,NULL,'$2a$10$uJYvciCabW2soL3ZR/d5Wu7G0Xz7WfnW4TmzWa.ysR/JaD25cy5Ji',2,NULL,NULL,'b424387c-4def-11ed-bdc3-0242ac120002')
                        ,('d4c33086-3516-4512-9511-2c229d9836ce','https://firebasestorage.googleapis.com/v0/b/testproject-369415.appspot.com/o/hinh-anh-meme-cheems-doi-non-noel-600x600.jpg?alt=media&token=4367b7f8-1368-49c9-839c-9639ed5a6d84','1997-06-30 00:00:00','2021-10-09 07:10:26','whitbyendley@gmail.com',NULL,'Whitby Endley',0,NULL,'$2a$10$uJYvciCabW2soL3ZR/d5Wu7G0Xz7WfnW4TmzWa.ysR/JaD25cy5Ji',2,NULL,NULL,'b424387c-4def-11ed-bdc3-0242ac120002')
                        ,('dbb52b61-3c56-4512-8508-9a9f74fd9fd2','https://firebasestorage.googleapis.com/v0/b/testproject-369415.appspot.com/o/hinh-anh-meme-Cheems-ngau.jpeg?alt=media&token=b99bdc45-c6b7-479a-8f4a-a88f92db1b7c','1997-10-28 00:00:00','2022-10-13 04:30:54','doanvuquanghuy@gmail.com',NULL,'Đoàn Vũ Quang Huy',1,NULL,'$2a$10$uJYvciCabW2soL3ZR/d5Wu7G0Xz7WfnW4TmzWa.ysR/JaD25cy5Ji',3,NULL,NULL,'b424387c-4def-11ed-bdc3-0242ac120002')
                        ,('eefef8c4-9e8a-44f9-9bd7-b2654669fee6','https://firebasestorage.googleapis.com/v0/b/testproject-369415.appspot.com/o/hinh-anh-mem-cheems-lam-hinh-nen-292x600.jpg?alt=media&token=483ff77a-0824-438d-86a1-4bf39153eaa1','1990-05-07 00:00:00','2022-08-30 12:11:42','nguyenquocbao@gmail.com',NULL,'Nguyễn Quốc Bảo',1,NULL,'$2a$10$uJYvciCabW2soL3ZR/d5Wu7G0Xz7WfnW4TmzWa.ysR/JaD25cy5Ji',3,NULL,NULL,'b424387c-4def-11ed-bdc3-0242ac120002')
                        ,('eff31f33-3f2c-4a2c-ac73-d7f2bfd6e290','https://firebasestorage.googleapis.com/v0/b/testproject-369415.appspot.com/o/anh-sieu-nhan-gao-chibi-cute-05.jpg?alt=media&token=bb621675-43ab-43a0-bc8a-62b23f902d9c','1993-03-05 00:00:00','2022-11-28 00:00:00','namthse150941@gmail.com',NULL,'Hoainam',0,'asd','$2a$10$U235CuUt/5RJUJVIY1jV1.7Y.f075l3yUW8NnCDQC/5VI3ZH4jnO.',3,NULL,NULL,'b424387c-4def-11ed-bdc3-0242ac120002')
                        ,('f82f6c33-714e-4760-b518-872b68300888','https://firebasestorage.googleapis.com/v0/b/testproject-369415.appspot.com/o/images.jpg?alt=media&token=c247ef0e-16b3-4cc0-875b-a1310b2c0443','1999-07-27 00:00:00','2021-12-17 06:41:14','ashleighguirard@gmail.com',NULL,'Ashleigh Guirard',0,NULL,'$2a$10$uJYvciCabW2soL3ZR/d5Wu7G0Xz7WfnW4TmzWa.ysR/JaD25cy5Ji',3,NULL,NULL,'b424387c-4def-11ed-bdc3-0242ac120002');


INSERT INTO `training_program`
VALUES ('029cac58-1bdb-4ae9-a38c-99164e90930b', 'f82f6c33-714e-4760-b518-872b68300888', '2021-01-25 00:00:00',
        _binary '\0', 'Java Advance', 3, NULL, NULL, NULL, NULL)
     , ('041bd987-9e66-4ffd-9f96-1078327b3004', 'dbb52b61-3c56-4512-8508-9a9f74fd9fd2', '2020-04-20 00:00:00',
        _binary '\0', 'Spring Foundation', 1, 'dbb52b61-3c56-4512-8508-9a9f74fd9fd2', '2020-04-20 00:00:00', '1.0',
        NULL)
     , ('1728428c-cc2c-4750-bb07-3be9a8e097ed', 'ca7b5850-67e3-4db7-bbc3-b94afd38e256', '2020-01-31 00:00:00',
        _binary '\0', 'DevOps Foundation', 2, 'ca7b5850-67e3-4db7-bbc3-b94afd38e256', '2020-01-31 00:00:00', '2.0',
        NULL)
     , ('2f4b0772-4208-4a74-a3f8-d86b5df0fe4a', '68bdc059-51d1-4287-ae7c-6010470d3312', '2020-02-20 00:00:00',
        _binary '\0', 'Fullstack Java Web Developer Foundation', 0, '68bdc059-51d1-4287-ae7c-6010470d3312',
        '2020-02-20 00:00:00', '1.0', NULL)
     , ('31e7956c-b065-4c8c-bd23-44c948108504', '68bdc059-51d1-4287-ae7c-6010470d3312', '2020-03-01 00:00:00',
        _binary '\0', 'Fullstack Java Web Developer Foundation', 3, NULL, NULL, NULL, NULL)
     , ('325bd358-c118-4fb9-82cf-eb2811c4d431', '79e79294-2287-40ac-bd74-4c65acb83e0d', '2020-09-17 00:00:00',
        _binary '\0', 'IT Business Analyst Foundation', 3, NULL, NULL, NULL, NULL)
     , ('4290bb36-9912-41d3-89c3-88c1b1191e40', 'ca7b5850-67e3-4db7-bbc3-b94afd38e256', '2020-10-07 00:00:00',
        _binary '\0', 'C Foundation', 1, 'ca7b5850-67e3-4db7-bbc3-b94afd38e256', '2020-10-07 00:00:00', '2.0', NULL)
     , ('68e2e978-86f2-4b79-acb8-cd437ab3a573', '6ff5e1c0-5516-4695-91a0-02fc6c055beb', '2020-08-28 00:00:00',
        _binary '\0', 'IT Business Analyst Foundation', 0, '6ff5e1c0-5516-4695-91a0-02fc6c055beb',
        '2020-08-28 00:00:00', '2.0', NULL)
     , ('6ae4331c-6fa9-499a-a742-610db8ead4cf', '68bdc059-51d1-4287-ae7c-6010470d3312', '2020-03-11 00:00:00',
        _binary '\0', '.NET foundation program', 0, '68bdc059-51d1-4287-ae7c-6010470d3312', '2020-03-11 00:00:00',
        '2.0', NULL)
     , ('6f347bf5-6cbd-49ae-9f79-76afedb94c42', 'f82f6c33-714e-4760-b518-872b68300888', '2020-06-09 00:00:00',
        _binary '\0', 'Angula foundation', 0, 'f82f6c33-714e-4760-b518-872b68300888', '2020-06-09 00:00:00', '2.0',
        NULL)
     , ('7c61663e-17e7-457a-bf15-77eef2f409d6', 'f82f6c33-714e-4760-b518-872b68300888', '2021-01-15 00:00:00',
        _binary '\0', 'Java Advance', 1, 'f82f6c33-714e-4760-b518-872b68300888', '2021-01-15 00:00:00', '3.0', NULL)
     , ('7d9ecbee-e599-4d75-abd2-09b57c5c6dff', '79e79294-2287-40ac-bd74-4c65acb83e0d', '2020-07-19 00:00:00',
        _binary '\0', 'Testing Foundation', 0, '79e79294-2287-40ac-bd74-4c65acb83e0d', '2020-07-19 00:00:00', '1.0',
        NULL)
     , ('7f51fca7-50c3-49c4-9d75-836a50538e01', 'ce994ec9-b4a2-4f03-83fe-37b62952c182', '2020-06-19 00:00:00',
        _binary '\0', 'Angula foudation', 2, 'ce994ec9-b4a2-4f03-83fe-37b62952c182', '2020-06-19 00:00:00', '1.0', NULL)
     , ('7f8c4db0-cda1-42d2-acca-c35e3602e443', '3022b7f2-84ee-4287-ab53-0dd884d9e47a', '2020-07-29 00:00:00',
        _binary '\0', 'Testing Foundation', 1, '3022b7f2-84ee-4287-ab53-0dd884d9e47a', '2020-07-29 00:00:00', '2.0',
        NULL)
     , ('82681b2e-a0a3-4376-8466-076eae33cf1b', '3022b7f2-84ee-4287-ab53-0dd884d9e47a', '2020-01-21 00:00:00',
        _binary '\0', 'DevOps Foundation', 0, '3022b7f2-84ee-4287-ab53-0dd884d9e47a', '2020-01-21 00:00:00', '1.0',
        NULL)
     , ('85ad094b-328e-4d16-938d-dd31cd0f6259', 'd4c33086-3516-4512-9511-2c229d9836ce', '2020-05-30 00:00:00',
        _binary '\0', 'Python Foundation', 0, 'd4c33086-3516-4512-9511-2c229d9836ce', '2020-05-30 00:00:00', '2.0',
        NULL)
     , ('9136b9bf-0734-4a59-b95e-53c9fc65206b', '68bdc059-51d1-4287-ae7c-6010470d3312', '2020-11-16 00:00:00',
        _binary '\0', 'React Advance', 0, '68bdc059-51d1-4287-ae7c-6010470d3312', '2020-11-16 00:00:00', '2.0', NULL)
     , ('979fea1a-88c2-4ab0-97cd-3f368736f4b8', 'eefef8c4-9e8a-44f9-9bd7-b2654669fee6', '2020-04-10 00:00:00',
        _binary '\0', 'React basic foundation', 0, 'eefef8c4-9e8a-44f9-9bd7-b2654669fee6', '2020-04-10 00:00:00', '1.0',
        NULL)
     , ('a0d13ff1-c77a-49c9-bddd-64e21163e017', 'ca7b5850-67e3-4db7-bbc3-b94afd38e256', '2020-03-21 00:00:00',
        _binary '\0', 'Fullstack .NET Web Developer foudation', 0, 'ca7b5850-67e3-4db7-bbc3-b94afd38e256',
        '2020-03-21 00:00:00', '1.0', NULL)
     , ('a1cb6928-4f1a-4f38-a0d6-35d5dffd6b65', 'd4c33086-3516-4512-9511-2c229d9836ce', '2020-12-16 00:00:00',
        _binary '\0', 'Testing Advance', 3, NULL, NULL, NULL, NULL)
     , ('a28bc298-309a-4874-b46a-78e4e86a5347', 'eefef8c4-9e8a-44f9-9bd7-b2654669fee6', '2020-07-09 00:00:00',
        _binary '\0', 'React basic foundation', 0, 'eefef8c4-9e8a-44f9-9bd7-b2654669fee6', '2020-07-09 00:00:00', '3.0',
        NULL)
     , ('a490de3c-5974-440b-9193-edeb9c030b9d', 'dbb52b61-3c56-4512-8508-9a9f74fd9fd2', '2020-09-27 00:00:00',
        _binary '\0', 'C Foundation', 0, 'dbb52b61-3c56-4512-8508-9a9f74fd9fd2', '2020-09-27 00:00:00', '1.0', NULL)
     , ('a4af9fd3-2789-4a88-8c80-282cfd672a5f', 'dbb52b61-3c56-4512-8508-9a9f74fd9fd2', '2020-05-10 00:00:00',
        _binary '\0', 'Spring foundation program', 2, 'dbb52b61-3c56-4512-8508-9a9f74fd9fd2', '2020-05-10 00:00:00',
        '3.0', NULL)
     , ('a4b3f93b-d283-4bbd-b28d-5eed315544c8', 'ce994ec9-b4a2-4f03-83fe-37b62952c182', '2020-12-06 00:00:00',
        _binary '\0', 'Testing Advance', 2, 'ce994ec9-b4a2-4f03-83fe-37b62952c182', '2020-12-06 00:00:00', '2.0', NULL)
     , ('b2419e9f-82dd-4738-ae46-fe3e7b47e44c', '3022b7f2-84ee-4287-ab53-0dd884d9e47a', '2021-01-05 00:00:00',
        _binary '\0', 'Java Advance', 2, '3022b7f2-84ee-4287-ab53-0dd884d9e47a', '2021-01-05 00:00:00', '2.0', NULL)
     , ('b690cdad-4edc-4c15-b3f4-c2483d4813d7', '6ff5e1c0-5516-4695-91a0-02fc6c055beb', '2020-04-30 00:00:00',
        _binary '\0', 'Spring Foundation', 2, '6ff5e1c0-5516-4695-91a0-02fc6c055beb', '2020-04-30 00:00:00', '2.0',
        NULL)
     , ('bffb669e-3764-41ca-a143-640b84aa776f', '3022b7f2-84ee-4287-ab53-0dd884d9e47a', '2020-01-01 00:00:00',
        _binary '\0', 'C# basic Foundation', 2, '3022b7f2-84ee-4287-ab53-0dd884d9e47a', '2020-01-01 00:00:00', '1.0',
        NULL)
     , ('c20ea7c4-0c68-4952-90c3-2530497a1889', '6ff5e1c0-5516-4695-91a0-02fc6c055beb', '2020-06-29 00:00:00',
        _binary '\0', 'React basic Foundation', 0, '6ff5e1c0-5516-4695-91a0-02fc6c055beb', '2020-06-29 00:00:00', '2.0',
        NULL)
     , ('c3eca215-d668-4caa-9928-c6fcfa1c8a23', '6ff5e1c0-5516-4695-91a0-02fc6c055beb', '2020-08-18 00:00:00',
        _binary '\0', 'IT Business Analyst Foundation', 0, '6ff5e1c0-5516-4695-91a0-02fc6c055beb',
        '2020-08-18 00:00:00', '1.0', NULL)
     , ('c6907e05-fe7a-4437-9b84-707496a34360', '79e79294-2287-40ac-bd74-4c65acb83e0d', '2020-03-31 00:00:00',
        _binary '\0', 'Java basic Foundation', 1, '79e79294-2287-40ac-bd74-4c65acb83e0d', '2020-03-31 00:00:00', '1.0',
        NULL)
     , ('c7a2bc0d-1299-4e27-b0e9-2b0f314e4504', 'dbb52b61-3c56-4512-8508-9a9f74fd9fd2', '2020-10-17 00:00:00',
        _binary '\0', 'NodeJs foundation', 3, NULL, NULL, NULL, NULL)
     , ('cc4185a6-1af7-4251-bb6a-1602f234e91c', 'd4c33086-3516-4512-9511-2c229d9836ce', '2020-09-07 00:00:00',
        _binary '\0', 'IT Business Analyst Foundation', 1, 'd4c33086-3516-4512-9511-2c229d9836ce',
        '2020-09-07 00:00:00', '3.0', NULL)
     , ('e75b908b-6f31-471c-a4a7-2e6ed0517b6c', '79e79294-2287-40ac-bd74-4c65acb83e0d', '2020-05-20 00:00:00',
        _binary '\0', 'Python Foundation', 2, '79e79294-2287-40ac-bd74-4c65acb83e0d', '2020-05-20 00:00:00', '1.0',
        NULL)
     , ('ef796941-6379-4dd5-a419-ff61312ba40a', 'eefef8c4-9e8a-44f9-9bd7-b2654669fee6', '2020-01-11 00:00:00',
        _binary '\0', '.NET basic foundation', 1, 'eefef8c4-9e8a-44f9-9bd7-b2654669fee6', '2020-01-11 00:00:00', '1.0',
        NULL)
     , ('ef9fb26c-7351-452f-b193-5e8317dd1c1b', 'ca7b5850-67e3-4db7-bbc3-b94afd38e256', '2020-12-26 00:00:00',
        _binary '\0', 'Java Advance', 0, 'ca7b5850-67e3-4db7-bbc3-b94afd38e256', '2020-12-26 00:00:00', '1.0', NULL)
     , ('f0f6e942-e050-41d2-aae2-df494fe3324c', 'eefef8c4-9e8a-44f9-9bd7-b2654669fee6', '2020-11-06 00:00:00',
        _binary '\0', 'React Advance', 1, 'eefef8c4-9e8a-44f9-9bd7-b2654669fee6', '2020-11-06 00:00:00', '1.0', NULL)
     , ('f3cdbf6f-a2ee-4b17-8862-4db61cb165b9', 'ce994ec9-b4a2-4f03-83fe-37b62952c182', '2020-02-10 00:00:00',
        _binary '\0', '.NET foundation program', 2, 'ce994ec9-b4a2-4f03-83fe-37b62952c182', '2020-02-10 00:00:00',
        '3.0', NULL)
     , ('f9fcaf23-959f-47d0-b9f3-6f1464ca2b1b', 'f82f6c33-714e-4760-b518-872b68300888', '2020-08-08 00:00:00',
        _binary '\0', 'Testing Foundation', 3, NULL, NULL, NULL, NULL)
     , ('fa85beb1-e7ef-449f-b159-5559d247392d', 'ce994ec9-b4a2-4f03-83fe-37b62952c182', '2020-11-26 00:00:00',
        _binary '\0', 'Testing Advance', 0, 'ce994ec9-b4a2-4f03-83fe-37b62952c182', '2020-11-26 00:00:00', '1.0', NULL)
     , ('fb453f99-2819-46fe-ac83-ea5c2bd9adb3', 'd4c33086-3516-4512-9511-2c229d9836ce', '2020-10-27 00:00:00',
        _binary '\0', 'NodeJs foundation', 2, 'd4c33086-3516-4512-9511-2c229d9836ce', '2020-10-27 00:00:00', '1.0',
        NULL);
INSERT INTO `delivery_type`
VALUES ('08e635bd-3a1d-40cc-b890-b723e4228ddf', 'Daily quiz', 'Test/Quiz'),
       ('9a226b15-038b-42ca-9a4d-ebf2f13a479a', 'Assignment, Lab', 'Assignment/Lab'),
       ('af835041-2072-49e2-951b-f43b985573d5', 'Seminar, Workshop', 'Seminar/Workshop'),
       ('bdd335ee-d8ae-4024-b01d-ed49d14aae9c', 'Concepts, Theory', 'Concept/Lecture'),
       ('e3786dd5-4e73-41f8-bc97-1d7cffe8a313', 'Topic Exams', 'Exam'),
       ('e447bbe0-e681-4805-8486-924da7e2e40d', 'Assignment review, Assignment guides', 'Guide/Review');
INSERT INTO `output_standard`
VALUES ('25adde40-2f90-4592-b984-b1d995a23254', 'K1SD', 'Có kiến thức cơ bản về lập trình hướng đối tượng',
        'OOAD, OOP'),
       ('2f2d2e36-07c5-4392-a098-1a901bedebc5', 'H4SD',
        'Có kỹ năng viết chương trình một cách tối ưu, dễ sửa đổi. Biết tuân thủ Coding Convention, không mắc lỗi cơ bản.',
        'Coding convention'),
       ('e25bffec-60cd-4f1a-818d-79370d2cd88a', 'H7SD',
        'Có khả năng phát triển phần mềm cơ bản (ứng dụng console) sử dụng C#.NET', 'Programming using a PL');
INSERT INTO `syllabus_level`
VALUES ('1d69a686-936e-4004-96f1-c22770cb6b4c',
        'Freshers who are software developers (SD) with basic backgroud and skills on object oriented design, programming.'),
       ('926d6623-fd10-442c-8a4f-9da196c41692', 'All Levels'),
       ('ccad7523-b8f9-4ea4-bceb-afe0e5df0e28', 'Interns who are software developers');
INSERT INTO `syllabus`
VALUES ('239be19f-72ee-4def-950c-cfb7ff306066', 20, 'BTNB',
        'This topic is to introduce about C# programming language knowledge; adapt trainees with skills, lessons and practices which is specifically used in the Fsoft projects. ',
        '9cfe7658-8c3d-4fab-aa07-ce5802914180', '2022-10-20 08:30:41', 7, 21, _binary '\0',
        'Basic Technical .NET-Based', 0,
        'Trainee\'s PC need to have following software installed and run without any issues : Microsoft SQL Server 2005 Express, Microsoft Visual Studio 2017, Microsoft Office 2007 (Visio, Word, PowerPoint)',
        '006737ec-a384-44de-9716-74bd3a6a1158', '2022-10-25 10:12:54', 'v2.0', '1d69a686-936e-4004-96f1-c22770cb6b4c')
     , ('5d2a9b26-29d0-447d-991f-308a0fa15dd6', 20, 'JAT',
        'This topic is to introduce about Java programming language knowledge; adapt trainees with skills, lessons and practices which is specifically used in the Fsoft projects. ',
        '9cfe7658-8c3d-4fab-aa07-ce5802914180', '2022-10-20 08:30:41', 14, 42, _binary '\0', 'Basic Java', 0,
        'Trainee\'s PC need to have following software installed and run without any issues : Microsoft SQL Server 2005 Express, Microsoft Visual Studio 2017, Microsoft Office 2007 (Visio, Word, PowerPoint)',
        '006737ec-a384-44de-9716-74bd3a6a1158', '2022-10-25 10:12:54', 'v2.0', '1d69a686-936e-4004-96f1-c22770cb6b4c')
     , ('954e8ca1-68e6-4c3b-b297-cca5818e433b', 20, 'PYT',
        'This topic is to introduce about Python programming language knowledge; adapt trainees with skills, lessons and practices which is specifically used in the Fsoft projects. ',
        '9cfe7658-8c3d-4fab-aa07-ce5802914180', '2022-10-20 08:30:41', 7, 21, _binary '\0', 'Basic Python', 0,
        'Trainee\'s PC need to have following software installed and run without any issues : Microsoft SQL Server 2005 Express, Microsoft Visual Studio 2017, Microsoft Office 2007 (Visio, Word, PowerPoint)',
        '006737ec-a384-44de-9716-74bd3a6a1158', '2022-10-25 10:12:54', 'v2.0', '1d69a686-936e-4004-96f1-c22770cb6b4c')
     , ('9ebe29ed-8fba-4d70-b6ce-c64dcba816c5', 20, 'NJSB',
        'This topic is to introduce about NodeJS programming language knowledge; adapt trainees with skills, lessons and practices which is specifically used in the Fsoft projects. ',
        '9cfe7658-8c3d-4fab-aa07-ce5802914180', '2022-10-20 08:30:41', 14, 42, _binary '\0', 'Basic NodeJS', 0,
        'Trainee\'s PC need to have following software installed and run without any issues : Microsoft SQL Server 2005 Express, Microsoft Visual Studio 2017, Microsoft Office 2007 (Visio, Word, PowerPoint)',
        '006737ec-a384-44de-9716-74bd3a6a1158', '2022-10-25 10:12:54', 'v2.0', '1d69a686-936e-4004-96f1-c22770cb6b4c')
     , ('d2b7c8e3-3981-4dc5-a7cf-2c80e91cb853', 20, 'JST',
        'This topic is to introduce about NodeJSscript programming language knowledge; adapt trainees with skills, lessons and practices which is specifically used in the Fsoft projects. ',
        '9cfe7658-8c3d-4fab-aa07-ce5802914180', '2022-10-20 08:30:41', 7, 21, _binary '\0', 'Basic Javascript', 0,
        'Trainee\'s PC need to have following software installed and run without any issues : Microsoft SQL Server 2005 Express, Microsoft Visual Studio 2017, Microsoft Office 2007 (Visio, Word, PowerPoint)',
        '006737ec-a384-44de-9716-74bd3a6a1158', '2022-10-25 10:12:54', 'v2.0', '1d69a686-936e-4004-96f1-c22770cb6b4c');

INSERT INTO `syllabus_day`
VALUES ('a12a7297-cc05-4ec8-aa04-1400ff34dbac', 4, 0, '239be19f-72ee-4def-950c-cfb7ff306066'),
       ('a4f0ddbb-e579-4ae0-820e-a430744e707a', 2, 0, '239be19f-72ee-4def-950c-cfb7ff306066'),
       ('aafd2469-a707-41ef-a300-aabb2b9929c2', 3, 0, '239be19f-72ee-4def-950c-cfb7ff306066'),
       ('acda7eab-d39c-4fe1-80c2-3d3a9fa896ab', 1, 0, '239be19f-72ee-4def-950c-cfb7ff306066'),
       ('b12a7297-cc05-4ec8-aa04-1400ff34dbac', 4, 0, '5d2a9b26-29d0-447d-991f-308a0fa15dd6'),
       ('b4f0ddbb-e579-4ae0-820e-a430744e707a', 2, 0, '5d2a9b26-29d0-447d-991f-308a0fa15dd6'),
       ('bafd2469-a707-41ef-a300-aabb2b9929c2', 3, 0, '5d2a9b26-29d0-447d-991f-308a0fa15dd6'),
       ('bcda7eab-d39c-4fe1-80c2-3d3a9fa896ab', 1, 0, '5d2a9b26-29d0-447d-991f-308a0fa15dd6'),
       ('c12a7297-cc05-4ec8-aa04-1400ff34dbac', 4, 0, '954e8ca1-68e6-4c3b-b297-cca5818e433b'),
       ('c4f0ddbb-e579-4ae0-820e-a430744e707a', 2, 0, '954e8ca1-68e6-4c3b-b297-cca5818e433b'),
       ('cafd2469-a707-41ef-a300-aabb2b9929c2', 3, 0, '954e8ca1-68e6-4c3b-b297-cca5818e433b'),
       ('ccda7eab-d39c-4fe1-80c2-3d3a9fa896ab', 1, 0, '954e8ca1-68e6-4c3b-b297-cca5818e433b'),
       ('d12a7297-cc05-4ec8-aa04-1400ff34dbac', 4, 0, '9ebe29ed-8fba-4d70-b6ce-c64dcba816c5'),
       ('d4f0ddbb-e579-4ae0-820e-a430744e707a', 2, 0, '9ebe29ed-8fba-4d70-b6ce-c64dcba816c5'),
       ('dafd2469-a707-41ef-a300-aabb2b9929c2', 3, 0, '9ebe29ed-8fba-4d70-b6ce-c64dcba816c5'),
       ('dcda7eab-d39c-4fe1-80c2-3d3a9fa896ab', 1, 0, '9ebe29ed-8fba-4d70-b6ce-c64dcba816c5'),
       ('e12a7297-cc05-4ec8-aa04-1400ff34dbac', 4, 0, 'd2b7c8e3-3981-4dc5-a7cf-2c80e91cb853'),
       ('e4f0ddbb-e579-4ae0-820e-a430744e707a', 2, 0, 'd2b7c8e3-3981-4dc5-a7cf-2c80e91cb853'),
       ('eafd2469-a707-41ef-a300-aabb2b9929c2', 3, 0, 'd2b7c8e3-3981-4dc5-a7cf-2c80e91cb853'),
       ('ecda7eab-d39c-4fe1-80c2-3d3a9fa896ab', 1, 0, 'd2b7c8e3-3981-4dc5-a7cf-2c80e91cb853');
INSERT INTO `syllabus_unit`
VALUES ('a4ffbe3c-1e75-4700-9331-51539e51ccb3', 8, 'Advanced features in C#', 2, '239be19f-72ee-4def-950c-cfb7ff306066',
        'a4f0ddbb-e579-4ae0-820e-a430744e707a'),
       ('a625c78e-5cd8-4273-8bd3-230623fe5383', 8, 'ADO.NET & Winform', 4, '239be19f-72ee-4def-950c-cfb7ff306066',
        'a12a7297-cc05-4ec8-aa04-1400ff34dbac'),
       ('a72c5fb8-f32c-418a-8167-f3b8372fc91c', 8, 'Exception Handling & Utility Classes ', 3,
        '239be19f-72ee-4def-950c-cfb7ff306066', 'aafd2469-a707-41ef-a300-aabb2b9929c2'),
       ('ab21f344-7701-4935-9048-ec47c1bc6892', 8, 'OOP in C#', 1, '239be19f-72ee-4def-950c-cfb7ff306066',
        'acda7eab-d39c-4fe1-80c2-3d3a9fa896ab'),
       ('b4ffbe3c-1e75-4700-9331-51539e51ccb3', 8, 'Advanced features in Java', 2,
        '5d2a9b26-29d0-447d-991f-308a0fa15dd6', 'b4f0ddbb-e579-4ae0-820e-a430744e707a'),
       ('b625c78e-5cd8-4273-8bd3-230623fe5383', 8, 'Web & Mobile', 4, '5d2a9b26-29d0-447d-991f-308a0fa15dd6',
        'b12a7297-cc05-4ec8-aa04-1400ff34dbac'),
       ('b72c5fb8-f32c-418a-8167-f3b8372fc91c', 8, 'Exception Handling & Utility Classes ', 3,
        '5d2a9b26-29d0-447d-991f-308a0fa15dd6', 'bafd2469-a707-41ef-a300-aabb2b9929c2'),
       ('bb21f344-7701-4935-9048-ec47c1bc6892', 8, 'OOP in Java', 1, '5d2a9b26-29d0-447d-991f-308a0fa15dd6',
        'bcda7eab-d39c-4fe1-80c2-3d3a9fa896ab'),
       ('c4ffbe3c-1e75-4700-9331-51539e51ccb3', 8, 'Advanced features in Python', 2,
        '954e8ca1-68e6-4c3b-b297-cca5818e433b', 'c4f0ddbb-e579-4ae0-820e-a430744e707a'),
       ('c625c78e-5cd8-4273-8bd3-230623fe5383', 8, 'Web & AI', 4, '954e8ca1-68e6-4c3b-b297-cca5818e433b',
        'c12a7297-cc05-4ec8-aa04-1400ff34dbac'),
       ('c72c5fb8-f32c-418a-8167-f3b8372fc91c', 8, 'Exception Handling & Utility Classes ', 3,
        '954e8ca1-68e6-4c3b-b297-cca5818e433b', 'cafd2469-a707-41ef-a300-aabb2b9929c2'),
       ('cb21f344-7701-4935-9048-ec47c1bc6892', 8, 'OOP in Python', 1, '954e8ca1-68e6-4c3b-b297-cca5818e433b',
        'ccda7eab-d39c-4fe1-80c2-3d3a9fa896ab'),
       ('d4ffbe3c-1e75-4700-9331-51539e51ccb3', 8, 'Advanced features in NodeJS', 2,
        '9ebe29ed-8fba-4d70-b6ce-c64dcba816c5', 'd4f0ddbb-e579-4ae0-820e-a430744e707a'),
       ('d625c78e-5cd8-4273-8bd3-230623fe5383', 8, 'Web & Mobile', 4, '9ebe29ed-8fba-4d70-b6ce-c64dcba816c5',
        'd12a7297-cc05-4ec8-aa04-1400ff34dbac'),
       ('d72c5fb8-f32c-418a-8167-f3b8372fc91c', 8, 'Exception Handling & Utility Classes ', 3,
        '9ebe29ed-8fba-4d70-b6ce-c64dcba816c5', 'dafd2469-a707-41ef-a300-aabb2b9929c2'),
       ('db21f344-7701-4935-9048-ec47c1bc6892', 8, 'OOP in NodeJS', 1, '9ebe29ed-8fba-4d70-b6ce-c64dcba816c5',
        'dcda7eab-d39c-4fe1-80c2-3d3a9fa896ab'),
       ('e4ffbe3c-1e75-4700-9331-51539e51ccb3', 8, 'Advanced features in Javascript', 2,
        'd2b7c8e3-3981-4dc5-a7cf-2c80e91cb853', 'e4f0ddbb-e579-4ae0-820e-a430744e707a'),
       ('e625c78e-5cd8-4273-8bd3-230623fe5383', 8, 'Web & Mobile', 4, 'd2b7c8e3-3981-4dc5-a7cf-2c80e91cb853',
        'e12a7297-cc05-4ec8-aa04-1400ff34dbac'),
       ('e72c5fb8-f32c-418a-8167-f3b8372fc91c', 8, 'Exception Handling & Utility Classes ', 3,
        'd2b7c8e3-3981-4dc5-a7cf-2c80e91cb853', 'eafd2469-a707-41ef-a300-aabb2b9929c2'),
       ('eb21f344-7701-4935-9048-ec47c1bc6892', 8, 'OOP in Javascript', 1, 'd2b7c8e3-3981-4dc5-a7cf-2c80e91cb853',
        'ecda7eab-d39c-4fe1-80c2-3d3a9fa896ab');
INSERT INTO `syllabus_unit_chapter`
VALUES ('a050bd74-8161-4340-81e2-9e1fd40ed325', 2, _binary '\0', 'Advanced features in C#',
        'bdd335ee-d8ae-4024-b01d-ed49d14aae9c', '2f2d2e36-07c5-4392-a098-1a901bedebc5',
        'a4ffbe3c-1e75-4700-9331-51539e51ccb3'),
       ('a0d06395-d774-4c75-836c-cea4abe2a550', 0.75, _binary '\0', 'Daily Assignment Giving',
        'e447bbe0-e681-4805-8486-924da7e2e40d', 'e25bffec-60cd-4f1a-818d-79370d2cd88a',
        'a625c78e-5cd8-4273-8bd3-230623fe5383'),
       ('a0f96493-e450-42b9-aa7d-1f4089ca5faf', 1.5, _binary '\0', 'Daily Quiz', '08e635bd-3a1d-40cc-b890-b723e4228ddf',
        '2f2d2e36-07c5-4392-a098-1a901bedebc5', 'a72c5fb8-f32c-418a-8167-f3b8372fc91c'),
       ('a106572e-fa86-4b4b-85d6-63a3f2ebf476', 0.25, _binary '\0', 'Guide to answer Interview Question',
        'e447bbe0-e681-4805-8486-924da7e2e40d', '2f2d2e36-07c5-4392-a098-1a901bedebc5',
        'a625c78e-5cd8-4273-8bd3-230623fe5383'),
       ('a1d2714b-7291-4e06-a1ef-4ec5165a487a', 1.75, _binary '\0', 'Daily Assignment Review & Guides',
        'e447bbe0-e681-4805-8486-924da7e2e40d', '2f2d2e36-07c5-4392-a098-1a901bedebc5',
        'a72c5fb8-f32c-418a-8167-f3b8372fc91c'),
       ('a1eecb32-db6e-4899-8264-9bdaa8008c72', 0.75, _binary '\0', 'Daily Quiz Review',
        'e447bbe0-e681-4805-8486-924da7e2e40d', '2f2d2e36-07c5-4392-a098-1a901bedebc5',
        'a625c78e-5cd8-4273-8bd3-230623fe5383'),
       ('a271ca0a-3dce-4eac-81d9-5ecf4d830b05', 4.25, _binary '\0', 'Practice Time: Assignment',
        '9a226b15-038b-42ca-9a4d-ebf2f13a479a', '2f2d2e36-07c5-4392-a098-1a901bedebc5',
        'a4ffbe3c-1e75-4700-9331-51539e51ccb3'),
       ('a2ef28e6-259b-4b87-a0a8-855a65dd3aae', 0.25, _binary '\0', 'Guide to answer Interview Question',
        'e447bbe0-e681-4805-8486-924da7e2e40d', '2f2d2e36-07c5-4392-a098-1a901bedebc5',
        'a4ffbe3c-1e75-4700-9331-51539e51ccb3'),
       ('a3dba29b-e397-4fb5-b98b-698c7673973c', 1.75, _binary '\0', 'ADO.NET', 'bdd335ee-d8ae-4024-b01d-ed49d14aae9c',
        '2f2d2e36-07c5-4392-a098-1a901bedebc5', 'a625c78e-5cd8-4273-8bd3-230623fe5383'),
       ('a41960a2-94f6-4f1f-8993-3db3ea78e51b', 1, _binary '\0', 'Daily Assignment Review & Guides',
        'e447bbe0-e681-4805-8486-924da7e2e40d', '2f2d2e36-07c5-4392-a098-1a901bedebc5',
        'a4ffbe3c-1e75-4700-9331-51539e51ccb3'),
       ('a4f7a8b7-6697-4f14-a7bd-230386cf0754', 1.5, _binary '\0', 'Daily Quiz', '08e635bd-3a1d-40cc-b890-b723e4228ddf',
        '2f2d2e36-07c5-4392-a098-1a901bedebc5', 'a4ffbe3c-1e75-4700-9331-51539e51ccb3'),
       ('a5e9c058-8270-4ce2-9b1b-9fc94efbd573', 4.75, _binary '\0', 'Practice Time: Assignment',
        '9a226b15-038b-42ca-9a4d-ebf2f13a479a', 'e25bffec-60cd-4f1a-818d-79370d2cd88a',
        'a625c78e-5cd8-4273-8bd3-230623fe5383'),
       ('a67a1093-33d9-4e6f-ba98-e321950e6e5e', 2.75, _binary '\0', 'Exception Handling & Utility Classes',
        'bdd335ee-d8ae-4024-b01d-ed49d14aae9c', '2f2d2e36-07c5-4392-a098-1a901bedebc5',
        'a72c5fb8-f32c-418a-8167-f3b8372fc91c'),
       ('a7139e68-e9c5-4e0d-b043-e794b2877986', 0.25, _binary '\0', 'Guide to answer Interview Question',
        'e447bbe0-e681-4805-8486-924da7e2e40d', '2f2d2e36-07c5-4392-a098-1a901bedebc5',
        'a72c5fb8-f32c-418a-8167-f3b8372fc91c'),
       ('a7a97c27-e191-46b2-bf51-8196c125d8c9', 0.75, _binary '\0', 'Daily Assignment Giving',
        'e447bbe0-e681-4805-8486-924da7e2e40d', '2f2d2e36-07c5-4392-a098-1a901bedebc5',
        'a72c5fb8-f32c-418a-8167-f3b8372fc91c'),
       ('a8866ebc-d0c8-4a96-8614-67c609643596', 1.75, _binary '\0', 'Daily Quiz',
        '08e635bd-3a1d-40cc-b890-b723e4228ddf', '2f2d2e36-07c5-4392-a098-1a901bedebc5',
        'a625c78e-5cd8-4273-8bd3-230623fe5383'),
       ('a97a0cb7-602f-41d1-a77e-8640c1334820', 1.75, _binary '\0', 'Daily Assignment Review & Guides',
        'e447bbe0-e681-4805-8486-924da7e2e40d', 'e25bffec-60cd-4f1a-818d-79370d2cd88a',
        'a625c78e-5cd8-4273-8bd3-230623fe5383'),
       ('aa9bc771-349a-4294-8947-cb9685de09ae', 4.75, _binary '\0', 'Practice Time: Assignment',
        '9a226b15-038b-42ca-9a4d-ebf2f13a479a', '2f2d2e36-07c5-4392-a098-1a901bedebc5',
        'a72c5fb8-f32c-418a-8167-f3b8372fc91c'),
       ('aaf8ae14-ffa2-4e4a-a8bd-b9be4831ea85', 0.25, _binary '\0', 'Daily Quiz Review',
        'e447bbe0-e681-4805-8486-924da7e2e40d', '2f2d2e36-07c5-4392-a098-1a901bedebc5',
        'a4ffbe3c-1e75-4700-9331-51539e51ccb3'),
       ('ab1af724-e2da-4d85-a3bd-4c224f1d6e1b', 0.25, _binary '\0', 'Daily Quiz Review',
        'e447bbe0-e681-4805-8486-924da7e2e40d', '2f2d2e36-07c5-4392-a098-1a901bedebc5',
        'a72c5fb8-f32c-418a-8167-f3b8372fc91c'),
       ('aca788e1-e8d8-4bf7-8395-7e9ec584c887', 0.5, _binary '\0', 'Daily Assignment Giving',
        'e447bbe0-e681-4805-8486-924da7e2e40d', '2f2d2e36-07c5-4392-a098-1a901bedebc5',
        'a4ffbe3c-1e75-4700-9331-51539e51ccb3'),
       ('acda12ed-44cb-4a1d-95f6-1c46272c89fb', 1, _binary '\0', 'Working with winform',
        'bdd335ee-d8ae-4024-b01d-ed49d14aae9c', 'e25bffec-60cd-4f1a-818d-79370d2cd88a',
        'a625c78e-5cd8-4273-8bd3-230623fe5383'),
       ('ace894d0-95bd-4fd6-8987-ce4dcca19b26', 4, _binary '\0', 'Practice Time: Assignment',
        '9a226b15-038b-42ca-9a4d-ebf2f13a479a', '2f2d2e36-07c5-4392-a098-1a901bedebc5',
        'ab21f344-7701-4935-9048-ec47c1bc6892'),
       ('ad653929-9ca6-4ee9-9979-230f3d34aff7', 1, _binary '\0', 'Introduction to the course',
        'bdd335ee-d8ae-4024-b01d-ed49d14aae9c', '25adde40-2f90-4592-b984-b1d995a23254',
        'ab21f344-7701-4935-9048-ec47c1bc6892'),
       ('adec4322-35ea-41b3-902b-99385e760b56', 0.5, _binary '\0', 'Daily Assignment Giving',
        'e447bbe0-e681-4805-8486-924da7e2e40d', '2f2d2e36-07c5-4392-a098-1a901bedebc5',
        'ab21f344-7701-4935-9048-ec47c1bc6892'),
       ('ae394969-1b0a-458d-ac92-9b21f90ad86b', 1.75, _binary '\0', 'Daily Assignment Review & Guides',
        'e447bbe0-e681-4805-8486-924da7e2e40d', '2f2d2e36-07c5-4392-a098-1a901bedebc5',
        'ab21f344-7701-4935-9048-ec47c1bc6892'),
       ('af5fc4a2-ef9c-47c2-9e95-2313a9231fbf', 3.5, _binary '\0', 'OOP in C#', 'bdd335ee-d8ae-4024-b01d-ed49d14aae9c',
        '25adde40-2f90-4592-b984-b1d995a23254', 'ab21f344-7701-4935-9048-ec47c1bc6892'),
       ('b050bd74-8161-4340-81e2-9e1fd40ed325', 2, _binary '\0', 'Advanced features in Java',
        'bdd335ee-d8ae-4024-b01d-ed49d14aae9c', '2f2d2e36-07c5-4392-a098-1a901bedebc5',
        'b4ffbe3c-1e75-4700-9331-51539e51ccb3'),
       ('b0d06395-d774-4c75-836c-cea4abe2a550', 0.25, _binary '\0', 'Daily Assignment Giving',
        'e447bbe0-e681-4805-8486-924da7e2e40d', 'e25bffec-60cd-4f1a-818d-79370d2cd88a',
        'b625c78e-5cd8-4273-8bd3-230623fe5383'),
       ('b0f96493-e450-42b9-aa7d-1f4089ca5faf', 1.5, _binary '\0', 'Daily Quiz', '08e635bd-3a1d-40cc-b890-b723e4228ddf',
        '2f2d2e36-07c5-4392-a098-1a901bedebc5', 'b72c5fb8-f32c-418a-8167-f3b8372fc91c'),
       ('b106572e-fa86-4b4b-85d6-63a3f2ebf476', 0.25, _binary '\0', 'Guide to answer Interview Question',
        'e447bbe0-e681-4805-8486-924da7e2e40d', '2f2d2e36-07c5-4392-a098-1a901bedebc5',
        'b625c78e-5cd8-4273-8bd3-230623fe5383'),
       ('b1d2714b-7291-4e06-a1ef-4ec5165a487a', 1, _binary '\0', 'Daily Assignment Review & Guides',
        'e447bbe0-e681-4805-8486-924da7e2e40d', '2f2d2e36-07c5-4392-a098-1a901bedebc5',
        'b72c5fb8-f32c-418a-8167-f3b8372fc91c'),
       ('b1eecb32-db6e-4899-8264-9bdaa8008c72', 0.25, _binary '\0', 'Daily Quiz Review',
        'e447bbe0-e681-4805-8486-924da7e2e40d', '2f2d2e36-07c5-4392-a098-1a901bedebc5',
        'b625c78e-5cd8-4273-8bd3-230623fe5383'),
       ('b271ca0a-3dce-4eac-81d9-5ecf4d830b05', 4, _binary '\0', 'Practice Time: Assignment',
        '9a226b15-038b-42ca-9a4d-ebf2f13a479a', '2f2d2e36-07c5-4392-a098-1a901bedebc5',
        'b4ffbe3c-1e75-4700-9331-51539e51ccb3'),
       ('b2ef28e6-259b-4b87-a0a8-855a65dd3aae', 0.5, _binary '\0', 'Guide to answer Interview Question',
        'e447bbe0-e681-4805-8486-924da7e2e40d', '2f2d2e36-07c5-4392-a098-1a901bedebc5',
        'b4ffbe3c-1e75-4700-9331-51539e51ccb3'),
       ('b3dba29b-e397-4fb5-b98b-698c7673973c', 1.5, _binary '\0', 'Web', 'bdd335ee-d8ae-4024-b01d-ed49d14aae9c',
        '2f2d2e36-07c5-4392-a098-1a901bedebc5', 'b625c78e-5cd8-4273-8bd3-230623fe5383'),
       ('b41960a2-94f6-4f1f-8993-3db3ea78e51b', 1.25, _binary '\0', 'Daily Assignment Review & Guides',
        'e447bbe0-e681-4805-8486-924da7e2e40d', '2f2d2e36-07c5-4392-a098-1a901bedebc5',
        'b4ffbe3c-1e75-4700-9331-51539e51ccb3'),
       ('b4f7a8b7-6697-4f14-a7bd-230386cf0754', 1.5, _binary '\0', 'Daily Quiz', '08e635bd-3a1d-40cc-b890-b723e4228ddf',
        '2f2d2e36-07c5-4392-a098-1a901bedebc5', 'b4ffbe3c-1e75-4700-9331-51539e51ccb3'),
       ('b5e9c058-8270-4ce2-9b1b-9fc94efbd573', 4.75, _binary '\0', 'Practice Time: Assignment',
        '9a226b15-038b-42ca-9a4d-ebf2f13a479a', 'e25bffec-60cd-4f1a-818d-79370d2cd88a',
        'b625c78e-5cd8-4273-8bd3-230623fe5383'),
       ('b67a1093-33d9-4e6f-ba98-e321950e6e5e', 2, _binary '\0', 'Exception Handling & Utility Classes',
        'bdd335ee-d8ae-4024-b01d-ed49d14aae9c', '2f2d2e36-07c5-4392-a098-1a901bedebc5',
        'b72c5fb8-f32c-418a-8167-f3b8372fc91c'),
       ('b7139e68-e9c5-4e0d-b043-e794b2877986', 0.25, _binary '\0', 'Guide to answer Interview Question',
        'e447bbe0-e681-4805-8486-924da7e2e40d', '2f2d2e36-07c5-4392-a098-1a901bedebc5',
        'b72c5fb8-f32c-418a-8167-f3b8372fc91c'),
       ('b7a97c27-e191-46b2-bf51-8196c125d8c9', 0.25, _binary '\0', 'Daily Assignment Giving',
        'e447bbe0-e681-4805-8486-924da7e2e40d', '2f2d2e36-07c5-4392-a098-1a901bedebc5',
        'b72c5fb8-f32c-418a-8167-f3b8372fc91c'),
       ('b8866ebc-d0c8-4a96-8614-67c609643596', 1.5, _binary '\0', 'Daily Quiz', '08e635bd-3a1d-40cc-b890-b723e4228ddf',
        '2f2d2e36-07c5-4392-a098-1a901bedebc5', 'b625c78e-5cd8-4273-8bd3-230623fe5383'),
       ('b97a0cb7-602f-41d1-a77e-8640c1334820', 1, _binary '\0', 'Daily Assignment Review & Guides',
        'e447bbe0-e681-4805-8486-924da7e2e40d', 'e25bffec-60cd-4f1a-818d-79370d2cd88a',
        'b625c78e-5cd8-4273-8bd3-230623fe5383'),
       ('ba9bc771-349a-4294-8947-cb9685de09ae', 4.75, _binary '\0', 'Practice Time: Assignment',
        '9a226b15-038b-42ca-9a4d-ebf2f13a479a', '2f2d2e36-07c5-4392-a098-1a901bedebc5',
        'b72c5fb8-f32c-418a-8167-f3b8372fc91c'),
       ('baf8ae14-ffa2-4e4a-a8bd-b9be4831ea85', 0.5, _binary '\0', 'Daily Quiz Review',
        'e447bbe0-e681-4805-8486-924da7e2e40d', '2f2d2e36-07c5-4392-a098-1a901bedebc5',
        'b4ffbe3c-1e75-4700-9331-51539e51ccb3'),
       ('bb1af724-e2da-4d85-a3bd-4c224f1d6e1b', 0.5, _binary '\0', 'Daily Quiz Review',
        'e447bbe0-e681-4805-8486-924da7e2e40d', '2f2d2e36-07c5-4392-a098-1a901bedebc5',
        'b72c5fb8-f32c-418a-8167-f3b8372fc91c'),
       ('bca788e1-e8d8-4bf7-8395-7e9ec584c887', 0.5, _binary '\0', 'Daily Assignment Giving',
        'e447bbe0-e681-4805-8486-924da7e2e40d', '2f2d2e36-07c5-4392-a098-1a901bedebc5',
        'b4ffbe3c-1e75-4700-9331-51539e51ccb3'),
       ('bcda12ed-44cb-4a1d-95f6-1c46272c89fb', 1.25, _binary '\0', 'Working with Mobile',
        'bdd335ee-d8ae-4024-b01d-ed49d14aae9c', 'e25bffec-60cd-4f1a-818d-79370d2cd88a',
        'b625c78e-5cd8-4273-8bd3-230623fe5383'),
       ('bce894d0-95bd-4fd6-8987-ce4dcca19b26', 4.5, _binary '\0', 'Practice Time: Assignment',
        '9a226b15-038b-42ca-9a4d-ebf2f13a479a', '2f2d2e36-07c5-4392-a098-1a901bedebc5',
        'bb21f344-7701-4935-9048-ec47c1bc6892'),
       ('bd653929-9ca6-4ee9-9979-230f3d34aff7', 1, _binary '\0', 'Introduction to the course',
        'bdd335ee-d8ae-4024-b01d-ed49d14aae9c', '25adde40-2f90-4592-b984-b1d995a23254',
        'bb21f344-7701-4935-9048-ec47c1bc6892'),
       ('bdec4322-35ea-41b3-902b-99385e760b56', 0.5, _binary '\0', 'Daily Assignment Giving',
        'e447bbe0-e681-4805-8486-924da7e2e40d', '2f2d2e36-07c5-4392-a098-1a901bedebc5',
        'bb21f344-7701-4935-9048-ec47c1bc6892'),
       ('be394969-1b0a-458d-ac92-9b21f90ad86b', 1, _binary '\0', 'Daily Assignment Review & Guides',
        'e447bbe0-e681-4805-8486-924da7e2e40d', '2f2d2e36-07c5-4392-a098-1a901bedebc5',
        'bb21f344-7701-4935-9048-ec47c1bc6892'),
       ('bf5fc4a2-ef9c-47c2-9e95-2313a9231fbf', 3.75, _binary '\0', 'OOP in Java',
        'bdd335ee-d8ae-4024-b01d-ed49d14aae9c', '25adde40-2f90-4592-b984-b1d995a23254',
        'bb21f344-7701-4935-9048-ec47c1bc6892'),
       ('c050bd74-8161-4340-81e2-9e1fd40ed325', 2.5, _binary '\0', 'Advanced features in Python',
        'bdd335ee-d8ae-4024-b01d-ed49d14aae9c', '2f2d2e36-07c5-4392-a098-1a901bedebc5',
        'c4ffbe3c-1e75-4700-9331-51539e51ccb3'),
       ('c0d06395-d774-4c75-836c-cea4abe2a550', 0.25, _binary '\0', 'Daily Assignment Giving',
        'e447bbe0-e681-4805-8486-924da7e2e40d', 'e25bffec-60cd-4f1a-818d-79370d2cd88a',
        'c625c78e-5cd8-4273-8bd3-230623fe5383'),
       ('c0f96493-e450-42b9-aa7d-1f4089ca5faf', 1.5, _binary '\0', 'Daily Quiz', '08e635bd-3a1d-40cc-b890-b723e4228ddf',
        '2f2d2e36-07c5-4392-a098-1a901bedebc5', 'c72c5fb8-f32c-418a-8167-f3b8372fc91c'),
       ('c106572e-fa86-4b4b-85d6-63a3f2ebf476', 0.75, _binary '\0', 'Guide to answer Interview Question',
        'e447bbe0-e681-4805-8486-924da7e2e40d', '2f2d2e36-07c5-4392-a098-1a901bedebc5',
        'c625c78e-5cd8-4273-8bd3-230623fe5383'),
       ('c1d2714b-7291-4e06-a1ef-4ec5165a487a', 1.25, _binary '\0', 'Daily Assignment Review & Guides',
        'e447bbe0-e681-4805-8486-924da7e2e40d', '2f2d2e36-07c5-4392-a098-1a901bedebc5',
        'c72c5fb8-f32c-418a-8167-f3b8372fc91c'),
       ('c1eecb32-db6e-4899-8264-9bdaa8008c72', 0.75, _binary '\0', 'Daily Quiz Review',
        'e447bbe0-e681-4805-8486-924da7e2e40d', '2f2d2e36-07c5-4392-a098-1a901bedebc5',
        'c625c78e-5cd8-4273-8bd3-230623fe5383'),
       ('c271ca0a-3dce-4eac-81d9-5ecf4d830b05', 4.75, _binary '\0', 'Practice Time: Assignment',
        '9a226b15-038b-42ca-9a4d-ebf2f13a479a', '2f2d2e36-07c5-4392-a098-1a901bedebc5',
        'c4ffbe3c-1e75-4700-9331-51539e51ccb3'),
       ('c2ef28e6-259b-4b87-a0a8-855a65dd3aae', 0.25, _binary '\0', 'Guide to answer Interview Question',
        'e447bbe0-e681-4805-8486-924da7e2e40d', '2f2d2e36-07c5-4392-a098-1a901bedebc5',
        'c4ffbe3c-1e75-4700-9331-51539e51ccb3'),
       ('c3dba29b-e397-4fb5-b98b-698c7673973c', 1.75, _binary '\0', 'Web', 'bdd335ee-d8ae-4024-b01d-ed49d14aae9c',
        '2f2d2e36-07c5-4392-a098-1a901bedebc5', 'c625c78e-5cd8-4273-8bd3-230623fe5383'),
       ('c41960a2-94f6-4f1f-8993-3db3ea78e51b', 1, _binary '\0', 'Daily Assignment Review & Guides',
        'e447bbe0-e681-4805-8486-924da7e2e40d', '2f2d2e36-07c5-4392-a098-1a901bedebc5',
        'c4ffbe3c-1e75-4700-9331-51539e51ccb3'),
       ('c4f7a8b7-6697-4f14-a7bd-230386cf0754', 1.5, _binary '\0', 'Daily Quiz', '08e635bd-3a1d-40cc-b890-b723e4228ddf',
        '2f2d2e36-07c5-4392-a098-1a901bedebc5', 'c4ffbe3c-1e75-4700-9331-51539e51ccb3'),
       ('c5e9c058-8270-4ce2-9b1b-9fc94efbd573', 4.25, _binary '\0', 'Practice Time: Assignment',
        '9a226b15-038b-42ca-9a4d-ebf2f13a479a', 'e25bffec-60cd-4f1a-818d-79370d2cd88a',
        'c625c78e-5cd8-4273-8bd3-230623fe5383'),
       ('c67a1093-33d9-4e6f-ba98-e321950e6e5e', 2, _binary '\0', 'Exception Handling & Utility Classes',
        'bdd335ee-d8ae-4024-b01d-ed49d14aae9c', '2f2d2e36-07c5-4392-a098-1a901bedebc5',
        'c72c5fb8-f32c-418a-8167-f3b8372fc91c'),
       ('c7139e68-e9c5-4e0d-b043-e794b2877986', 0.75, _binary '\0', 'Guide to answer Interview Question',
        'e447bbe0-e681-4805-8486-924da7e2e40d', '2f2d2e36-07c5-4392-a098-1a901bedebc5',
        'c72c5fb8-f32c-418a-8167-f3b8372fc91c'),
       ('c7a97c27-e191-46b2-bf51-8196c125d8c9', 0.25, _binary '\0', 'Daily Assignment Giving',
        'e447bbe0-e681-4805-8486-924da7e2e40d', '2f2d2e36-07c5-4392-a098-1a901bedebc5',
        'c72c5fb8-f32c-418a-8167-f3b8372fc91c'),
       ('c8866ebc-d0c8-4a96-8614-67c609643596', 1.75, _binary '\0', 'Daily Quiz',
        '08e635bd-3a1d-40cc-b890-b723e4228ddf', '2f2d2e36-07c5-4392-a098-1a901bedebc5',
        'c625c78e-5cd8-4273-8bd3-230623fe5383'),
       ('c97a0cb7-602f-41d1-a77e-8640c1334820', 1.75, _binary '\0', 'Daily Assignment Review & Guides',
        'e447bbe0-e681-4805-8486-924da7e2e40d', 'e25bffec-60cd-4f1a-818d-79370d2cd88a',
        'c625c78e-5cd8-4273-8bd3-230623fe5383'),
       ('ca9bc771-349a-4294-8947-cb9685de09ae', 4, _binary '\0', 'Practice Time: Assignment',
        '9a226b15-038b-42ca-9a4d-ebf2f13a479a', '2f2d2e36-07c5-4392-a098-1a901bedebc5',
        'c72c5fb8-f32c-418a-8167-f3b8372fc91c'),
       ('caf8ae14-ffa2-4e4a-a8bd-b9be4831ea85', 0.5, _binary '\0', 'Daily Quiz Review',
        'e447bbe0-e681-4805-8486-924da7e2e40d', '2f2d2e36-07c5-4392-a098-1a901bedebc5',
        'c4ffbe3c-1e75-4700-9331-51539e51ccb3'),
       ('cb1af724-e2da-4d85-a3bd-4c224f1d6e1b', 0.25, _binary '\0', 'Daily Quiz Review',
        'e447bbe0-e681-4805-8486-924da7e2e40d', '2f2d2e36-07c5-4392-a098-1a901bedebc5',
        'c72c5fb8-f32c-418a-8167-f3b8372fc91c'),
       ('cca788e1-e8d8-4bf7-8395-7e9ec584c887', 0.25, _binary '\0', 'Daily Assignment Giving',
        'e447bbe0-e681-4805-8486-924da7e2e40d', '2f2d2e36-07c5-4392-a098-1a901bedebc5',
        'c4ffbe3c-1e75-4700-9331-51539e51ccb3'),
       ('ccda12ed-44cb-4a1d-95f6-1c46272c89fb', 1.5, _binary '\0', 'Working with AI',
        'bdd335ee-d8ae-4024-b01d-ed49d14aae9c', 'e25bffec-60cd-4f1a-818d-79370d2cd88a',
        'c625c78e-5cd8-4273-8bd3-230623fe5383'),
       ('cce894d0-95bd-4fd6-8987-ce4dcca19b26', 4.75, _binary '\0', 'Practice Time: Assignment',
        '9a226b15-038b-42ca-9a4d-ebf2f13a479a', '2f2d2e36-07c5-4392-a098-1a901bedebc5',
        'cb21f344-7701-4935-9048-ec47c1bc6892'),
       ('cd653929-9ca6-4ee9-9979-230f3d34aff7', 1, _binary '\0', 'Introduction to the course',
        'bdd335ee-d8ae-4024-b01d-ed49d14aae9c', '25adde40-2f90-4592-b984-b1d995a23254',
        'cb21f344-7701-4935-9048-ec47c1bc6892'),
       ('cdec4322-35ea-41b3-902b-99385e760b56', 0.75, _binary '\0', 'Daily Assignment Giving',
        'e447bbe0-e681-4805-8486-924da7e2e40d', '2f2d2e36-07c5-4392-a098-1a901bedebc5',
        'cb21f344-7701-4935-9048-ec47c1bc6892'),
       ('ce394969-1b0a-458d-ac92-9b21f90ad86b', 1.25, _binary '\0', 'Daily Assignment Review & Guides',
        'e447bbe0-e681-4805-8486-924da7e2e40d', '2f2d2e36-07c5-4392-a098-1a901bedebc5',
        'cb21f344-7701-4935-9048-ec47c1bc6892'),
       ('cf5fc4a2-ef9c-47c2-9e95-2313a9231fbf', 3.5, _binary '\0', 'OOP in Python',
        'bdd335ee-d8ae-4024-b01d-ed49d14aae9c', '25adde40-2f90-4592-b984-b1d995a23254',
        'cb21f344-7701-4935-9048-ec47c1bc6892'),
       ('d050bd74-8161-4340-81e2-9e1fd40ed325', 2.25, _binary '\0', 'Advanced features in NodeJS',
        'bdd335ee-d8ae-4024-b01d-ed49d14aae9c', '2f2d2e36-07c5-4392-a098-1a901bedebc5',
        'd4ffbe3c-1e75-4700-9331-51539e51ccb3'),
       ('d0d06395-d774-4c75-836c-cea4abe2a550', 0.25, _binary '\0', 'Daily Assignment Giving',
        'e447bbe0-e681-4805-8486-924da7e2e40d', 'e25bffec-60cd-4f1a-818d-79370d2cd88a',
        'd625c78e-5cd8-4273-8bd3-230623fe5383'),
       ('d0f96493-e450-42b9-aa7d-1f4089ca5faf', 1.5, _binary '\0', 'Daily Quiz', '08e635bd-3a1d-40cc-b890-b723e4228ddf',
        '2f2d2e36-07c5-4392-a098-1a901bedebc5', 'd72c5fb8-f32c-418a-8167-f3b8372fc91c'),
       ('d106572e-fa86-4b4b-85d6-63a3f2ebf476', 0.75, _binary '\0', 'Guide to answer Interview Question',
        'e447bbe0-e681-4805-8486-924da7e2e40d', '2f2d2e36-07c5-4392-a098-1a901bedebc5',
        'd625c78e-5cd8-4273-8bd3-230623fe5383'),
       ('d1d2714b-7291-4e06-a1ef-4ec5165a487a', 1.5, _binary '\0', 'Daily Assignment Review & Guides',
        'e447bbe0-e681-4805-8486-924da7e2e40d', '2f2d2e36-07c5-4392-a098-1a901bedebc5',
        'd72c5fb8-f32c-418a-8167-f3b8372fc91c'),
       ('d1eecb32-db6e-4899-8264-9bdaa8008c72', 0.75, _binary '\0', 'Daily Quiz Review',
        'e447bbe0-e681-4805-8486-924da7e2e40d', '2f2d2e36-07c5-4392-a098-1a901bedebc5',
        'd625c78e-5cd8-4273-8bd3-230623fe5383'),
       ('d271ca0a-3dce-4eac-81d9-5ecf4d830b05', 4.5, _binary '\0', 'Practice Time: Assignment',
        '9a226b15-038b-42ca-9a4d-ebf2f13a479a', '2f2d2e36-07c5-4392-a098-1a901bedebc5',
        'd4ffbe3c-1e75-4700-9331-51539e51ccb3'),
       ('d2ef28e6-259b-4b87-a0a8-855a65dd3aae', 0.75, _binary '\0', 'Guide to answer Interview Question',
        'e447bbe0-e681-4805-8486-924da7e2e40d', '2f2d2e36-07c5-4392-a098-1a901bedebc5',
        'd4ffbe3c-1e75-4700-9331-51539e51ccb3'),
       ('d3dba29b-e397-4fb5-b98b-698c7673973c', 1.75, _binary '\0', 'Web', 'bdd335ee-d8ae-4024-b01d-ed49d14aae9c',
        '2f2d2e36-07c5-4392-a098-1a901bedebc5', 'd625c78e-5cd8-4273-8bd3-230623fe5383'),
       ('d41960a2-94f6-4f1f-8993-3db3ea78e51b', 1.75, _binary '\0', 'Daily Assignment Review & Guides',
        'e447bbe0-e681-4805-8486-924da7e2e40d', '2f2d2e36-07c5-4392-a098-1a901bedebc5',
        'd4ffbe3c-1e75-4700-9331-51539e51ccb3'),
       ('d4f7a8b7-6697-4f14-a7bd-230386cf0754', 1, _binary '\0', 'Daily Quiz', '08e635bd-3a1d-40cc-b890-b723e4228ddf',
        '2f2d2e36-07c5-4392-a098-1a901bedebc5', 'd4ffbe3c-1e75-4700-9331-51539e51ccb3'),
       ('d5e9c058-8270-4ce2-9b1b-9fc94efbd573', 4.5, _binary '\0', 'Practice Time: Assignment',
        '9a226b15-038b-42ca-9a4d-ebf2f13a479a', 'e25bffec-60cd-4f1a-818d-79370d2cd88a',
        'd625c78e-5cd8-4273-8bd3-230623fe5383'),
       ('d67a1093-33d9-4e6f-ba98-e321950e6e5e', 2.25, _binary '\0', 'Exception Handling & Utility Classes',
        'bdd335ee-d8ae-4024-b01d-ed49d14aae9c', '2f2d2e36-07c5-4392-a098-1a901bedebc5',
        'd72c5fb8-f32c-418a-8167-f3b8372fc91c'),
       ('d7139e68-e9c5-4e0d-b043-e794b2877986', 0.75, _binary '\0', 'Guide to answer Interview Question',
        'e447bbe0-e681-4805-8486-924da7e2e40d', '2f2d2e36-07c5-4392-a098-1a901bedebc5',
        'd72c5fb8-f32c-418a-8167-f3b8372fc91c'),
       ('d7a97c27-e191-46b2-bf51-8196c125d8c9', 0.25, _binary '\0', 'Daily Assignment Giving',
        'e447bbe0-e681-4805-8486-924da7e2e40d', '2f2d2e36-07c5-4392-a098-1a901bedebc5',
        'd72c5fb8-f32c-418a-8167-f3b8372fc91c'),
       ('d8866ebc-d0c8-4a96-8614-67c609643596', 1.25, _binary '\0', 'Daily Quiz',
        '08e635bd-3a1d-40cc-b890-b723e4228ddf', '2f2d2e36-07c5-4392-a098-1a901bedebc5',
        'd625c78e-5cd8-4273-8bd3-230623fe5383'),
       ('d97a0cb7-602f-41d1-a77e-8640c1334820', 1.75, _binary '\0', 'Daily Assignment Review & Guides',
        'e447bbe0-e681-4805-8486-924da7e2e40d', 'e25bffec-60cd-4f1a-818d-79370d2cd88a',
        'd625c78e-5cd8-4273-8bd3-230623fe5383'),
       ('da9bc771-349a-4294-8947-cb9685de09ae', 4.25, _binary '\0', 'Practice Time: Assignment',
        '9a226b15-038b-42ca-9a4d-ebf2f13a479a', '2f2d2e36-07c5-4392-a098-1a901bedebc5',
        'd72c5fb8-f32c-418a-8167-f3b8372fc91c'),
       ('daf8ae14-ffa2-4e4a-a8bd-b9be4831ea85', 0.5, _binary '\0', 'Daily Quiz Review',
        'e447bbe0-e681-4805-8486-924da7e2e40d', '2f2d2e36-07c5-4392-a098-1a901bedebc5',
        'd4ffbe3c-1e75-4700-9331-51539e51ccb3'),
       ('db1af724-e2da-4d85-a3bd-4c224f1d6e1b', 0.5, _binary '\0', 'Daily Quiz Review',
        'e447bbe0-e681-4805-8486-924da7e2e40d', '2f2d2e36-07c5-4392-a098-1a901bedebc5',
        'd72c5fb8-f32c-418a-8167-f3b8372fc91c'),
       ('dca788e1-e8d8-4bf7-8395-7e9ec584c887', 0.25, _binary '\0', 'Daily Assignment Giving',
        'e447bbe0-e681-4805-8486-924da7e2e40d', '2f2d2e36-07c5-4392-a098-1a901bedebc5',
        'd4ffbe3c-1e75-4700-9331-51539e51ccb3'),
       ('dcda12ed-44cb-4a1d-95f6-1c46272c89fb', 1.25, _binary '\0', 'Working with Mobile',
        'bdd335ee-d8ae-4024-b01d-ed49d14aae9c', 'e25bffec-60cd-4f1a-818d-79370d2cd88a',
        'd625c78e-5cd8-4273-8bd3-230623fe5383'),
       ('dce894d0-95bd-4fd6-8987-ce4dcca19b26', 4.75, _binary '\0', 'Practice Time: Assignment',
        '9a226b15-038b-42ca-9a4d-ebf2f13a479a', '2f2d2e36-07c5-4392-a098-1a901bedebc5',
        'db21f344-7701-4935-9048-ec47c1bc6892'),
       ('dd653929-9ca6-4ee9-9979-230f3d34aff7', 1.5, _binary '\0', 'Introduction to the course',
        'bdd335ee-d8ae-4024-b01d-ed49d14aae9c', '25adde40-2f90-4592-b984-b1d995a23254',
        'db21f344-7701-4935-9048-ec47c1bc6892'),
       ('ddec4322-35ea-41b3-902b-99385e760b56', 0.25, _binary '\0', 'Daily Assignment Giving',
        'e447bbe0-e681-4805-8486-924da7e2e40d', '2f2d2e36-07c5-4392-a098-1a901bedebc5',
        'db21f344-7701-4935-9048-ec47c1bc6892'),
       ('de394969-1b0a-458d-ac92-9b21f90ad86b', 1.25, _binary '\0', 'Daily Assignment Review & Guides',
        'e447bbe0-e681-4805-8486-924da7e2e40d', '2f2d2e36-07c5-4392-a098-1a901bedebc5',
        'db21f344-7701-4935-9048-ec47c1bc6892'),
       ('df5fc4a2-ef9c-47c2-9e95-2313a9231fbf', 3, _binary '\0', 'OOP in NodeJS',
        'bdd335ee-d8ae-4024-b01d-ed49d14aae9c', '25adde40-2f90-4592-b984-b1d995a23254',
        'db21f344-7701-4935-9048-ec47c1bc6892'),
       ('e050bd74-8161-4340-81e2-9e1fd40ed325', 2.75, _binary '\0', 'Advanced features in Javascript',
        'bdd335ee-d8ae-4024-b01d-ed49d14aae9c', '2f2d2e36-07c5-4392-a098-1a901bedebc5',
        'e4ffbe3c-1e75-4700-9331-51539e51ccb3'),
       ('e0d06395-d774-4c75-836c-cea4abe2a550', 0.5, _binary '\0', 'Daily Assignment Giving',
        'e447bbe0-e681-4805-8486-924da7e2e40d', 'e25bffec-60cd-4f1a-818d-79370d2cd88a',
        'e625c78e-5cd8-4273-8bd3-230623fe5383'),
       ('e0f96493-e450-42b9-aa7d-1f4089ca5faf', 1.5, _binary '\0', 'Daily Quiz', '08e635bd-3a1d-40cc-b890-b723e4228ddf',
        '2f2d2e36-07c5-4392-a098-1a901bedebc5', 'e72c5fb8-f32c-418a-8167-f3b8372fc91c'),
       ('e106572e-fa86-4b4b-85d6-63a3f2ebf476', 0.5, _binary '\0', 'Guide to answer Interview Question',
        'e447bbe0-e681-4805-8486-924da7e2e40d', '2f2d2e36-07c5-4392-a098-1a901bedebc5',
        'e625c78e-5cd8-4273-8bd3-230623fe5383'),
       ('e1d2714b-7291-4e06-a1ef-4ec5165a487a', 1.75, _binary '\0', 'Daily Assignment Review & Guides',
        'e447bbe0-e681-4805-8486-924da7e2e40d', '2f2d2e36-07c5-4392-a098-1a901bedebc5',
        'e72c5fb8-f32c-418a-8167-f3b8372fc91c'),
       ('e1eecb32-db6e-4899-8264-9bdaa8008c72', 0.5, _binary '\0', 'Daily Quiz Review',
        'e447bbe0-e681-4805-8486-924da7e2e40d', '2f2d2e36-07c5-4392-a098-1a901bedebc5',
        'e625c78e-5cd8-4273-8bd3-230623fe5383'),
       ('e271ca0a-3dce-4eac-81d9-5ecf4d830b05', 4.75, _binary '\0', 'Practice Time: Assignment',
        '9a226b15-038b-42ca-9a4d-ebf2f13a479a', '2f2d2e36-07c5-4392-a098-1a901bedebc5',
        'e4ffbe3c-1e75-4700-9331-51539e51ccb3'),
       ('e2ef28e6-259b-4b87-a0a8-855a65dd3aae', 0.5, _binary '\0', 'Guide to answer Interview Question',
        'e447bbe0-e681-4805-8486-924da7e2e40d', '2f2d2e36-07c5-4392-a098-1a901bedebc5',
        'e4ffbe3c-1e75-4700-9331-51539e51ccb3'),
       ('e3dba29b-e397-4fb5-b98b-698c7673973c', 1.25, _binary '\0', 'Web', 'bdd335ee-d8ae-4024-b01d-ed49d14aae9c',
        '2f2d2e36-07c5-4392-a098-1a901bedebc5', 'e625c78e-5cd8-4273-8bd3-230623fe5383'),
       ('e41960a2-94f6-4f1f-8993-3db3ea78e51b', 1.5, _binary '\0', 'Daily Assignment Review & Guides',
        'e447bbe0-e681-4805-8486-924da7e2e40d', '2f2d2e36-07c5-4392-a098-1a901bedebc5',
        'e4ffbe3c-1e75-4700-9331-51539e51ccb3'),
       ('e4f7a8b7-6697-4f14-a7bd-230386cf0754', 1.5, _binary '\0', 'Daily Quiz', '08e635bd-3a1d-40cc-b890-b723e4228ddf',
        '2f2d2e36-07c5-4392-a098-1a901bedebc5', 'e4ffbe3c-1e75-4700-9331-51539e51ccb3'),
       ('e5e9c058-8270-4ce2-9b1b-9fc94efbd573', 4.5, _binary '\0', 'Practice Time: Assignment',
        '9a226b15-038b-42ca-9a4d-ebf2f13a479a', 'e25bffec-60cd-4f1a-818d-79370d2cd88a',
        'e625c78e-5cd8-4273-8bd3-230623fe5383'),
       ('e67a1093-33d9-4e6f-ba98-e321950e6e5e', 2.75, _binary '\0', 'Exception Handling & Utility Classes',
        'bdd335ee-d8ae-4024-b01d-ed49d14aae9c', '2f2d2e36-07c5-4392-a098-1a901bedebc5',
        'e72c5fb8-f32c-418a-8167-f3b8372fc91c'),
       ('e7139e68-e9c5-4e0d-b043-e794b2877986', 0.25, _binary '\0', 'Guide to answer Interview Question',
        'e447bbe0-e681-4805-8486-924da7e2e40d', '2f2d2e36-07c5-4392-a098-1a901bedebc5',
        'e72c5fb8-f32c-418a-8167-f3b8372fc91c'),
       ('e7a97c27-e191-46b2-bf51-8196c125d8c9', 0.5, _binary '\0', 'Daily Assignment Giving',
        'e447bbe0-e681-4805-8486-924da7e2e40d', '2f2d2e36-07c5-4392-a098-1a901bedebc5',
        'e72c5fb8-f32c-418a-8167-f3b8372fc91c'),
       ('e8866ebc-d0c8-4a96-8614-67c609643596', 1.25, _binary '\0', 'Daily Quiz',
        '08e635bd-3a1d-40cc-b890-b723e4228ddf', '2f2d2e36-07c5-4392-a098-1a901bedebc5',
        'e625c78e-5cd8-4273-8bd3-230623fe5383'),
       ('e97a0cb7-602f-41d1-a77e-8640c1334820', 1.25, _binary '\0', 'Daily Assignment Review & Guides',
        'e447bbe0-e681-4805-8486-924da7e2e40d', 'e25bffec-60cd-4f1a-818d-79370d2cd88a',
        'e625c78e-5cd8-4273-8bd3-230623fe5383'),
       ('ea9bc771-349a-4294-8947-cb9685de09ae', 4.75, _binary '\0', 'Practice Time: Assignment',
        '9a226b15-038b-42ca-9a4d-ebf2f13a479a', '2f2d2e36-07c5-4392-a098-1a901bedebc5',
        'e72c5fb8-f32c-418a-8167-f3b8372fc91c'),
       ('eaf8ae14-ffa2-4e4a-a8bd-b9be4831ea85', 0.5, _binary '\0', 'Daily Quiz Review',
        'e447bbe0-e681-4805-8486-924da7e2e40d', '2f2d2e36-07c5-4392-a098-1a901bedebc5',
        'e4ffbe3c-1e75-4700-9331-51539e51ccb3'),
       ('eb1af724-e2da-4d85-a3bd-4c224f1d6e1b', 0.25, _binary '\0', 'Daily Quiz Review',
        'e447bbe0-e681-4805-8486-924da7e2e40d', '2f2d2e36-07c5-4392-a098-1a901bedebc5',
        'e72c5fb8-f32c-418a-8167-f3b8372fc91c'),
       ('eca788e1-e8d8-4bf7-8395-7e9ec584c887', 0.5, _binary '\0', 'Daily Assignment Giving',
        'e447bbe0-e681-4805-8486-924da7e2e40d', '2f2d2e36-07c5-4392-a098-1a901bedebc5',
        'e4ffbe3c-1e75-4700-9331-51539e51ccb3'),
       ('ecda12ed-44cb-4a1d-95f6-1c46272c89fb', 1, _binary '\0', 'Working with Mobile',
        'bdd335ee-d8ae-4024-b01d-ed49d14aae9c', 'e25bffec-60cd-4f1a-818d-79370d2cd88a',
        'e625c78e-5cd8-4273-8bd3-230623fe5383'),
       ('ece894d0-95bd-4fd6-8987-ce4dcca19b26', 4.25, _binary '\0', 'Practice Time: Assignment',
        '9a226b15-038b-42ca-9a4d-ebf2f13a479a', '2f2d2e36-07c5-4392-a098-1a901bedebc5',
        'eb21f344-7701-4935-9048-ec47c1bc6892'),
       ('ed653929-9ca6-4ee9-9979-230f3d34aff7', 1.75, _binary '\0', 'Introduction to the course',
        'bdd335ee-d8ae-4024-b01d-ed49d14aae9c', '25adde40-2f90-4592-b984-b1d995a23254',
        'eb21f344-7701-4935-9048-ec47c1bc6892'),
       ('edec4322-35ea-41b3-902b-99385e760b56', 0.5, _binary '\0', 'Daily Assignment Giving',
        'e447bbe0-e681-4805-8486-924da7e2e40d', '2f2d2e36-07c5-4392-a098-1a901bedebc5',
        'eb21f344-7701-4935-9048-ec47c1bc6892'),
       ('ee394969-1b0a-458d-ac92-9b21f90ad86b', 1, _binary '\0', 'Daily Assignment Review & Guides',
        'e447bbe0-e681-4805-8486-924da7e2e40d', '2f2d2e36-07c5-4392-a098-1a901bedebc5',
        'eb21f344-7701-4935-9048-ec47c1bc6892'),
       ('ef5fc4a2-ef9c-47c2-9e95-2313a9231fbf', 3.75, _binary '\0', 'OOP in Javascript',
        'bdd335ee-d8ae-4024-b01d-ed49d14aae9c', '25adde40-2f90-4592-b984-b1d995a23254',
        'eb21f344-7701-4935-9048-ec47c1bc6892');
INSERT INTO `delivery_principle`
VALUES ('a3e943f8-c2eb-42da-a47e-69fb0be2a39b',
        'GV thực hành có đánh giá trong quá trình giảng dạy và chữa bài vào buổi chiều..',
        'Các bài thực hành cho học viên có thể có yêu cầu cụ thể riêng liên quan đến phần mềm, các cài đặt dữ liệu. Giảng viên thực hành và quản lý lớp cần kiểm tra kỹ trong nội dung yêu cầu các bài thực hành và chuẩn bị tương ứng trước.',
        NULL,
        'Tối ưu không quá 20 học viên/lớp thực hành, tối đa không quá 30. Không hạn chế số lượng học viên trong giờ học lý thuyết.',
        'Giảng viên cần ít nhất 2 năm kinh nghiệm tham gia các dự án phát triển phần mềm và thao tác trực tiếp với .NET.',
        'Chủ nhiệm lớp thống nhất với GV lý thuyết và GV thực hành về các bài assignments sẽ áp dụng trong các ngày trước khi bắt đầu môn học. Giảng viên lý thuyết: dạy lý thuyết vào buổi sáng (sau khi HV làm xong quiz hàng ngày) và giao bài tập thực hành buổi chiều (có trao đổi để HV nắm được yêu cầu). Giảng viên thực hành: dành toàn thời gian buổi chiều để giải đáp thắc mắc và trợ giúp khi học viên làm bài tập assignment được giao.',
        NULL, '239be19f-72ee-4def-950c-cfb7ff306066'),
       ('b3e943f8-c2eb-42da-a47e-69fb0be2a39b',
        'GV thực hành có đánh giá trong quá trình giảng dạy và chữa bài vào buổi chiều..',
        'Các bài thực hành cho học viên có thể có yêu cầu cụ thể riêng liên quan đến phần mềm, các cài đặt dữ liệu. Giảng viên thực hành và quản lý lớp cần kiểm tra kỹ trong nội dung yêu cầu các bài thực hành và chuẩn bị tương ứng trước.',
        NULL,
        'Tối ưu không quá 20 học viên/lớp thực hành, tối đa không quá 30. Không hạn chế số lượng học viên trong giờ học lý thuyết.',
        'Giảng viên cần ít nhất 2 năm kinh nghiệm tham gia các dự án phát triển phần mềm và thao tác trực tiếp với Java.',
        'Chủ nhiệm lớp thống nhất với GV lý thuyết và GV thực hành về các bài assignments sẽ áp dụng trong các ngày trước khi bắt đầu môn học. Giảng viên lý thuyết: dạy lý thuyết vào buổi sáng (sau khi HV làm xong quiz hàng ngày) và giao bài tập thực hành buổi chiều (có trao đổi để HV nắm được yêu cầu). Giảng viên thực hành: dành toàn thời gian buổi chiều để giải đáp thắc mắc và trợ giúp khi học viên làm bài tập assignment được giao.',
        NULL, '5d2a9b26-29d0-447d-991f-308a0fa15dd6'),
       ('c3e943f8-c2eb-42da-a47e-69fb0be2a39b',
        'GV thực hành có đánh giá trong quá trình giảng dạy và chữa bài vào buổi chiều..',
        'Các bài thực hành cho học viên có thể có yêu cầu cụ thể riêng liên quan đến phần mềm, các cài đặt dữ liệu. Giảng viên thực hành và quản lý lớp cần kiểm tra kỹ trong nội dung yêu cầu các bài thực hành và chuẩn bị tương ứng trước.',
        NULL,
        'Tối ưu không quá 20 học viên/lớp thực hành, tối đa không quá 30. Không hạn chế số lượng học viên trong giờ học lý thuyết.',
        'Giảng viên cần ít nhất 2 năm kinh nghiệm tham gia các dự án phát triển phần mềm và thao tác trực tiếp với Python.',
        'Chủ nhiệm lớp thống nhất với GV lý thuyết và GV thực hành về các bài assignments sẽ áp dụng trong các ngày trước khi bắt đầu môn học. Giảng viên lý thuyết: dạy lý thuyết vào buổi sáng (sau khi HV làm xong quiz hàng ngày) và giao bài tập thực hành buổi chiều (có trao đổi để HV nắm được yêu cầu). Giảng viên thực hành: dành toàn thời gian buổi chiều để giải đáp thắc mắc và trợ giúp khi học viên làm bài tập assignment được giao.',
        NULL, '954e8ca1-68e6-4c3b-b297-cca5818e433b'),
       ('d3e943f8-c2eb-42da-a47e-69fb0be2a39b',
        'GV thực hành có đánh giá trong quá trình giảng dạy và chữa bài vào buổi chiều..',
        'Các bài thực hành cho học viên có thể có yêu cầu cụ thể riêng liên quan đến phần mềm, các cài đặt dữ liệu. Giảng viên thực hành và quản lý lớp cần kiểm tra kỹ trong nội dung yêu cầu các bài thực hành và chuẩn bị tương ứng trước.',
        NULL,
        'Tối ưu không quá 20 học viên/lớp thực hành, tối đa không quá 30. Không hạn chế số lượng học viên trong giờ học lý thuyết.',
        'Giảng viên cần ít nhất 2 năm kinh nghiệm tham gia các dự án phát triển phần mềm và thao tác trực tiếp với NodeJS.',
        'Chủ nhiệm lớp thống nhất với GV lý thuyết và GV thực hành về các bài assignments sẽ áp dụng trong các ngày trước khi bắt đầu môn học. Giảng viên lý thuyết: dạy lý thuyết vào buổi sáng (sau khi HV làm xong quiz hàng ngày) và giao bài tập thực hành buổi chiều (có trao đổi để HV nắm được yêu cầu). Giảng viên thực hành: dành toàn thời gian buổi chiều để giải đáp thắc mắc và trợ giúp khi học viên làm bài tập assignment được giao.',
        NULL, '9ebe29ed-8fba-4d70-b6ce-c64dcba816c5'),
       ('e3e943f8-c2eb-42da-a47e-69fb0be2a39b',
        'GV thực hành có đánh giá trong quá trình giảng dạy và chữa bài vào buổi chiều..',
        'Các bài thực hành cho học viên có thể có yêu cầu cụ thể riêng liên quan đến phần mềm, các cài đặt dữ liệu. Giảng viên thực hành và quản lý lớp cần kiểm tra kỹ trong nội dung yêu cầu các bài thực hành và chuẩn bị tương ứng trước.',
        NULL,
        'Tối ưu không quá 20 học viên/lớp thực hành, tối đa không quá 30. Không hạn chế số lượng học viên trong giờ học lý thuyết.',
        'Giảng viên cần ít nhất 2 năm kinh nghiệm tham gia các dự án phát triển phần mềm và thao tác trực tiếp với Javascript.',
        'Chủ nhiệm lớp thống nhất với GV lý thuyết và GV thực hành về các bài assignments sẽ áp dụng trong các ngày trước khi bắt đầu môn học. Giảng viên lý thuyết: dạy lý thuyết vào buổi sáng (sau khi HV làm xong quiz hàng ngày) và giao bài tập thực hành buổi chiều (có trao đổi để HV nắm được yêu cầu). Giảng viên thực hành: dành toàn thời gian buổi chiều để giải đáp thắc mắc và trợ giúp khi học viên làm bài tập assignment được giao.',
        NULL, 'd2b7c8e3-3981-4dc5-a7cf-2c80e91cb853');
INSERT INTO `program_syllabus`
VALUES ('239be19f-72ee-4def-950c-cfb7ff306066', '029cac58-1bdb-4ae9-a38c-99164e90930b', 0),
       ('239be19f-72ee-4def-950c-cfb7ff306066', '1728428c-cc2c-4750-bb07-3be9a8e097ed', 0),
       ('239be19f-72ee-4def-950c-cfb7ff306066', '31e7956c-b065-4c8c-bd23-44c948108504', 0),
       ('239be19f-72ee-4def-950c-cfb7ff306066', '325bd358-c118-4fb9-82cf-eb2811c4d431', 0),
       ('239be19f-72ee-4def-950c-cfb7ff306066', '4290bb36-9912-41d3-89c3-88c1b1191e40', 0),
       ('239be19f-72ee-4def-950c-cfb7ff306066', '68e2e978-86f2-4b79-acb8-cd437ab3a573', 0),
       ('239be19f-72ee-4def-950c-cfb7ff306066', '7c61663e-17e7-457a-bf15-77eef2f409d6', 0),
       ('239be19f-72ee-4def-950c-cfb7ff306066', '7f51fca7-50c3-49c4-9d75-836a50538e01', 0),
       ('239be19f-72ee-4def-950c-cfb7ff306066', '82681b2e-a0a3-4376-8466-076eae33cf1b', 0),
       ('239be19f-72ee-4def-950c-cfb7ff306066', '85ad094b-328e-4d16-938d-dd31cd0f6259', 0),
       ('239be19f-72ee-4def-950c-cfb7ff306066', 'a0d13ff1-c77a-49c9-bddd-64e21163e017', 0),
       ('239be19f-72ee-4def-950c-cfb7ff306066', 'a1cb6928-4f1a-4f38-a0d6-35d5dffd6b65', 0),
       ('239be19f-72ee-4def-950c-cfb7ff306066', 'a28bc298-309a-4874-b46a-78e4e86a5347', 0),
       ('239be19f-72ee-4def-950c-cfb7ff306066', 'b2419e9f-82dd-4738-ae46-fe3e7b47e44c', 0),
       ('239be19f-72ee-4def-950c-cfb7ff306066', 'b690cdad-4edc-4c15-b3f4-c2483d4813d7', 0),
       ('239be19f-72ee-4def-950c-cfb7ff306066', 'bffb669e-3764-41ca-a143-640b84aa776f', 0),
       ('239be19f-72ee-4def-950c-cfb7ff306066', 'c20ea7c4-0c68-4952-90c3-2530497a1889', 0),
       ('239be19f-72ee-4def-950c-cfb7ff306066', 'c3eca215-d668-4caa-9928-c6fcfa1c8a23', 0),
       ('239be19f-72ee-4def-950c-cfb7ff306066', 'c7a2bc0d-1299-4e27-b0e9-2b0f314e4504', 0),
       ('239be19f-72ee-4def-950c-cfb7ff306066', 'f3cdbf6f-a2ee-4b17-8862-4db61cb165b9', 0),
       ('239be19f-72ee-4def-950c-cfb7ff306066', 'f9fcaf23-959f-47d0-b9f3-6f1464ca2b1b', 0),
       ('239be19f-72ee-4def-950c-cfb7ff306066', 'fa85beb1-e7ef-449f-b159-5559d247392d', 0),
       ('5d2a9b26-29d0-447d-991f-308a0fa15dd6', '029cac58-1bdb-4ae9-a38c-99164e90930b', 0),
       ('5d2a9b26-29d0-447d-991f-308a0fa15dd6', '041bd987-9e66-4ffd-9f96-1078327b3004', 0),
       ('5d2a9b26-29d0-447d-991f-308a0fa15dd6', '2f4b0772-4208-4a74-a3f8-d86b5df0fe4a', 0),
       ('5d2a9b26-29d0-447d-991f-308a0fa15dd6', '31e7956c-b065-4c8c-bd23-44c948108504', 0),
       ('5d2a9b26-29d0-447d-991f-308a0fa15dd6', '325bd358-c118-4fb9-82cf-eb2811c4d431', 0),
       ('5d2a9b26-29d0-447d-991f-308a0fa15dd6', '6f347bf5-6cbd-49ae-9f79-76afedb94c42', 0),
       ('5d2a9b26-29d0-447d-991f-308a0fa15dd6', '7c61663e-17e7-457a-bf15-77eef2f409d6', 0),
       ('5d2a9b26-29d0-447d-991f-308a0fa15dd6', '7d9ecbee-e599-4d75-abd2-09b57c5c6dff', 0),
       ('5d2a9b26-29d0-447d-991f-308a0fa15dd6', '7f8c4db0-cda1-42d2-acca-c35e3602e443', 0),
       ('5d2a9b26-29d0-447d-991f-308a0fa15dd6', '82681b2e-a0a3-4376-8466-076eae33cf1b', 0),
       ('5d2a9b26-29d0-447d-991f-308a0fa15dd6', '85ad094b-328e-4d16-938d-dd31cd0f6259', 0),
       ('5d2a9b26-29d0-447d-991f-308a0fa15dd6', '9136b9bf-0734-4a59-b95e-53c9fc65206b', 0),
       ('5d2a9b26-29d0-447d-991f-308a0fa15dd6', 'a0d13ff1-c77a-49c9-bddd-64e21163e017', 0),
       ('5d2a9b26-29d0-447d-991f-308a0fa15dd6', 'a28bc298-309a-4874-b46a-78e4e86a5347', 0),
       ('5d2a9b26-29d0-447d-991f-308a0fa15dd6', 'a490de3c-5974-440b-9193-edeb9c030b9d', 0),
       ('5d2a9b26-29d0-447d-991f-308a0fa15dd6', 'a4af9fd3-2789-4a88-8c80-282cfd672a5f', 0),
       ('5d2a9b26-29d0-447d-991f-308a0fa15dd6', 'b690cdad-4edc-4c15-b3f4-c2483d4813d7', 0),
       ('5d2a9b26-29d0-447d-991f-308a0fa15dd6', 'c3eca215-d668-4caa-9928-c6fcfa1c8a23', 0),
       ('5d2a9b26-29d0-447d-991f-308a0fa15dd6', 'c6907e05-fe7a-4437-9b84-707496a34360', 0),
       ('5d2a9b26-29d0-447d-991f-308a0fa15dd6', 'cc4185a6-1af7-4251-bb6a-1602f234e91c', 0),
       ('5d2a9b26-29d0-447d-991f-308a0fa15dd6', 'e75b908b-6f31-471c-a4a7-2e6ed0517b6c', 0),
       ('5d2a9b26-29d0-447d-991f-308a0fa15dd6', 'ef9fb26c-7351-452f-b193-5e8317dd1c1b', 0),
       ('5d2a9b26-29d0-447d-991f-308a0fa15dd6', 'f9fcaf23-959f-47d0-b9f3-6f1464ca2b1b', 0),
       ('5d2a9b26-29d0-447d-991f-308a0fa15dd6', 'fb453f99-2819-46fe-ac83-ea5c2bd9adb3', 0),
       ('954e8ca1-68e6-4c3b-b297-cca5818e433b', '041bd987-9e66-4ffd-9f96-1078327b3004', 0),
       ('954e8ca1-68e6-4c3b-b297-cca5818e433b', '4290bb36-9912-41d3-89c3-88c1b1191e40', 0),
       ('954e8ca1-68e6-4c3b-b297-cca5818e433b', '68e2e978-86f2-4b79-acb8-cd437ab3a573', 0),
       ('954e8ca1-68e6-4c3b-b297-cca5818e433b', '6f347bf5-6cbd-49ae-9f79-76afedb94c42', 0),
       ('954e8ca1-68e6-4c3b-b297-cca5818e433b', '7d9ecbee-e599-4d75-abd2-09b57c5c6dff', 0),
       ('954e8ca1-68e6-4c3b-b297-cca5818e433b', '7f8c4db0-cda1-42d2-acca-c35e3602e443', 0),
       ('954e8ca1-68e6-4c3b-b297-cca5818e433b', '82681b2e-a0a3-4376-8466-076eae33cf1b', 0),
       ('954e8ca1-68e6-4c3b-b297-cca5818e433b', '85ad094b-328e-4d16-938d-dd31cd0f6259', 0),
       ('954e8ca1-68e6-4c3b-b297-cca5818e433b', '9136b9bf-0734-4a59-b95e-53c9fc65206b', 0),
       ('954e8ca1-68e6-4c3b-b297-cca5818e433b', '979fea1a-88c2-4ab0-97cd-3f368736f4b8', 0),
       ('954e8ca1-68e6-4c3b-b297-cca5818e433b', 'a28bc298-309a-4874-b46a-78e4e86a5347', 0),
       ('954e8ca1-68e6-4c3b-b297-cca5818e433b', 'a490de3c-5974-440b-9193-edeb9c030b9d', 0),
       ('954e8ca1-68e6-4c3b-b297-cca5818e433b', 'a4b3f93b-d283-4bbd-b28d-5eed315544c8', 0),
       ('954e8ca1-68e6-4c3b-b297-cca5818e433b', 'c3eca215-d668-4caa-9928-c6fcfa1c8a23', 0),
       ('954e8ca1-68e6-4c3b-b297-cca5818e433b', 'c6907e05-fe7a-4437-9b84-707496a34360', 0),
       ('954e8ca1-68e6-4c3b-b297-cca5818e433b', 'cc4185a6-1af7-4251-bb6a-1602f234e91c', 0),
       ('954e8ca1-68e6-4c3b-b297-cca5818e433b', 'ef796941-6379-4dd5-a419-ff61312ba40a', 0),
       ('954e8ca1-68e6-4c3b-b297-cca5818e433b', 'ef9fb26c-7351-452f-b193-5e8317dd1c1b', 0),
       ('954e8ca1-68e6-4c3b-b297-cca5818e433b', 'f3cdbf6f-a2ee-4b17-8862-4db61cb165b9', 0),
       ('954e8ca1-68e6-4c3b-b297-cca5818e433b', 'f9fcaf23-959f-47d0-b9f3-6f1464ca2b1b', 0),
       ('954e8ca1-68e6-4c3b-b297-cca5818e433b', 'fa85beb1-e7ef-449f-b159-5559d247392d', 0),
       ('954e8ca1-68e6-4c3b-b297-cca5818e433b', 'fb453f99-2819-46fe-ac83-ea5c2bd9adb3', 0),
       ('9ebe29ed-8fba-4d70-b6ce-c64dcba816c5', '029cac58-1bdb-4ae9-a38c-99164e90930b', 0),
       ('9ebe29ed-8fba-4d70-b6ce-c64dcba816c5', '041bd987-9e66-4ffd-9f96-1078327b3004', 0),
       ('9ebe29ed-8fba-4d70-b6ce-c64dcba816c5', '2f4b0772-4208-4a74-a3f8-d86b5df0fe4a', 0),
       ('9ebe29ed-8fba-4d70-b6ce-c64dcba816c5', '31e7956c-b065-4c8c-bd23-44c948108504', 0),
       ('9ebe29ed-8fba-4d70-b6ce-c64dcba816c5', '325bd358-c118-4fb9-82cf-eb2811c4d431', 0),
       ('9ebe29ed-8fba-4d70-b6ce-c64dcba816c5', '4290bb36-9912-41d3-89c3-88c1b1191e40', 0),
       ('9ebe29ed-8fba-4d70-b6ce-c64dcba816c5', '6ae4331c-6fa9-499a-a742-610db8ead4cf', 0),
       ('9ebe29ed-8fba-4d70-b6ce-c64dcba816c5', '7c61663e-17e7-457a-bf15-77eef2f409d6', 0),
       ('9ebe29ed-8fba-4d70-b6ce-c64dcba816c5', '7d9ecbee-e599-4d75-abd2-09b57c5c6dff', 0),
       ('9ebe29ed-8fba-4d70-b6ce-c64dcba816c5', '7f51fca7-50c3-49c4-9d75-836a50538e01', 0),
       ('9ebe29ed-8fba-4d70-b6ce-c64dcba816c5', '85ad094b-328e-4d16-938d-dd31cd0f6259', 0),
       ('9ebe29ed-8fba-4d70-b6ce-c64dcba816c5', '9136b9bf-0734-4a59-b95e-53c9fc65206b', 0),
       ('9ebe29ed-8fba-4d70-b6ce-c64dcba816c5', '979fea1a-88c2-4ab0-97cd-3f368736f4b8', 0),
       ('9ebe29ed-8fba-4d70-b6ce-c64dcba816c5', 'a0d13ff1-c77a-49c9-bddd-64e21163e017', 0),
       ('9ebe29ed-8fba-4d70-b6ce-c64dcba816c5', 'a28bc298-309a-4874-b46a-78e4e86a5347', 0),
       ('9ebe29ed-8fba-4d70-b6ce-c64dcba816c5', 'a490de3c-5974-440b-9193-edeb9c030b9d', 0),
       ('9ebe29ed-8fba-4d70-b6ce-c64dcba816c5', 'a4af9fd3-2789-4a88-8c80-282cfd672a5f', 0),
       ('9ebe29ed-8fba-4d70-b6ce-c64dcba816c5', 'b2419e9f-82dd-4738-ae46-fe3e7b47e44c', 0),
       ('9ebe29ed-8fba-4d70-b6ce-c64dcba816c5', 'b690cdad-4edc-4c15-b3f4-c2483d4813d7', 0),
       ('9ebe29ed-8fba-4d70-b6ce-c64dcba816c5', 'bffb669e-3764-41ca-a143-640b84aa776f', 0),
       ('9ebe29ed-8fba-4d70-b6ce-c64dcba816c5', 'c20ea7c4-0c68-4952-90c3-2530497a1889', 0),
       ('9ebe29ed-8fba-4d70-b6ce-c64dcba816c5', 'c3eca215-d668-4caa-9928-c6fcfa1c8a23', 0),
       ('9ebe29ed-8fba-4d70-b6ce-c64dcba816c5', 'c7a2bc0d-1299-4e27-b0e9-2b0f314e4504', 0),
       ('9ebe29ed-8fba-4d70-b6ce-c64dcba816c5', 'cc4185a6-1af7-4251-bb6a-1602f234e91c', 0),
       ('9ebe29ed-8fba-4d70-b6ce-c64dcba816c5', 'ef796941-6379-4dd5-a419-ff61312ba40a', 0),
       ('9ebe29ed-8fba-4d70-b6ce-c64dcba816c5', 'f0f6e942-e050-41d2-aae2-df494fe3324c', 0),
       ('9ebe29ed-8fba-4d70-b6ce-c64dcba816c5', 'f3cdbf6f-a2ee-4b17-8862-4db61cb165b9', 0),
       ('9ebe29ed-8fba-4d70-b6ce-c64dcba816c5', 'fa85beb1-e7ef-449f-b159-5559d247392d', 0),
       ('9ebe29ed-8fba-4d70-b6ce-c64dcba816c5', 'fb453f99-2819-46fe-ac83-ea5c2bd9adb3', 0),
       ('d2b7c8e3-3981-4dc5-a7cf-2c80e91cb853', '041bd987-9e66-4ffd-9f96-1078327b3004', 0),
       ('d2b7c8e3-3981-4dc5-a7cf-2c80e91cb853', '1728428c-cc2c-4750-bb07-3be9a8e097ed', 0),
       ('d2b7c8e3-3981-4dc5-a7cf-2c80e91cb853', '2f4b0772-4208-4a74-a3f8-d86b5df0fe4a', 0),
       ('d2b7c8e3-3981-4dc5-a7cf-2c80e91cb853', '325bd358-c118-4fb9-82cf-eb2811c4d431', 0),
       ('d2b7c8e3-3981-4dc5-a7cf-2c80e91cb853', '4290bb36-9912-41d3-89c3-88c1b1191e40', 0),
       ('d2b7c8e3-3981-4dc5-a7cf-2c80e91cb853', '68e2e978-86f2-4b79-acb8-cd437ab3a573', 0),
       ('d2b7c8e3-3981-4dc5-a7cf-2c80e91cb853', '6ae4331c-6fa9-499a-a742-610db8ead4cf', 0),
       ('d2b7c8e3-3981-4dc5-a7cf-2c80e91cb853', '7d9ecbee-e599-4d75-abd2-09b57c5c6dff', 0),
       ('d2b7c8e3-3981-4dc5-a7cf-2c80e91cb853', '7f51fca7-50c3-49c4-9d75-836a50538e01', 0),
       ('d2b7c8e3-3981-4dc5-a7cf-2c80e91cb853', '82681b2e-a0a3-4376-8466-076eae33cf1b', 0),
       ('d2b7c8e3-3981-4dc5-a7cf-2c80e91cb853', '9136b9bf-0734-4a59-b95e-53c9fc65206b', 0),
       ('d2b7c8e3-3981-4dc5-a7cf-2c80e91cb853', 'a1cb6928-4f1a-4f38-a0d6-35d5dffd6b65', 0),
       ('d2b7c8e3-3981-4dc5-a7cf-2c80e91cb853', 'a490de3c-5974-440b-9193-edeb9c030b9d', 0),
       ('d2b7c8e3-3981-4dc5-a7cf-2c80e91cb853', 'a4af9fd3-2789-4a88-8c80-282cfd672a5f', 0),
       ('d2b7c8e3-3981-4dc5-a7cf-2c80e91cb853', 'a4b3f93b-d283-4bbd-b28d-5eed315544c8', 0),
       ('d2b7c8e3-3981-4dc5-a7cf-2c80e91cb853', 'b2419e9f-82dd-4738-ae46-fe3e7b47e44c', 0),
       ('d2b7c8e3-3981-4dc5-a7cf-2c80e91cb853', 'cc4185a6-1af7-4251-bb6a-1602f234e91c', 0),
       ('d2b7c8e3-3981-4dc5-a7cf-2c80e91cb853', 'e75b908b-6f31-471c-a4a7-2e6ed0517b6c', 0),
       ('d2b7c8e3-3981-4dc5-a7cf-2c80e91cb853', 'f0f6e942-e050-41d2-aae2-df494fe3324c', 0),
       ('d2b7c8e3-3981-4dc5-a7cf-2c80e91cb853', 'f9fcaf23-959f-47d0-b9f3-6f1464ca2b1b', 0),
       ('d2b7c8e3-3981-4dc5-a7cf-2c80e91cb853', 'fb453f99-2819-46fe-ac83-ea5c2bd9adb3', 0);
INSERT INTO `material`
VALUES ('a03094db-b817-40d5-8f55-3a1c99955b2b', '32b84114-c95e-4ee6-9d5d-599e1cbc06e9', '2022-10-20 08:30:41', NULL, 0,
        'Daily Quiz', '32b84114-c95e-4ee6-9d5d-599e1cbc06e9', '2022-10-23 16:53:12', 'https://kahoot.it/',
        'a4f7a8b7-6697-4f14-a7bd-230386cf0754'),
       ('a0f00100-d45c-43bb-8a06-72142ef2a3f0', 'ce994ec9-b4a2-4f03-83fe-37b62952c182', '2022-10-22 08:30:41', NULL, 0,
        'Training Schedule.pptx', '68bdc059-51d1-4287-ae7c-6010470d3312', '2022-10-20 08:30:41',
        'https://docs.google.com/presentation/d/1YBmDRsQD3RooV3Z7hV-ewLHfOrVsJ4mw/edit?usp=share_link&ouid=105192065088706620417&rtpof=true&sd=true',
        'ad653929-9ca6-4ee9-9979-230f3d34aff7'),
       ('a273f5d5-b15e-44c8-8d54-444cb31d010f', 'eefef8c4-9e8a-44f9-9bd7-b2654669fee6', '2022-10-20 08:30:41', NULL, 0,
        'Assignment_Day01.zip', '79e79294-2287-40ac-bd74-4c65acb83e0d', '2022-10-20 08:30:41', '',
        'adec4322-35ea-41b3-902b-99385e760b56'),
       ('a3b02f06-fdee-48db-8feb-66886c76ac9d', '32b84114-c95e-4ee6-9d5d-599e1cbc06e9', '2022-10-20 08:30:41', NULL, 0,
        'Daily Quiz', 'dbb52b61-3c56-4512-8508-9a9f74fd9fd2', '2022-10-20 08:30:41', 'https://kahoot.it/',
        'a0f96493-e450-42b9-aa7d-1f4089ca5faf'),
       ('a3e193f2-8d99-425d-9076-d8815924f87d', 'acf8ebd3-1cdc-492f-bede-4db1ead6da87', '2022-10-20 08:30:41', NULL, 0,
        'Lesson4.2_Working with WinForm.pptx', '006737ec-a384-44de-9716-74bd3a6a1158', '2022-10-25 10:12:54',
        'https://docs.google.com/presentation/d/184VChdQ8X-CsbKOz8QTsHbqbs5bRavYg/edit?usp=share_link&ouid=105192065088706620417&rtpof=true&sd=true',
        'acda12ed-44cb-4a1d-95f6-1c46272c89fb'),
       ('a438779b-c651-4cb6-90fb-1b6dea0cce49', '32b84114-c95e-4ee6-9d5d-599e1cbc06e9', '2022-10-20 08:30:41', NULL, 0,
        'Assignment_Day03.zip', 'eefef8c4-9e8a-44f9-9bd7-b2654669fee6', '2022-10-23 16:53:12', '',
        'a7a97c27-e191-46b2-bf51-8196c125d8c9'),
       ('a4698d2a-001e-4d5f-bbff-dfa9385361bf', 'eefef8c4-9e8a-44f9-9bd7-b2654669fee6', '2022-10-20 08:30:41', NULL, 0,
        'Lesson3_Exception Handling & Utility Classes.pptx', '01d817a2-5a50-11ed-9b6a-0242ac120002',
        '2022-10-23 16:53:12',
        'https://docs.google.com/presentation/d/1ouTsgLZ_SWM15zlZrY6C2XiupCsYz30g/edit?usp=share_link&ouid=105192065088706620417&rtpof=true&sd=true',
        'a67a1093-33d9-4e6f-ba98-e321950e6e5e'),
       ('a4db6b74-8266-4e41-9c42-e5b3756bf42e', '006737ec-a384-44de-9716-74bd3a6a1158', '2022-10-20 08:30:41', NULL, 0,
        'Lesson4.1_Working with Database.pptx', 'ce994ec9-b4a2-4f03-83fe-37b62952c182', '2022-10-25 10:12:54',
        'https://docs.google.com/presentation/d/17BmvOp3sn2LNVFFVlheMhbij6KdnFzVV/edit?usp=share_link&ouid=105192065088706620417&rtpof=true&sd=true',
        'a3dba29b-e397-4fb5-b98b-698c7673973c'),
       ('a52b414e-2464-45b1-a9dc-9fa79c96e397', '3022b7f2-84ee-4287-ab53-0dd884d9e47a', '2022-10-20 08:30:41', NULL, 0,
        'Daily Quiz', 'acf8ebd3-1cdc-492f-bede-4db1ead6da87', '2022-10-20 08:30:41', 'https://kahoot.it/',
        'a8866ebc-d0c8-4a96-8614-67c609643596'),
       ('a5e3c473-88e6-4d56-82f9-95dcf52ff301', 'dbb52b61-3c56-4512-8508-9a9f74fd9fd2', '2022-10-20 08:30:41', NULL, 0,
        'Lesson1_OOP in C#.pptx', '9cfe7658-8c3d-4fab-aa07-ce5802914180', '2022-10-20 08:30:41',
        'https://docs.google.com/presentation/d/1WifsA7tAkrVG7f8PggM9RGZMG8TX5zVy/edit?usp=share_link&ouid=105192065088706620417&rtpof=true&sd=true',
        'af5fc4a2-ef9c-47c2-9e95-2313a9231fbf'),
       ('a6c8cac8-5cb5-4a8a-86f5-81a39b021706', '79e79294-2287-40ac-bd74-4c65acb83e0d', '2022-10-20 08:30:41', NULL, 0,
        'Assignment_Day04.zip', 'dbb52b61-3c56-4512-8508-9a9f74fd9fd2', '2022-10-20 08:30:41', '',
        'a0d06395-d774-4c75-836c-cea4abe2a550'),
       ('ada648cf-8ac2-4822-bb58-cfbbf0c70567', 'd4c33086-3516-4512-9511-2c229d9836ce', '2022-10-20 08:30:41', NULL, 0,
        'Lesson2_Advanced C# Features.pptx', '79e79294-2287-40ac-bd74-4c65acb83e0d', '2022-10-25 10:12:54',
        'https://docs.google.com/presentation/d/1zqIISEeoquJ1RR9TZtYHf3r4tdTZ9cTF/edit?usp=share_link&ouid=105192065088706620417&rtpof=true&sd=true',
        'a050bd74-8161-4340-81e2-9e1fd40ed325'),
       ('adfd9280-6f1d-4000-bf5e-f1380f30d980', '68bdc059-51d1-4287-ae7c-6010470d3312', '2022-10-20 08:30:41', NULL, 0,
        'Assignment_Day02.zip', '01d817a2-5a50-11ed-9b6a-0242ac120002', '2022-10-23 16:53:12', '',
        'aca788e1-e8d8-4bf7-8395-7e9ec584c887'),
       ('b03094db-b817-40d5-8f55-3a1c99955b2b', '9cfe7658-8c3d-4fab-aa07-ce5802914180', '2022-10-20 08:30:41', NULL, 0,
        'Daily Quiz', 'ca7b5850-67e3-4db7-bbc3-b94afd38e256', '2022-10-23 16:53:12', 'https://kahoot.it/',
        'b4f7a8b7-6697-4f14-a7bd-230386cf0754'),
       ('b0f00100-d45c-43bb-8a06-72142ef2a3f0', '3022b7f2-84ee-4287-ab53-0dd884d9e47a', '2022-10-22 08:30:41', NULL, 0,
        'Training Schedule.pptx', '9cfe7658-8c3d-4fab-aa07-ce5802914180', '2022-10-20 08:30:41',
        'https://docs.google.com/presentation/d/1YBmDRsQD3RooV3Z7hV-ewLHfOrVsJ4mw/edit?usp=share_link&ouid=105192065088706620417&rtpof=true&sd=true',
        'bd653929-9ca6-4ee9-9979-230f3d34aff7'),
       ('b273f5d5-b15e-44c8-8d54-444cb31d010f', '3022b7f2-84ee-4287-ab53-0dd884d9e47a', '2022-10-20 08:30:41', NULL, 0,
        'Assignment_Day01.zip', 'ca7b5850-67e3-4db7-bbc3-b94afd38e256', '2022-10-20 08:30:41', '',
        'bdec4322-35ea-41b3-902b-99385e760b56'),
       ('b3b02f06-fdee-48db-8feb-66886c76ac9d', 'ce994ec9-b4a2-4f03-83fe-37b62952c182', '2022-10-20 08:30:41', NULL, 0,
        'Daily Quiz', '8df34829-00f5-4760-ae4b-2efc9f1e6157', '2022-10-20 08:30:41', 'https://kahoot.it/',
        'b0f96493-e450-42b9-aa7d-1f4089ca5faf'),
       ('b3e193f2-8d99-425d-9076-d8815924f87d', 'ca7b5850-67e3-4db7-bbc3-b94afd38e256', '2022-10-20 08:30:41', NULL, 0,
        'Lesson4.2_Working with Mobile.pptx', '32b84114-c95e-4ee6-9d5d-599e1cbc06e9', '2022-10-25 10:12:54',
        'https://docs.google.com/presentation/d/184VChdQ8X-CsbKOz8QTsHbqbs5bRavYg/edit?usp=share_link&ouid=105192065088706620417&rtpof=true&sd=true',
        'bcda12ed-44cb-4a1d-95f6-1c46272c89fb'),
       ('b438779b-c651-4cb6-90fb-1b6dea0cce49', 'ce994ec9-b4a2-4f03-83fe-37b62952c182', '2022-10-20 08:30:41', NULL, 0,
        'Assignment_Day03.zip', '3022b7f2-84ee-4287-ab53-0dd884d9e47a', '2022-10-23 16:53:12', '',
        'b7a97c27-e191-46b2-bf51-8196c125d8c9'),
       ('b4698d2a-001e-4d5f-bbff-dfa9385361bf', 'd4c33086-3516-4512-9511-2c229d9836ce', '2022-10-20 08:30:41', NULL, 0,
        'Lesson3_Exception Handling & Utility Classes.pptx', '6ff5e1c0-5516-4695-91a0-02fc6c055beb',
        '2022-10-23 16:53:12',
        'https://docs.google.com/presentation/d/1ouTsgLZ_SWM15zlZrY6C2XiupCsYz30g/edit?usp=share_link&ouid=105192065088706620417&rtpof=true&sd=true',
        'b67a1093-33d9-4e6f-ba98-e321950e6e5e'),
       ('b4db6b74-8266-4e41-9c42-e5b3756bf42e', 'eefef8c4-9e8a-44f9-9bd7-b2654669fee6', '2022-10-20 08:30:41', NULL, 0,
        'Lesson4.1_Working with Database.pptx', '3022b7f2-84ee-4287-ab53-0dd884d9e47a', '2022-10-25 10:12:54',
        'https://docs.google.com/presentation/d/17BmvOp3sn2LNVFFVlheMhbij6KdnFzVV/edit?usp=share_link&ouid=105192065088706620417&rtpof=true&sd=true',
        'b3dba29b-e397-4fb5-b98b-698c7673973c'),
       ('b52b414e-2464-45b1-a9dc-9fa79c96e397', '9cfe7658-8c3d-4fab-aa07-ce5802914180', '2022-10-20 08:30:41', NULL, 0,
        'Daily Quiz', '006737ec-a384-44de-9716-74bd3a6a1158', '2022-10-20 08:30:41', 'https://kahoot.it/',
        'b8866ebc-d0c8-4a96-8614-67c609643596'),
       ('b5e3c473-88e6-4d56-82f9-95dcf52ff301', '6ff5e1c0-5516-4695-91a0-02fc6c055beb', '2022-10-20 08:30:41', NULL, 0,
        'Lesson1_OOP in Java.pptx', 'dbb52b61-3c56-4512-8508-9a9f74fd9fd2', '2022-10-20 08:30:41',
        'https://docs.google.com/presentation/d/1WifsA7tAkrVG7f8PggM9RGZMG8TX5zVy/edit?usp=share_link&ouid=105192065088706620417&rtpof=true&sd=true',
        'bf5fc4a2-ef9c-47c2-9e95-2313a9231fbf'),
       ('b6c8cac8-5cb5-4a8a-86f5-81a39b021706', 'ce994ec9-b4a2-4f03-83fe-37b62952c182', '2022-10-20 08:30:41', NULL, 0,
        'Assignment_Day04.zip', '68bdc059-51d1-4287-ae7c-6010470d3312', '2022-10-20 08:30:41', '',
        'b0d06395-d774-4c75-836c-cea4abe2a550'),
       ('bda648cf-8ac2-4822-bb58-cfbbf0c70567', '32b84114-c95e-4ee6-9d5d-599e1cbc06e9', '2022-10-20 08:30:41', NULL, 0,
        'Lesson2_Advanced Java Features.pptx', 'd4c33086-3516-4512-9511-2c229d9836ce', '2022-10-25 10:12:54',
        'https://docs.google.com/presentation/d/1zqIISEeoquJ1RR9TZtYHf3r4tdTZ9cTF/edit?usp=share_link&ouid=105192065088706620417&rtpof=true&sd=true',
        'b050bd74-8161-4340-81e2-9e1fd40ed325'),
       ('bdfd9280-6f1d-4000-bf5e-f1380f30d980', '9cfe7658-8c3d-4fab-aa07-ce5802914180', '2022-10-20 08:30:41', NULL, 0,
        'Assignment_Day02.zip', '006737ec-a384-44de-9716-74bd3a6a1158', '2022-10-23 16:53:12', '',
        'bca788e1-e8d8-4bf7-8395-7e9ec584c887'),
       ('c03094db-b817-40d5-8f55-3a1c99955b2b', 'acf8ebd3-1cdc-492f-bede-4db1ead6da87', '2022-10-20 08:30:41', NULL, 0,
        'Daily Quiz', 'dbb52b61-3c56-4512-8508-9a9f74fd9fd2', '2022-10-23 16:53:12', 'https://kahoot.it/',
        'c4f7a8b7-6697-4f14-a7bd-230386cf0754'),
       ('c0f00100-d45c-43bb-8a06-72142ef2a3f0', 'd4c33086-3516-4512-9511-2c229d9836ce', '2022-10-22 08:30:41', NULL, 0,
        'Training Schedule.pptx', '79e79294-2287-40ac-bd74-4c65acb83e0d', '2022-10-20 08:30:41',
        'https://docs.google.com/presentation/d/1YBmDRsQD3RooV3Z7hV-ewLHfOrVsJ4mw/edit?usp=share_link&ouid=105192065088706620417&rtpof=true&sd=true',
        'cd653929-9ca6-4ee9-9979-230f3d34aff7'),
       ('c273f5d5-b15e-44c8-8d54-444cb31d010f', 'acf8ebd3-1cdc-492f-bede-4db1ead6da87', '2022-10-20 08:30:41', NULL, 0,
        'Assignment_Day01.zip', '01d817a2-5a50-11ed-9b6a-0242ac120002', '2022-10-20 08:30:41', '',
        'cdec4322-35ea-41b3-902b-99385e760b56'),
       ('c3b02f06-fdee-48db-8feb-66886c76ac9d', 'acf8ebd3-1cdc-492f-bede-4db1ead6da87', '2022-10-20 08:30:41', NULL, 0,
        'Daily Quiz', '9cfe7658-8c3d-4fab-aa07-ce5802914180', '2022-10-20 08:30:41', 'https://kahoot.it/',
        'c0f96493-e450-42b9-aa7d-1f4089ca5faf'),
       ('c3e193f2-8d99-425d-9076-d8815924f87d', 'dbb52b61-3c56-4512-8508-9a9f74fd9fd2', '2022-10-20 08:30:41', NULL, 0,
        'Lesson4.2_Working with AI.pptx', 'dbb52b61-3c56-4512-8508-9a9f74fd9fd2', '2022-10-25 10:12:54',
        'https://docs.google.com/presentation/d/184VChdQ8X-CsbKOz8QTsHbqbs5bRavYg/edit?usp=share_link&ouid=105192065088706620417&rtpof=true&sd=true',
        'ccda12ed-44cb-4a1d-95f6-1c46272c89fb'),
       ('c438779b-c651-4cb6-90fb-1b6dea0cce49', '3022b7f2-84ee-4287-ab53-0dd884d9e47a', '2022-10-20 08:30:41', NULL, 0,
        'Assignment_Day03.zip', '79e79294-2287-40ac-bd74-4c65acb83e0d', '2022-10-23 16:53:12', '',
        'c7a97c27-e191-46b2-bf51-8196c125d8c9'),
       ('c4698d2a-001e-4d5f-bbff-dfa9385361bf', 'dbb52b61-3c56-4512-8508-9a9f74fd9fd2', '2022-10-20 08:30:41', NULL, 0,
        'Lesson3_Exception Handling & Utility Classes.pptx', '006737ec-a384-44de-9716-74bd3a6a1158',
        '2022-10-23 16:53:12',
        'https://docs.google.com/presentation/d/1ouTsgLZ_SWM15zlZrY6C2XiupCsYz30g/edit?usp=share_link&ouid=105192065088706620417&rtpof=true&sd=true',
        'c67a1093-33d9-4e6f-ba98-e321950e6e5e'),
       ('c4db6b74-8266-4e41-9c42-e5b3756bf42e', 'ca7b5850-67e3-4db7-bbc3-b94afd38e256', '2022-10-20 08:30:41', NULL, 0,
        'Lesson4.1_Working with Database.pptx', '01d817a2-5a50-11ed-9b6a-0242ac120002', '2022-10-25 10:12:54',
        'https://docs.google.com/presentation/d/17BmvOp3sn2LNVFFVlheMhbij6KdnFzVV/edit?usp=share_link&ouid=105192065088706620417&rtpof=true&sd=true',
        'c3dba29b-e397-4fb5-b98b-698c7673973c'),
       ('c52b414e-2464-45b1-a9dc-9fa79c96e397', 'd4c33086-3516-4512-9511-2c229d9836ce', '2022-10-20 08:30:41', NULL, 0,
        'Daily Quiz', 'eefef8c4-9e8a-44f9-9bd7-b2654669fee6', '2022-10-20 08:30:41', 'https://kahoot.it/',
        'c8866ebc-d0c8-4a96-8614-67c609643596'),
       ('c5e3c473-88e6-4d56-82f9-95dcf52ff301', '68bdc059-51d1-4287-ae7c-6010470d3312', '2022-10-20 08:30:41', NULL, 0,
        'Lesson1_OOP in Python.pptx', 'acf8ebd3-1cdc-492f-bede-4db1ead6da87', '2022-10-20 08:30:41',
        'https://docs.google.com/presentation/d/1WifsA7tAkrVG7f8PggM9RGZMG8TX5zVy/edit?usp=share_link&ouid=105192065088706620417&rtpof=true&sd=true',
        'cf5fc4a2-ef9c-47c2-9e95-2313a9231fbf'),
       ('c6c8cac8-5cb5-4a8a-86f5-81a39b021706', '32b84114-c95e-4ee6-9d5d-599e1cbc06e9', '2022-10-20 08:30:41', NULL, 0,
        'Assignment_Day04.zip', 'dbb52b61-3c56-4512-8508-9a9f74fd9fd2', '2022-10-20 08:30:41', '',
        'c0d06395-d774-4c75-836c-cea4abe2a550'),
       ('cda648cf-8ac2-4822-bb58-cfbbf0c70567', '8df34829-00f5-4760-ae4b-2efc9f1e6157', '2022-10-20 08:30:41', NULL, 0,
        'Lesson2_Advanced Python Features.pptx', '79e79294-2287-40ac-bd74-4c65acb83e0d', '2022-10-25 10:12:54',
        'https://docs.google.com/presentation/d/1zqIISEeoquJ1RR9TZtYHf3r4tdTZ9cTF/edit?usp=share_link&ouid=105192065088706620417&rtpof=true&sd=true',
        'c050bd74-8161-4340-81e2-9e1fd40ed325'),
       ('cdfd9280-6f1d-4000-bf5e-f1380f30d980', '6ff5e1c0-5516-4695-91a0-02fc6c055beb', '2022-10-20 08:30:41', NULL, 0,
        'Assignment_Day02.zip', 'eefef8c4-9e8a-44f9-9bd7-b2654669fee6', '2022-10-23 16:53:12', '',
        'cca788e1-e8d8-4bf7-8395-7e9ec584c887'),
       ('d03094db-b817-40d5-8f55-3a1c99955b2b', 'ca7b5850-67e3-4db7-bbc3-b94afd38e256', '2022-10-20 08:30:41', NULL, 0,
        'Daily Quiz', '6ff5e1c0-5516-4695-91a0-02fc6c055beb', '2022-10-23 16:53:12', 'https://kahoot.it/',
        'd4f7a8b7-6697-4f14-a7bd-230386cf0754'),
       ('d0f00100-d45c-43bb-8a06-72142ef2a3f0', '6ff5e1c0-5516-4695-91a0-02fc6c055beb', '2022-10-22 08:30:41', NULL, 0,
        'Training Schedule.pptx', '68bdc059-51d1-4287-ae7c-6010470d3312', '2022-10-20 08:30:41',
        'https://docs.google.com/presentation/d/1YBmDRsQD3RooV3Z7hV-ewLHfOrVsJ4mw/edit?usp=share_link&ouid=105192065088706620417&rtpof=true&sd=true',
        'dd653929-9ca6-4ee9-9979-230f3d34aff7'),
       ('d273f5d5-b15e-44c8-8d54-444cb31d010f', '9cfe7658-8c3d-4fab-aa07-ce5802914180', '2022-10-20 08:30:41', NULL, 0,
        'Assignment_Day01.zip', '01d817a2-5a50-11ed-9b6a-0242ac120002', '2022-10-20 08:30:41', '',
        'ddec4322-35ea-41b3-902b-99385e760b56'),
       ('d3b02f06-fdee-48db-8feb-66886c76ac9d', '32b84114-c95e-4ee6-9d5d-599e1cbc06e9', '2022-10-20 08:30:41', NULL, 0,
        'Daily Quiz', '79e79294-2287-40ac-bd74-4c65acb83e0d', '2022-10-20 08:30:41', 'https://kahoot.it/',
        'd0f96493-e450-42b9-aa7d-1f4089ca5faf'),
       ('d3e193f2-8d99-425d-9076-d8815924f87d', 'ca7b5850-67e3-4db7-bbc3-b94afd38e256', '2022-10-20 08:30:41', NULL, 0,
        'Lesson4.2_Working with Mobile.pptx', 'd4c33086-3516-4512-9511-2c229d9836ce', '2022-10-25 10:12:54',
        'https://docs.google.com/presentation/d/184VChdQ8X-CsbKOz8QTsHbqbs5bRavYg/edit?usp=share_link&ouid=105192065088706620417&rtpof=true&sd=true',
        'dcda12ed-44cb-4a1d-95f6-1c46272c89fb'),
       ('d438779b-c651-4cb6-90fb-1b6dea0cce49', '32b84114-c95e-4ee6-9d5d-599e1cbc06e9', '2022-10-20 08:30:41', NULL, 0,
        'Assignment_Day03.zip', '01d817a2-5a50-11ed-9b6a-0242ac120002', '2022-10-23 16:53:12', '',
        'd7a97c27-e191-46b2-bf51-8196c125d8c9'),
       ('d4698d2a-001e-4d5f-bbff-dfa9385361bf', 'acf8ebd3-1cdc-492f-bede-4db1ead6da87', '2022-10-20 08:30:41', NULL, 0,
        'Lesson3_Exception Handling & Utility Classes.pptx', '8df34829-00f5-4760-ae4b-2efc9f1e6157',
        '2022-10-23 16:53:12',
        'https://docs.google.com/presentation/d/1ouTsgLZ_SWM15zlZrY6C2XiupCsYz30g/edit?usp=share_link&ouid=105192065088706620417&rtpof=true&sd=true',
        'd67a1093-33d9-4e6f-ba98-e321950e6e5e'),
       ('d4db6b74-8266-4e41-9c42-e5b3756bf42e', 'acf8ebd3-1cdc-492f-bede-4db1ead6da87', '2022-10-20 08:30:41', NULL, 0,
        'Lesson4.1_Working with Database.pptx', '9cfe7658-8c3d-4fab-aa07-ce5802914180', '2022-10-25 10:12:54',
        'https://docs.google.com/presentation/d/17BmvOp3sn2LNVFFVlheMhbij6KdnFzVV/edit?usp=share_link&ouid=105192065088706620417&rtpof=true&sd=true',
        'd3dba29b-e397-4fb5-b98b-698c7673973c'),
       ('d52b414e-2464-45b1-a9dc-9fa79c96e397', '01d817a2-5a50-11ed-9b6a-0242ac120002', '2022-10-20 08:30:41', NULL, 0,
        'Daily Quiz', '006737ec-a384-44de-9716-74bd3a6a1158', '2022-10-20 08:30:41', 'https://kahoot.it/',
        'd8866ebc-d0c8-4a96-8614-67c609643596'),
       ('d5e3c473-88e6-4d56-82f9-95dcf52ff301', 'd4c33086-3516-4512-9511-2c229d9836ce', '2022-10-20 08:30:41', NULL, 0,
        'Lesson1_OOP in NodeJS.pptx', '01d817a2-5a50-11ed-9b6a-0242ac120002', '2022-10-20 08:30:41',
        'https://docs.google.com/presentation/d/1WifsA7tAkrVG7f8PggM9RGZMG8TX5zVy/edit?usp=share_link&ouid=105192065088706620417&rtpof=true&sd=true',
        'df5fc4a2-ef9c-47c2-9e95-2313a9231fbf'),
       ('d6c8cac8-5cb5-4a8a-86f5-81a39b021706', '68bdc059-51d1-4287-ae7c-6010470d3312', '2022-10-20 08:30:41', NULL, 0,
        'Assignment_Day04.zip', '68bdc059-51d1-4287-ae7c-6010470d3312', '2022-10-20 08:30:41', '',
        'd0d06395-d774-4c75-836c-cea4abe2a550'),
       ('dda648cf-8ac2-4822-bb58-cfbbf0c70567', '9cfe7658-8c3d-4fab-aa07-ce5802914180', '2022-10-20 08:30:41', NULL, 0,
        'Lesson2_Advanced NodeJS Features.pptx', 'dbb52b61-3c56-4512-8508-9a9f74fd9fd2', '2022-10-25 10:12:54',
        'https://docs.google.com/presentation/d/1zqIISEeoquJ1RR9TZtYHf3r4tdTZ9cTF/edit?usp=share_link&ouid=105192065088706620417&rtpof=true&sd=true',
        'd050bd74-8161-4340-81e2-9e1fd40ed325'),
       ('ddfd9280-6f1d-4000-bf5e-f1380f30d980', '01d817a2-5a50-11ed-9b6a-0242ac120002', '2022-10-20 08:30:41', NULL, 0,
        'Assignment_Day02.zip', 'ce994ec9-b4a2-4f03-83fe-37b62952c182', '2022-10-23 16:53:12', '',
        'dca788e1-e8d8-4bf7-8395-7e9ec584c887'),
       ('e03094db-b817-40d5-8f55-3a1c99955b2b', '9cfe7658-8c3d-4fab-aa07-ce5802914180', '2022-10-20 08:30:41', NULL, 0,
        'Daily Quiz', '3022b7f2-84ee-4287-ab53-0dd884d9e47a', '2022-10-23 16:53:12', 'https://kahoot.it/',
        'e4f7a8b7-6697-4f14-a7bd-230386cf0754'),
       ('e0f00100-d45c-43bb-8a06-72142ef2a3f0', '6ff5e1c0-5516-4695-91a0-02fc6c055beb', '2022-10-22 08:30:41', NULL, 0,
        'Training Schedule.pptx', '006737ec-a384-44de-9716-74bd3a6a1158', '2022-10-20 08:30:41',
        'https://docs.google.com/presentation/d/1YBmDRsQD3RooV3Z7hV-ewLHfOrVsJ4mw/edit?usp=share_link&ouid=105192065088706620417&rtpof=true&sd=true',
        'ed653929-9ca6-4ee9-9979-230f3d34aff7'),
       ('e273f5d5-b15e-44c8-8d54-444cb31d010f', '68bdc059-51d1-4287-ae7c-6010470d3312', '2022-10-20 08:30:41', NULL, 0,
        'Assignment_Day01.zip', '3022b7f2-84ee-4287-ab53-0dd884d9e47a', '2022-10-20 08:30:41', '',
        'edec4322-35ea-41b3-902b-99385e760b56'),
       ('e3b02f06-fdee-48db-8feb-66886c76ac9d', 'dbb52b61-3c56-4512-8508-9a9f74fd9fd2', '2022-10-20 08:30:41', NULL, 0,
        'Daily Quiz', '6ff5e1c0-5516-4695-91a0-02fc6c055beb', '2022-10-20 08:30:41', 'https://kahoot.it/',
        'e0f96493-e450-42b9-aa7d-1f4089ca5faf'),
       ('e3e193f2-8d99-425d-9076-d8815924f87d', 'dbb52b61-3c56-4512-8508-9a9f74fd9fd2', '2022-10-20 08:30:41', NULL, 0,
        'Lesson4.2_Working with Mobile.pptx', 'eefef8c4-9e8a-44f9-9bd7-b2654669fee6', '2022-10-25 10:12:54',
        'https://docs.google.com/presentation/d/184VChdQ8X-CsbKOz8QTsHbqbs5bRavYg/edit?usp=share_link&ouid=105192065088706620417&rtpof=true&sd=true',
        'ecda12ed-44cb-4a1d-95f6-1c46272c89fb'),
       ('e438779b-c651-4cb6-90fb-1b6dea0cce49', '32b84114-c95e-4ee6-9d5d-599e1cbc06e9', '2022-10-20 08:30:41', NULL, 0,
        'Assignment_Day03.zip', '68bdc059-51d1-4287-ae7c-6010470d3312', '2022-10-23 16:53:12', '',
        'e7a97c27-e191-46b2-bf51-8196c125d8c9'),
       ('e4698d2a-001e-4d5f-bbff-dfa9385361bf', '006737ec-a384-44de-9716-74bd3a6a1158', '2022-10-20 08:30:41', NULL, 0,
        'Lesson3_Exception Handling & Utility Classes.pptx', 'ce994ec9-b4a2-4f03-83fe-37b62952c182',
        '2022-10-23 16:53:12',
        'https://docs.google.com/presentation/d/1ouTsgLZ_SWM15zlZrY6C2XiupCsYz30g/edit?usp=share_link&ouid=105192065088706620417&rtpof=true&sd=true',
        'e67a1093-33d9-4e6f-ba98-e321950e6e5e'),
       ('e4db6b74-8266-4e41-9c42-e5b3756bf42e', '79e79294-2287-40ac-bd74-4c65acb83e0d', '2022-10-20 08:30:41', NULL, 0,
        'Lesson4.1_Working with Database.pptx', '8df34829-00f5-4760-ae4b-2efc9f1e6157', '2022-10-25 10:12:54',
        'https://docs.google.com/presentation/d/17BmvOp3sn2LNVFFVlheMhbij6KdnFzVV/edit?usp=share_link&ouid=105192065088706620417&rtpof=true&sd=true',
        'e3dba29b-e397-4fb5-b98b-698c7673973c'),
       ('e52b414e-2464-45b1-a9dc-9fa79c96e397', '9cfe7658-8c3d-4fab-aa07-ce5802914180', '2022-10-20 08:30:41', NULL, 0,
        'Daily Quiz', 'ca7b5850-67e3-4db7-bbc3-b94afd38e256', '2022-10-20 08:30:41', 'https://kahoot.it/',
        'e8866ebc-d0c8-4a96-8614-67c609643596'),
       ('e5e3c473-88e6-4d56-82f9-95dcf52ff301', 'dbb52b61-3c56-4512-8508-9a9f74fd9fd2', '2022-10-20 08:30:41', NULL, 0,
        'Lesson1_OOP in Javascript.pptx', '9cfe7658-8c3d-4fab-aa07-ce5802914180', '2022-10-20 08:30:41',
        'https://docs.google.com/presentation/d/1WifsA7tAkrVG7f8PggM9RGZMG8TX5zVy/edit?usp=share_link&ouid=105192065088706620417&rtpof=true&sd=true',
        'ef5fc4a2-ef9c-47c2-9e95-2313a9231fbf'),
       ('e6c8cac8-5cb5-4a8a-86f5-81a39b021706', 'd4c33086-3516-4512-9511-2c229d9836ce', '2022-10-20 08:30:41', NULL, 0,
        'Assignment_Day04.zip', '6ff5e1c0-5516-4695-91a0-02fc6c055beb', '2022-10-20 08:30:41', '',
        'e0d06395-d774-4c75-836c-cea4abe2a550'),
       ('eda648cf-8ac2-4822-bb58-cfbbf0c70567', '32b84114-c95e-4ee6-9d5d-599e1cbc06e9', '2022-10-20 08:30:41', NULL, 0,
        'Lesson2_Advanced Javascript Features.pptx', 'd4c33086-3516-4512-9511-2c229d9836ce', '2022-10-25 10:12:54',
        'https://docs.google.com/presentation/d/1zqIISEeoquJ1RR9TZtYHf3r4tdTZ9cTF/edit?usp=share_link&ouid=105192065088706620417&rtpof=true&sd=true',
        'e050bd74-8161-4340-81e2-9e1fd40ed325'),
       ('edfd9280-6f1d-4000-bf5e-f1380f30d980', 'dbb52b61-3c56-4512-8508-9a9f74fd9fd2', '2022-10-20 08:30:41', NULL, 0,
        'Assignment_Day02.zip', '9cfe7658-8c3d-4fab-aa07-ce5802914180', '2022-10-23 16:53:12', '',
        'eca788e1-e8d8-4bf7-8395-7e9ec584c887');

INSERT INTO `assessment_scheme`
VALUES ('a00036a4-f6d2-4b9c-a93a-157bb226e1e6', 0.15, 0, 0.7, 0.6, 0.4, 0.7, 0.15,
        '239be19f-72ee-4def-950c-cfb7ff306066')
     , ('b00036a4-f6d2-4b9c-a93a-157bb226e1e6', 0.15, 0, 0.7, 0.6, 0.4, 0.7, 0.15,
        '5d2a9b26-29d0-447d-991f-308a0fa15dd6')
     , ('c00036a4-f6d2-4b9c-a93a-157bb226e1e6', 0.15, 0, 0.7, 0.6, 0.4, 0.7, 0.15,
        '954e8ca1-68e6-4c3b-b297-cca5818e433b')
     , ('d00036a4-f6d2-4b9c-a93a-157bb226e1e6', 0.15, 0, 0.7, 0.6, 0.4, 0.7, 0.15,
        '9ebe29ed-8fba-4d70-b6ce-c64dcba816c5')
     , ('e00036a4-f6d2-4b9c-a93a-157bb226e1e6', 0.15, 0, 0.7, 0.6, 0.4, 0.7, 0.15,
        'd2b7c8e3-3981-4dc5-a7cf-2c80e91cb853');